fuel_group,vehicle_count,pct
ELECTRIC,52381,0.024048533218984848
GAS_AND_DIESEL,2125756,0.9759514667810152
