Energy_Rating,count,proportion
A,7206,0.29215487532941414
B,4798,0.194526657206568
C,3876,0.1571457530914251
D,8785,0.35617271437259274
