{
"type": "FeatureCollection",
"name": "ev_fleet_station_network",
"crs": { "type": "name", "properties": { "name": "urn:ogc:def:crs:OGC:1.3:CRS84" } },
"features": [
{ "type": "Feature", "properties": { "agency": "ACS", "street": "2554 Linden Blvd", "station_name": "NYC FLEET / ACS_LINDEN_1_L3", "borough": "Brooklyn", "community_district": 305, "type_of_charger": "Level 3 Fast Charger" }, "geometry": { "type": "Point", "coordinates": [ -73.869949, 40.668034 ] } },
{ "type": "Feature", "properties": { "agency": "ACS", "street": "2554 Linden Blvd", "station_name": "NYC FLEET / ACS_LINDEN_2_L3", "borough": "Brooklyn", "community_district": 305, "type_of_charger": "Level 3 Fast Charger" }, "geometry": { "type": "Point", "coordinates": [ -73.869949, 40.668034 ] } },
{ "type": "Feature", "properties": { "agency": "ACS", "street": "2554 Linden Blvd", "station_name": "NYC FLEET / ACS_LINDEN-1", "borough": "Brooklyn", "community_district": 305, "type_of_charger": "Level 2 Charger" }, "geometry": { "type": "Point", "coordinates": [ -73.869949, 40.668034 ] } },
{ "type": "Feature", "properties": { "agency": "ACS", "street": "350 St Marks Pl", "station_name": "NYC FLEET / ACSSTMARKSPL1", "borough": "Staten Island", "community_district": 501, "type_of_charger": "Level 2 Charger" }, "geometry": { "type": "Point", "coordinates": [ -74.077697, 40.640708 ] } },
{ "type": "Feature", "properties": { "agency": "CITYHALL", "street": "New York City Hall", "station_name": "NYC FLEET / CITYHALL EAST", "borough": "Manhattan", "community_district": 101, "type_of_charger": "Level 2 Charger" }, "geometry": { "type": "Point", "coordinates": [ -74.006096, 40.712806 ] } },
{ "type": "Feature", "properties": { "agency": "CITYHALL", "street": "New York City Hall", "station_name": "NYC FLEET / CITYHALL WEST", "borough": "Manhattan", "community_district": 101, "type_of_charger": "Level 2 Charger" }, "geometry": { "type": "Point", "coordinates": [ -74.006096, 40.712806 ] } },
{ "type": "Feature", "properties": { "agency": "DCAS", "street": "1 Centre St", "station_name": "NYC FLEET / DCAS_1CENTRE-S1", "borough": "Manhattan", "community_district": 101, "type_of_charger": "EV Solar Arc Charger" }, "geometry": { "type": "Point", "coordinates": [ -74.004181, 40.713001 ] } },
{ "type": "Feature", "properties": { "agency": "DCAS", "street": "1 Centre St", "station_name": "NYC FLEET / DCAS_1CNTR_1_L3", "borough": "Manhattan", "community_district": 101, "type_of_charger": "Level 3 Fast Charger" }, "geometry": { "type": "Point", "coordinates": [ -74.004181, 40.713001 ] } },
{ "type": "Feature", "properties": { "agency": "DCAS", "street": "1 Centre St", "station_name": "NYC FLEET / DCAS_1CNTR_2_L3", "borough": "Manhattan", "community_district": 101, "type_of_charger": "Level 3 Fast Charger" }, "geometry": { "type": "Point", "coordinates": [ -74.004181, 40.713001 ] } },
{ "type": "Feature", "properties": { "agency": "DCAS", "street": "2 Navy St", "station_name": "NYC FLEET / DCAS_BKNVY_1_L3", "borough": "Brooklyn", "community_district": 302, "type_of_charger": "Level 3 Fast Charger" }, "geometry": { "type": "Point", "coordinates": [ -73.98042, 40.70061 ] } },
{ "type": "Feature", "properties": { "agency": "DCAS", "street": "6626 Metropolitan Avenue", "station_name": "NYC FLEET / DCAS_CSHLD_1_L3", "borough": "Queens", "community_district": 405, "type_of_charger": "Level 3 Fast Charger" }, "geometry": { "type": "Point", "coordinates": [ -73.892143, 40.712377 ] } },
{ "type": "Feature", "properties": { "agency": "DCAS", "street": "6626 Metropolitan Avenue", "station_name": "NYC FLEET / DCAS_CSHLD_2_L3", "borough": "Queens", "community_district": 405, "type_of_charger": "Level 3 Fast Charger" }, "geometry": { "type": "Point", "coordinates": [ -73.892143, 40.712377 ] } },
{ "type": "Feature", "properties": { "agency": "DCAS", "street": "66-26 Metropolitan Avenue", "station_name": "NYC FLEET / DCAS_CSHLD_3_L3", "borough": "Queens", "community_district": 405, "type_of_charger": "Level 3 Fast Charger" }, "geometry": { "type": "Point", "coordinates": [ -73.892143, 40.712377 ] } },
{ "type": "Feature", "properties": { "agency": "DCAS", "street": "390 Kent Ave", "station_name": "NYC FLEET / DCAS_KENTAVE1", "borough": "Brooklyn", "community_district": 301, "type_of_charger": "Level 2 Charger" }, "geometry": { "type": "Point", "coordinates": [ -73.968348, 40.711246 ] } },
{ "type": "Feature", "properties": { "agency": "DCAS", "street": "390 Kent Ave", "station_name": "NYC FLEET / DCAS_KENTAVE2", "borough": "Brooklyn", "community_district": 301, "type_of_charger": "Level 2 Charger" }, "geometry": { "type": "Point", "coordinates": [ -73.968348, 40.711246 ] } },
{ "type": "Feature", "properties": { "agency": "DCAS", "street": "390 Kent Ave", "station_name": "NYC FLEET / DCAS_KENTAVE3", "borough": "Brooklyn", "community_district": 301, "type_of_charger": "Level 2 Charger" }, "geometry": { "type": "Point", "coordinates": [ -73.968348, 40.711246 ] } },
{ "type": "Feature", "properties": { "agency": "DCAS", "street": "390 Kent Ave", "station_name": "NYC FLEET / DCAS_KENTAVE4", "borough": "Brooklyn", "community_district": 301, "type_of_charger": "Level 2 Charger" }, "geometry": { "type": "Point", "coordinates": [ -73.968348, 40.711246 ] } },
{ "type": "Feature", "properties": { "agency": "DCAS", "street": "390 Kent Ave", "station_name": "NYC FLEET / DCAS_KNTAV_1_L3", "borough": "Brooklyn", "community_district": 301, "type_of_charger": "Level 3 Fast Charger" }, "geometry": { "type": "Point", "coordinates": [ -73.968348, 40.711246 ] } },
{ "type": "Feature", "properties": { "agency": "DCAS", "street": "390 Kent Ave", "station_name": "NYC FLEET / DCAS_KNTAV_2_L3", "borough": "Brooklyn", "community_district": 301, "type_of_charger": "Level 3 Fast Charger" }, "geometry": { "type": "Point", "coordinates": [ -73.968348, 40.711246 ] } },
{ "type": "Feature", "properties": { "agency": "DCAS", "street": "350 Marconi Street", "station_name": "NYC FLEET / DCAS_PSAC2_1_L3", "borough": "Bronx", "community_district": 211, "type_of_charger": "Level 3 Fast Charger" }, "geometry": { "type": "Point", "coordinates": [ -73.839048, 40.853529 ] } },
{ "type": "Feature", "properties": { "agency": "DCAS", "street": "350 Marconi Street", "station_name": "NYC FLEET / DCAS_PSAC2_2_L3", "borough": "Bronx", "community_district": 211, "type_of_charger": "Level 3 Fast Charger" }, "geometry": { "type": "Point", "coordinates": [ -73.839048, 40.853529 ] } },
{ "type": "Feature", "properties": { "agency": "DCAS", "street": "350 Marconi Street", "station_name": "NYC FLEET / DCAS_PSAC2_3_L3", "borough": "Bronx", "community_district": 211, "type_of_charger": "Level 3 Fast Charger" }, "geometry": { "type": "Point", "coordinates": [ -73.839048, 40.853529 ] } },
{ "type": "Feature", "properties": { "agency": "DCAS", "street": "350 Marconi St", "station_name": "NYC FLEET / DCAS_PSAC2_4_L3", "borough": "Bronx", "community_district": 211, "type_of_charger": "Level 3 Fast Charger" }, "geometry": { "type": "Point", "coordinates": [ -73.839048, 40.853529 ] } },
{ "type": "Feature", "properties": { "agency": "DCAS", "street": "120-55 Queens Blvd", "station_name": "NYC FLEET / DCAS_QBH_4_L3", "borough": "Queens", "community_district": 409, "type_of_charger": "Level 3 Fast Charger" }, "geometry": { "type": "Point", "coordinates": [ -73.828601, 40.713329 ] } },
{ "type": "Feature", "properties": { "agency": "DCAS", "street": "100 Gold St", "station_name": "NYC FLEET / DCAS100GLD_1_L3", "borough": "Manhattan", "community_district": 101, "type_of_charger": "Level 3 Fast Charger" }, "geometry": { "type": "Point", "coordinates": [ -74.004007, 40.710353 ] } },
{ "type": "Feature", "properties": { "agency": "DCAS", "street": "100 Gold Street", "station_name": "NYC FLEET / DCAS100GLD_2_L3", "borough": "Manhattan", "community_district": 101, "type_of_charger": "Level 3 Fast Charger" }, "geometry": { "type": "Point", "coordinates": [ -74.004007, 40.710353 ] } },
{ "type": "Feature", "properties": { "agency": "DCAS", "street": "100 Gold St", "station_name": "NYC FLEET / DCAS100GLD_3_L3", "borough": "Manhattan", "community_district": 101, "type_of_charger": "Level 3 Fast Charger" }, "geometry": { "type": "Point", "coordinates": [ -74.004007, 40.710353 ] } },
{ "type": "Feature", "properties": { "agency": "DCAS", "street": "100 Gold St", "station_name": "NYC FLEET / DCAS100GLD_4_L3", "borough": "Manhattan", "community_district": 101, "type_of_charger": "Level 3 Fast Charger" }, "geometry": { "type": "Point", "coordinates": [ -74.004007, 40.710353 ] } },
{ "type": "Feature", "properties": { "agency": "DCAS", "street": "100 Gold St", "station_name": "NYC FLEET / DCAS100GLD_5_L3", "borough": "Manhattan", "community_district": 101, "type_of_charger": "Level 3 Fast Charger" }, "geometry": { "type": "Point", "coordinates": [ -74.004007, 40.710353 ] } },
{ "type": "Feature", "properties": { "agency": "DCAS", "street": "100 Gold St", "station_name": "NYC FLEET / DCAS100GOLD", "borough": "Manhattan", "community_district": 101, "type_of_charger": "Level 2 Charger" }, "geometry": { "type": "Point", "coordinates": [ -74.004007, 40.710353 ] } },
{ "type": "Feature", "properties": { "agency": "DCAS", "street": "6626 Metropolitan Ave", "station_name": "NYC FLEET / DCASCSTHSE_1_L3", "borough": "Queens", "community_district": 405, "type_of_charger": "Level 3 Fast Charger" }, "geometry": { "type": "Point", "coordinates": [ -73.892143, 40.712377 ] } },
{ "type": "Feature", "properties": { "agency": "DCAS", "street": "6626 Metropolitan Ave", "station_name": "NYC FLEET / DCASCSTHSE_2_L3", "borough": "Queens", "community_district": 405, "type_of_charger": "Level 3 Fast Charger" }, "geometry": { "type": "Point", "coordinates": [ -73.892143, 40.712377 ] } },
{ "type": "Feature", "properties": { "agency": "DCAS", "street": "6626 Metropolitan Ave", "station_name": "NYC FLEET / DCASCSTHSE_3_L3", "borough": "Queens", "community_district": 405, "type_of_charger": "Level 3 Fast Charger" }, "geometry": { "type": "Point", "coordinates": [ -73.892143, 40.712377 ] } },
{ "type": "Feature", "properties": { "agency": "DCAS", "street": "2 Navy St", "station_name": "NYC FLEET / DCASNAVYYARD01", "borough": "Brooklyn", "community_district": 302, "type_of_charger": "Level 2 Charger" }, "geometry": { "type": "Point", "coordinates": [ -73.98042, 40.70061 ] } },
{ "type": "Feature", "properties": { "agency": "DCAS", "street": "2 Navy St", "station_name": "NYC FLEET / DCASNAVYYARD02", "borough": "Brooklyn", "community_district": 302, "type_of_charger": "Level 2 Charger" }, "geometry": { "type": "Point", "coordinates": [ -73.98042, 40.70061 ] } },
{ "type": "Feature", "properties": { "agency": "DCAS", "street": "2 Navy St", "station_name": "NYC FLEET / DCASNAVYYARD03", "borough": "Brooklyn", "community_district": 302, "type_of_charger": "Level 2 Charger" }, "geometry": { "type": "Point", "coordinates": [ -73.98042, 40.70061 ] } },
{ "type": "Feature", "properties": { "agency": "DCAS", "street": "2 Navy St", "station_name": "NYC FLEET / DCASNAVYYARD04", "borough": "Brooklyn", "community_district": 302, "type_of_charger": "Level 2 Charger" }, "geometry": { "type": "Point", "coordinates": [ -73.98042, 40.70061 ] } },
{ "type": "Feature", "properties": { "agency": "DDC", "street": "3030 Thomson Ave", "station_name": "NYC FLEET / DDC_HQ-S1", "borough": "Queens", "community_district": 402, "type_of_charger": "EV Solar Arc Charger" }, "geometry": { "type": "Point", "coordinates": [ -73.936191, 40.745042 ] } },
{ "type": "Feature", "properties": { "agency": "DDC", "street": "3030 Thomson Ave", "station_name": "NYC FLEET / DDC_HQ-S2", "borough": "Queens", "community_district": 402, "type_of_charger": "EV Solar Arc Charger" }, "geometry": { "type": "Point", "coordinates": [ -73.936191, 40.745042 ] } },
{ "type": "Feature", "properties": { "agency": "DDC", "street": "30-30 Thomson Ave", "station_name": "NYC FLEET / DDC_LIC-2", "borough": "Queens", "community_district": 402, "type_of_charger": "Level 2 Charger" }, "geometry": { "type": "Point", "coordinates": [ -73.936191, 40.745042 ] } },
{ "type": "Feature", "properties": { "agency": "DDC", "street": "30-20 Thomson Ave", "station_name": "NYC FLEET / DDC_LIC-S1", "borough": "Queens", "community_district": 402, "type_of_charger": "EV Solar Arc Charger" }, "geometry": { "type": "Point", "coordinates": [ -73.936635, 40.745095 ] } },
{ "type": "Feature", "properties": { "agency": "DDC", "street": "30-20 Thomson Ave", "station_name": "NYC FLEET / DDC_LIC-S2", "borough": "Queens", "community_district": 402, "type_of_charger": "EV Solar Arc Charger" }, "geometry": { "type": "Point", "coordinates": [ -73.936635, 40.745095 ] } },
{ "type": "Feature", "properties": { "agency": "DDC", "street": "30-30 Thomson Avenue", "station_name": "NYC FLEET / DDC_THOMSN_1_L3", "borough": "Queens", "community_district": 402, "type_of_charger": "Level 3 Fast Charger" }, "geometry": { "type": "Point", "coordinates": [ -73.936191, 40.745042 ] } },
{ "type": "Feature", "properties": { "agency": "DEP", "street": "2501 Knapp St", "station_name": "NYC FLEET / DEP_ CONEY ISLA", "borough": "Brooklyn", "community_district": 315, "type_of_charger": "Level 2 Charger" }, "geometry": { "type": "Point", "coordinates": [ -73.932546, 40.592214 ] } },
{ "type": "Feature", "properties": { "agency": "DEP", "street": "2405 Amsterdam Avenue", "station_name": "NYC FLEET / DEP_179PMP_1_L3", "borough": "Manhattan", "community_district": 112, "type_of_charger": "Level 3 Fast Charger" }, "geometry": { "type": "Point", "coordinates": [ -73.931709, 40.846982 ] } },
{ "type": "Feature", "properties": { "agency": "DEP", "street": "2405 Amsterdam Avenue", "station_name": "NYC FLEET / DEP_179PMP_2_L3", "borough": "Manhattan", "community_district": 112, "type_of_charger": "Level 3 Fast Charger" }, "geometry": { "type": "Point", "coordinates": [ -73.931709, 40.846982 ] } },
{ "type": "Feature", "properties": { "agency": "DEP", "street": "12266 Flatlands Ave", "station_name": "NYC FLEET / DEP_26WARD# 1", "borough": "Brooklyn", "community_district": 305, "type_of_charger": "Level 2 Charger" }, "geometry": { "type": "Point", "coordinates": [ -73.881479, 40.654817 ] } },
{ "type": "Feature", "properties": { "agency": "DEP", "street": "12266 Flatlands Ave", "station_name": "NYC FLEET / DEP_26WARD# 2", "borough": "Brooklyn", "community_district": 305, "type_of_charger": "Level 2 Charger" }, "geometry": { "type": "Point", "coordinates": [ -73.881479, 40.654817 ] } },
{ "type": "Feature", "properties": { "agency": "DEP", "street": "1540 Van Siclen Ave", "station_name": "NYC FLEET / DEP_26WARD_2_L3", "borough": "Brooklyn", "community_district": 305, "type_of_charger": "Level 3 Fast Charger" }, "geometry": { "type": "Point", "coordinates": [ -73.877613, 40.648214 ] } },
{ "type": "Feature", "properties": { "agency": "DEP", "street": "12266 Flatlands Ave", "station_name": "NYC FLEET / DEP_26WARD_3_L3", "borough": "Brooklyn", "community_district": 305, "type_of_charger": "Level 3 Fast Charger" }, "geometry": { "type": "Point", "coordinates": [ -73.881479, 40.654817 ] } },
{ "type": "Feature", "properties": { "agency": "DEP", "street": "12266 Flatlands Ave", "station_name": "NYC FLEET / DEP_26WARD_4_L3", "borough": "Brooklyn", "community_district": 305, "type_of_charger": "Level 3 Fast Charger" }, "geometry": { "type": "Point", "coordinates": [ -73.881479, 40.654817 ] } },
{ "type": "Feature", "properties": { "agency": "DEP", "street": "12266 Flatlands Ave", "station_name": "NYC FLEET / DEP_26WARD_5_L3", "borough": "Brooklyn", "community_district": 305, "type_of_charger": "Level 3 Fast Charger" }, "geometry": { "type": "Point", "coordinates": [ -73.881479, 40.654817 ] } },
{ "type": "Feature", "properties": { "agency": "DEP", "street": "12266 Flatlands Ave", "station_name": "NYC FLEET / DEP_26WARD_6_L3", "borough": "Brooklyn", "community_district": 305, "type_of_charger": "Level 3 Fast Charger" }, "geometry": { "type": "Point", "coordinates": [ -73.881479, 40.654817 ] } },
{ "type": "Feature", "properties": { "agency": "DEP", "street": "12266 Flatlands Ave", "station_name": "NYC FLEET / DEP_26WRDP_1_L3", "borough": "Brooklyn", "community_district": 305, "type_of_charger": "Level 3 Fast Charger" }, "geometry": { "type": "Point", "coordinates": [ -73.881479, 40.654817 ] } },
{ "type": "Feature", "properties": { "agency": "DEP", "street": "12266 Flatlands Ave", "station_name": "NYC FLEET / DEP_26WRDP_2_L3", "borough": "Brooklyn", "community_district": 305, "type_of_charger": "Level 3 Fast Charger" }, "geometry": { "type": "Point", "coordinates": [ -73.881479, 40.654817 ] } },
{ "type": "Feature", "properties": { "agency": "DEP", "street": "12266 Flatlands Ave", "station_name": "NYC FLEET / DEP_26WRDP_3_L3", "borough": "Brooklyn", "community_district": 305, "type_of_charger": "Level 3 Fast Charger" }, "geometry": { "type": "Point", "coordinates": [ -73.881479, 40.654817 ] } },
{ "type": "Feature", "properties": { "agency": "DEP", "street": "12266 Flatlands Ave", "station_name": "NYC FLEET / DEP_26WRDP_4_L3", "borough": "Brooklyn", "community_district": 305, "type_of_charger": "Level 3 Fast Charger" }, "geometry": { "type": "Point", "coordinates": [ -73.881479, 40.654817 ] } },
{ "type": "Feature", "properties": { "agency": "DEP", "street": "3701 Jerome Ave", "station_name": "NYC FLEET / DEP_3701JEROME2", "borough": "Bronx", "community_district": 226, "type_of_charger": "Level 2 Charger" }, "geometry": { "type": "Point", "coordinates": [ -73.878095, 40.887018 ] } },
{ "type": "Feature", "properties": { "agency": "DEP", "street": "623 Myrtle Ave", "station_name": "NYC FLEET / DEP_623MYRTLE1", "borough": "Brooklyn", "community_district": 303, "type_of_charger": "Level 2 Charger" }, "geometry": { "type": "Point", "coordinates": [ -73.958854, 40.694275 ] } },
{ "type": "Feature", "properties": { "agency": "DEP", "street": "623 Myrtle Ave", "station_name": "NYC FLEET / DEP_623MYRTLE2", "borough": "Brooklyn", "community_district": 303, "type_of_charger": "Level 2 Charger" }, "geometry": { "type": "Point", "coordinates": [ -73.958854, 40.694275 ] } },
{ "type": "Feature", "properties": { "agency": "DEP", "street": "7 Ward's Island Bridge", "station_name": "NYC FLEET / DEP_7WARDS#1", "borough": "Manhattan", "community_district": 111, "type_of_charger": "Level 2 Charger" }, "geometry": { "type": "Point", "coordinates": [ -73.922819, 40.792839 ] } },
{ "type": "Feature", "properties": { "agency": "DEP", "street": "116 K Rd", "station_name": "NYC FLEET / DEP_7WARDSI-S3", "borough": "Manhattan", "community_district": 111, "type_of_charger": "EV Solar Arc Charger" }, "geometry": { "type": "Point", "coordinates": [ -73.921474, 40.791469 ] } },
{ "type": "Feature", "properties": { "agency": "DEP", "street": "117 K Rd", "station_name": "NYC FLEET / DEP_7WARDSI-S4", "borough": "Manhattan", "community_district": 111, "type_of_charger": "EV Solar Arc Charger" }, "geometry": { "type": "Point", "coordinates": [ -73.921463, 40.791483 ] } },
{ "type": "Feature", "properties": { "agency": "DEP", "street": "116 K Rd", "station_name": "NYC FLEET / DEP_7WARDSI-S5", "borough": "Manhattan", "community_district": 111, "type_of_charger": "EV Solar Arc Charger" }, "geometry": { "type": "Point", "coordinates": [ -73.921474, 40.791469 ] } },
{ "type": "Feature", "properties": { "agency": "DEP", "street": "116 K Rd", "station_name": "NYC FLEET / DEP_7WARDSI-S6", "borough": "Manhattan", "community_district": 111, "type_of_charger": "EV Solar Arc Charger" }, "geometry": { "type": "Point", "coordinates": [ -73.921474, 40.791469 ] } },
{ "type": "Feature", "properties": { "agency": "DEP", "street": "116 K Rd", "station_name": "NYC FLEET / DEP_7WARDSI-S7", "borough": "Manhattan", "community_district": 111, "type_of_charger": "EV Solar Arc Charger" }, "geometry": { "type": "Point", "coordinates": [ -73.921474, 40.791469 ] } },
{ "type": "Feature", "properties": { "agency": "DEP", "street": "930 Zerega Ave", "station_name": "NYC FLEET / DEP_930ZEREGA_1", "borough": "Bronx", "community_district": 209, "type_of_charger": "Level 2 Charger" }, "geometry": { "type": "Point", "coordinates": [ -73.843596, 40.827109 ] } },
{ "type": "Feature", "properties": { "agency": "DEP", "street": "43-1 Berrian Blvd", "station_name": "NYC FLEET / DEP_ASTORIA #1", "borough": "Queens", "community_district": 401, "type_of_charger": "Level 2 Charger" }, "geometry": { "type": "Point", "coordinates": [ -73.894593, 40.778421 ] } },
{ "type": "Feature", "properties": { "agency": "DEP", "street": "43-1 Berrian Blvd", "station_name": "NYC FLEET / DEP_ASTORIA#2", "borough": "Queens", "community_district": 401, "type_of_charger": "Level 2 Charger" }, "geometry": { "type": "Point", "coordinates": [ -73.894593, 40.778421 ] } },
{ "type": "Feature", "properties": { "agency": "DEP", "street": "855 Remsen Ave", "station_name": "NYC FLEET / DEP_BKSEWR_1_L3", "borough": "Brooklyn", "community_district": 318, "type_of_charger": "Level 3 Fast Charger" }, "geometry": { "type": "Point", "coordinates": [ -73.913395, 40.646913 ] } },
{ "type": "Feature", "properties": { "agency": "DEP", "street": "855 Remsen Ave", "station_name": "NYC FLEET / DEP_BKSEWR_2_L3", "borough": "Brooklyn", "community_district": 318, "type_of_charger": "Level 3 Fast Charger" }, "geometry": { "type": "Point", "coordinates": [ -73.913395, 40.646913 ] } },
{ "type": "Feature", "properties": { "agency": "DEP", "street": "855 Remsen Ave", "station_name": "NYC FLEET / DEP_BKSEWR_3_L3", "borough": "Brooklyn", "community_district": 318, "type_of_charger": "Level 3 Fast Charger" }, "geometry": { "type": "Point", "coordinates": [ -73.913395, 40.646913 ] } },
{ "type": "Feature", "properties": { "agency": "DEP", "street": "855 Remsen Ave", "station_name": "NYC FLEET / DEP_BKSEWR_4_L3", "borough": "Brooklyn", "community_district": 318, "type_of_charger": "Level 3 Fast Charger" }, "geometry": { "type": "Point", "coordinates": [ -73.913395, 40.646913 ] } },
{ "type": "Feature", "properties": { "agency": "DEP", "street": "22 N 15th St", "station_name": "NYC FLEET / DEP_BKWATER-S1", "borough": "Brooklyn", "community_district": 301, "type_of_charger": "EV Solar Arc Charger" }, "geometry": { "type": "Point", "coordinates": [ -73.956901, 40.724694 ] } },
{ "type": "Feature", "properties": { "agency": "DEP", "street": "4301 Berrian Blvd", "station_name": "NYC FLEET / DEP_BWRYBY_1_L3", "borough": "Queens", "community_district": 401, "type_of_charger": "Level 3 Fast Charger" }, "geometry": { "type": "Point", "coordinates": [ -73.894593, 40.778421 ] } },
{ "type": "Feature", "properties": { "agency": "DEP", "street": "3201 Jerome Ave", "station_name": "NYC FLEET / DEP_BXWM-S1", "borough": "Bronx", "community_district": 207, "type_of_charger": "EV Solar Arc Charger" }, "geometry": { "type": "Point", "coordinates": [ -73.887189, 40.877534 ] } },
{ "type": "Feature", "properties": { "agency": "DEP", "street": "3701 Jerome Ave", "station_name": "NYC FLEET / DEP_CFP_1_L3", "borough": "Bronx", "community_district": 226, "type_of_charger": "Level 3 Fast Charger" }, "geometry": { "type": "Point", "coordinates": [ -73.878095, 40.887018 ] } },
{ "type": "Feature", "properties": { "agency": "DEP", "street": "3701 Jerome Ave", "station_name": "NYC FLEET / DEP_CFP_2_L3", "borough": "Bronx", "community_district": 226, "type_of_charger": "Level 3 Fast Charger" }, "geometry": { "type": "Point", "coordinates": [ -73.878095, 40.887018 ] } },
{ "type": "Feature", "properties": { "agency": "DEP", "street": "1270 Victory Blvd", "station_name": "NYC FLEET / DEP_CLOVEPUMP", "borough": "Staten Island", "community_district": 501, "type_of_charger": "Level 2 Charger" }, "geometry": { "type": "Point", "coordinates": [ -74.105751, 40.615436 ] } },
{ "type": "Feature", "properties": { "agency": "DEP", "street": "3701 Jerome Ave", "station_name": "NYC FLEET / DEP_CROTONFP-BX", "borough": "Bronx", "community_district": 226, "type_of_charger": "Level 2 Charger" }, "geometry": { "type": "Point", "coordinates": [ -73.878095, 40.887018 ] } },
{ "type": "Feature", "properties": { "agency": "DEP", "street": "3701 Jerome Ave", "station_name": "NYC FLEET / DEP_CROTONFP-S1", "borough": "Bronx", "community_district": 226, "type_of_charger": "EV Solar Arc Charger" }, "geometry": { "type": "Point", "coordinates": [ -73.878095, 40.887018 ] } },
{ "type": "Feature", "properties": { "agency": "DEP", "street": "201 Douglass St", "station_name": "NYC FLEET / DEP_GOWANUSSP", "borough": "Brooklyn", "community_district": 306, "type_of_charger": "Level 2 Charger" }, "geometry": { "type": "Point", "coordinates": [ -73.987684, 40.681639 ] } },
{ "type": "Feature", "properties": { "agency": "DEP", "street": "305 Seigel St", "station_name": "NYC FLEET / DEP_GRN_INFRA_1", "borough": "Brooklyn", "community_district": 301, "type_of_charger": "Level 2 Charger" }, "geometry": { "type": "Point", "coordinates": [ -73.934242, 40.705517 ] } },
{ "type": "Feature", "properties": { "agency": "DEP", "street": "164-11 110th Avenue", "station_name": "NYC FLEET / DEP_GRWATR_1_L3", "borough": "Queens", "community_district": 412, "type_of_charger": "Level 3 Fast Charger" }, "geometry": { "type": "Point", "coordinates": [ -73.787682, 40.693916 ] } },
{ "type": "Feature", "properties": { "agency": "DEP", "street": "164-11 110th Avenue", "station_name": "NYC FLEET / DEP_GRWATR_2_L3", "borough": "Queens", "community_district": 412, "type_of_charger": "Level 3 Fast Charger" }, "geometry": { "type": "Point", "coordinates": [ -73.787682, 40.693916 ] } },
{ "type": "Feature", "properties": { "agency": "DEP", "street": "164-21 110th Avenue", "station_name": "NYC FLEET / DEP_GRWATR_3_L3", "borough": "Queens", "community_district": 412, "type_of_charger": "Level 3 Fast Charger" }, "geometry": { "type": "Point", "coordinates": [ -73.787263, 40.694094 ] } },
{ "type": "Feature", "properties": { "agency": "DEP", "street": "1270 Ryawa Ave", "station_name": "NYC FLEET / DEP_HNTSPT_1_L3", "borough": "Bronx", "community_district": 202, "type_of_charger": "Level 3 Fast Charger" }, "geometry": { "type": "Point", "coordinates": [ -73.884759, 40.804827 ] } },
{ "type": "Feature", "properties": { "agency": "DEP", "street": "1270 Ryawa Ave", "station_name": "NYC FLEET / DEP_HNTSPT_2_L3", "borough": "Bronx", "community_district": 202, "type_of_charger": "Level 3 Fast Charger" }, "geometry": { "type": "Point", "coordinates": [ -73.884759, 40.804827 ] } },
{ "type": "Feature", "properties": { "agency": "DEP", "street": "1270 Ryawa Ave", "station_name": "NYC FLEET / DEP_HNTSPT_3_L3", "borough": "Bronx", "community_district": 202, "type_of_charger": "Level 3 Fast Charger" }, "geometry": { "type": "Point", "coordinates": [ -73.884759, 40.804827 ] } },
{ "type": "Feature", "properties": { "agency": "DEP", "street": "1270 Ryawa Ave", "station_name": "NYC FLEET / DEP_HNTSPT_4_L3", "borough": "Bronx", "community_district": 202, "type_of_charger": "Level 3 Fast Charger" }, "geometry": { "type": "Point", "coordinates": [ -73.884759, 40.804827 ] } },
{ "type": "Feature", "properties": { "agency": "DEP", "street": "1270 Ryawa Ave", "station_name": "NYC FLEET / DEP_HNTSPT_5_L3", "borough": "Bronx", "community_district": 202, "type_of_charger": "Level 3 Fast Charger" }, "geometry": { "type": "Point", "coordinates": [ -73.884759, 40.804827 ] } },
{ "type": "Feature", "properties": { "agency": "DEP", "street": "1270 Ryawa Ave", "station_name": "NYC FLEET / DEP_HNTSPT_6_L3", "borough": "Bronx", "community_district": 202, "type_of_charger": "Level 3 Fast Charger" }, "geometry": { "type": "Point", "coordinates": [ -73.884759, 40.804827 ] } },
{ "type": "Feature", "properties": { "agency": "DEP", "street": "150-20 134Th St", "station_name": "NYC FLEET / DEP_JAMAICAPLNT", "borough": "Queens", "community_district": 410, "type_of_charger": "Level 2 Charger" }, "geometry": { "type": "Point", "coordinates": [ -73.806765, 40.662964 ] } },
{ "type": "Feature", "properties": { "agency": "DEP", "street": "3201 Jerome Ave", "station_name": "NYC FLEET / DEP_JEROME_1_L3", "borough": "Bronx", "community_district": 207, "type_of_charger": "Level 3 Fast Charger" }, "geometry": { "type": "Point", "coordinates": [ -73.887189, 40.877534 ] } },
{ "type": "Feature", "properties": { "agency": "DEP", "street": "3201 Jerome Avenue", "station_name": "NYC FLEET / DEP_JEROME_2_L3", "borough": "Bronx", "community_district": 207, "type_of_charger": "Level 3 Fast Charger" }, "geometry": { "type": "Point", "coordinates": [ -73.887189, 40.877534 ] } },
{ "type": "Feature", "properties": { "agency": "DEP", "street": "3201 Jerome Avenue", "station_name": "NYC FLEET / DEP_JEROME_3_L3", "borough": "Bronx", "community_district": 207, "type_of_charger": "Level 3 Fast Charger" }, "geometry": { "type": "Point", "coordinates": [ -73.887189, 40.877534 ] } },
{ "type": "Feature", "properties": { "agency": "DEP", "street": "3055 Goulden Avenue", "station_name": "NYC FLEET / DEP_JRMRES_1_L3", "borough": "Bronx", "community_district": 208, "type_of_charger": "Level 3 Fast Charger" }, "geometry": { "type": "Point", "coordinates": [ -73.892251, 40.877917 ] } },
{ "type": "Feature", "properties": { "agency": "DEP", "street": "59-17 Junction Blvd", "station_name": "NYC FLEET / DEP_LFRK_66+67", "borough": "Queens", "community_district": 404, "type_of_charger": "Level 2 Charger" }, "geometry": { "type": "Point", "coordinates": [ -73.864774, 40.734606 ] } },
{ "type": "Feature", "properties": { "agency": "DEP", "street": "59-17 Junction Blvd", "station_name": "NYC FLEET / DEP_LFRK_68+69", "borough": "Queens", "community_district": 404, "type_of_charger": "Level 2 Charger" }, "geometry": { "type": "Point", "coordinates": [ -73.864774, 40.734606 ] } },
{ "type": "Feature", "properties": { "agency": "DEP", "street": "59-17 Junction Blvd", "station_name": "NYC FLEET / DEP_LFRK_70+71", "borough": "Queens", "community_district": 404, "type_of_charger": "Level 2 Charger" }, "geometry": { "type": "Point", "coordinates": [ -73.864774, 40.734606 ] } },
{ "type": "Feature", "properties": { "agency": "DEP", "street": "59-17 Junction Blvd", "station_name": "NYC FLEET / DEP_LFRK_72+73", "borough": "Queens", "community_district": 404, "type_of_charger": "Level 2 Charger" }, "geometry": { "type": "Point", "coordinates": [ -73.864774, 40.734606 ] } },
{ "type": "Feature", "properties": { "agency": "DEP", "street": "59-17 Junction Blvd", "station_name": "NYC FLEET / DEP_LFRK_74+75", "borough": "Queens", "community_district": 404, "type_of_charger": "Level 2 Charger" }, "geometry": { "type": "Point", "coordinates": [ -73.864774, 40.734606 ] } },
{ "type": "Feature", "properties": { "agency": "DEP", "street": "59-17 Junction Blvd", "station_name": "NYC FLEET / DEP_LFRK_76+77", "borough": "Queens", "community_district": 404, "type_of_charger": "Level 2 Charger" }, "geometry": { "type": "Point", "coordinates": [ -73.864774, 40.734606 ] } },
{ "type": "Feature", "properties": { "agency": "DEP", "street": "59-17 Junction Blvd", "station_name": "NYC FLEET / DEP_LFRK_78+79", "borough": "Queens", "community_district": 404, "type_of_charger": "Level 2 Charger" }, "geometry": { "type": "Point", "coordinates": [ -73.864774, 40.734606 ] } },
{ "type": "Feature", "properties": { "agency": "DEP", "street": "59-17 Junction Blvd 2", "station_name": "NYC FLEET / DEP_LFRK_80+81", "borough": "Queens", "community_district": 404, "type_of_charger": "Level 2 Charger" }, "geometry": { "type": "Point", "coordinates": [ -73.864774, 40.734606 ] } },
{ "type": "Feature", "properties": { "agency": "DEP", "street": "59-17 Junction Blvd", "station_name": "NYC FLEET / DEP_LFRK_82+83", "borough": "Queens", "community_district": 404, "type_of_charger": "Level 2 Charger" }, "geometry": { "type": "Point", "coordinates": [ -73.864774, 40.734606 ] } },
{ "type": "Feature", "properties": { "agency": "DEP", "street": "96-08 57Th Ave", "station_name": "NYC FLEET / DEP_LFRK101+102", "borough": "Queens", "community_district": 404, "type_of_charger": "Level 2 Charger" }, "geometry": { "type": "Point", "coordinates": [ -73.864625, 40.73698 ] } },
{ "type": "Feature", "properties": { "agency": "DEP", "street": "96-08 57Th Ave", "station_name": "NYC FLEET / DEP_LFRK103+104", "borough": "Queens", "community_district": 404, "type_of_charger": "Level 2 Charger" }, "geometry": { "type": "Point", "coordinates": [ -73.864625, 40.73698 ] } },
{ "type": "Feature", "properties": { "agency": "DEP", "street": "96-08 57Th Ave", "station_name": "NYC FLEET / DEP_LFRK105+106", "borough": "Queens", "community_district": 404, "type_of_charger": "Level 2 Charger" }, "geometry": { "type": "Point", "coordinates": [ -73.864625, 40.73698 ] } },
{ "type": "Feature", "properties": { "agency": "DEP", "street": "96-08 57Th Ave", "station_name": "NYC FLEET / DEP_LFRK107+108", "borough": "Queens", "community_district": 404, "type_of_charger": "Level 2 Charger" }, "geometry": { "type": "Point", "coordinates": [ -73.864625, 40.73698 ] } },
{ "type": "Feature", "properties": { "agency": "DEP", "street": "59-17 Junction Blvd", "station_name": "NYC FLEET / DEP_LFRK109+110", "borough": "Queens", "community_district": 404, "type_of_charger": "Level 2 Charger" }, "geometry": { "type": "Point", "coordinates": [ -73.864774, 40.734606 ] } },
{ "type": "Feature", "properties": { "agency": "DEP", "street": "96-08 57Th Ave", "station_name": "NYC FLEET / DEP_LFRK111+112", "borough": "Queens", "community_district": 404, "type_of_charger": "Level 2 Charger" }, "geometry": { "type": "Point", "coordinates": [ -73.864625, 40.73698 ] } },
{ "type": "Feature", "properties": { "agency": "DEP", "street": "58-17 Junction Blvd", "station_name": "NYC FLEET / DEP_LFRK113+114", "borough": "Queens", "community_district": 404, "type_of_charger": "Level 2 Charger" }, "geometry": { "type": "Point", "coordinates": [ -73.865098, 40.735229 ] } },
{ "type": "Feature", "properties": { "agency": "DEP", "street": "58-17 Junction Blvd", "station_name": "NYC FLEET / DEP_LFRK115+116", "borough": "Queens", "community_district": 404, "type_of_charger": "Level 2 Charger" }, "geometry": { "type": "Point", "coordinates": [ -73.865098, 40.735229 ] } },
{ "type": "Feature", "properties": { "agency": "DEP", "street": "58-17 Junction Blvd", "station_name": "NYC FLEET / DEP_LFRK117+118", "borough": "Queens", "community_district": 404, "type_of_charger": "Level 2 Charger" }, "geometry": { "type": "Point", "coordinates": [ -73.865098, 40.735229 ] } },
{ "type": "Feature", "properties": { "agency": "DEP", "street": "28 Pike St", "station_name": "NYC FLEET / DEP_MNREPAIR-1", "borough": "Manhattan", "community_district": 103, "type_of_charger": "Level 2 Charger" }, "geometry": { "type": "Point", "coordinates": [ -73.992461, 40.71282 ] } },
{ "type": "Feature", "properties": { "agency": "DEP", "street": "30 Pike St", "station_name": "NYC FLEET / DEP_MNRPR_1_L3", "borough": "Manhattan", "community_district": 103, "type_of_charger": "Level 3 Fast Charger" }, "geometry": { "type": "Point", "coordinates": [ -73.99245, 40.712735 ] } },
{ "type": "Feature", "properties": { "agency": "DEP", "street": "886 St Nicholas Ave", "station_name": "NYC FLEET / DEP_MNSEWR_1_L3", "borough": "Manhattan", "community_district": 109, "type_of_charger": "Level 3 Fast Charger" }, "geometry": { "type": "Point", "coordinates": [ -73.941602, 40.83028 ] } },
{ "type": "Feature", "properties": { "agency": "DEP", "street": "886 St Nicholas Ave", "station_name": "NYC FLEET / DEP_MNSEWR_2_L3", "borough": "Manhattan", "community_district": 109, "type_of_charger": "Level 3 Fast Charger" }, "geometry": { "type": "Point", "coordinates": [ -73.941602, 40.83028 ] } },
{ "type": "Feature", "properties": { "agency": "DEP", "street": "329 Greenpoint Ave", "station_name": "NYC FLEET / DEP_NEWTOWN CRE", "borough": "Brooklyn", "community_district": 301, "type_of_charger": "Level 2 Charger" }, "geometry": { "type": "Point", "coordinates": [ -73.946271, 40.731483 ] } },
{ "type": "Feature", "properties": { "agency": "DEP", "street": "267 Greenpoint Ave", "station_name": "NYC FLEET / DEP_NEWTOWNC-S1", "borough": "Brooklyn", "community_district": 301, "type_of_charger": "EV Solar Arc Charger" }, "geometry": { "type": "Point", "coordinates": [ -73.948891, 40.730718 ] } },
{ "type": "Feature", "properties": { "agency": "DEP", "street": "267 Greenpoint Ave", "station_name": "NYC FLEET / DEP_NEWTOWNC-S2", "borough": "Brooklyn", "community_district": 301, "type_of_charger": "EV Solar Arc Charger" }, "geometry": { "type": "Point", "coordinates": [ -73.948891, 40.730718 ] } },
{ "type": "Feature", "properties": { "agency": "DEP", "street": "751 Mill Road", "station_name": "NYC FLEET / DEP_OAKWOOD BEA", "borough": "Staten Island", "community_district": 503, "type_of_charger": "Level 2 Charger" }, "geometry": { "type": "Point", "coordinates": [ -74.116133, 40.552071 ] } },
{ "type": "Feature", "properties": { "agency": "DEP", "street": "6700 Shore Rd", "station_name": "NYC FLEET / DEP_OWLS HE", "borough": "Brooklyn", "community_district": 310, "type_of_charger": "Level 2 Charger" }, "geometry": { "type": "Point", "coordinates": [ -74.034055, 40.6418 ] } },
{ "type": "Feature", "properties": { "agency": "DEP", "street": "6700 Shore Rd", "station_name": "NYC FLEET / DEP_OWLSHD_1_L3", "borough": "Brooklyn", "community_district": 310, "type_of_charger": "Level 3 Fast Charger" }, "geometry": { "type": "Point", "coordinates": [ -74.034055, 40.6418 ] } },
{ "type": "Feature", "properties": { "agency": "DEP", "street": "6700 Shore Rd", "station_name": "NYC FLEET / DEP_OWLSHD_2_L3", "borough": "Brooklyn", "community_district": 310, "type_of_charger": "Level 3 Fast Charger" }, "geometry": { "type": "Point", "coordinates": [ -74.034055, 40.6418 ] } },
{ "type": "Feature", "properties": { "agency": "DEP", "street": "6700 Shore Road", "station_name": "NYC FLEET / DEP_OWLSHD_3_L3", "borough": "Brooklyn", "community_district": 310, "type_of_charger": "Level 3 Fast Charger" }, "geometry": { "type": "Point", "coordinates": [ -74.034055, 40.6418 ] } },
{ "type": "Feature", "properties": { "agency": "DEP", "street": "6700 Shore Rd", "station_name": "NYC FLEET / DEP_OWLSHD_4_L3", "borough": "Brooklyn", "community_district": 310, "type_of_charger": "Level 3 Fast Charger" }, "geometry": { "type": "Point", "coordinates": [ -74.034055, 40.6418 ] } },
{ "type": "Feature", "properties": { "agency": "DEP", "street": "6700 Shore Road", "station_name": "NYC FLEET / DEP_OWLSHD_5_L3", "borough": "Brooklyn", "community_district": 310, "type_of_charger": "Level 3 Fast Charger" }, "geometry": { "type": "Point", "coordinates": [ -74.034055, 40.6418 ] } },
{ "type": "Feature", "properties": { "agency": "DEP", "street": "6700 Shore Road", "station_name": "NYC FLEET / DEP_OWLSHD_6_L3", "borough": "Brooklyn", "community_district": 310, "type_of_charger": "Level 3 Fast Charger" }, "geometry": { "type": "Point", "coordinates": [ -74.034055, 40.6418 ] } },
{ "type": "Feature", "properties": { "agency": "DEP", "street": "6700 Shore Rd", "station_name": "NYC FLEET / DEP_OWLSHD_7_L3", "borough": "Brooklyn", "community_district": 310, "type_of_charger": "Level 3 Fast Charger" }, "geometry": { "type": "Point", "coordinates": [ -74.034055, 40.6418 ] } },
{ "type": "Feature", "properties": { "agency": "DEP", "street": "6700 Shore Road", "station_name": "NYC FLEET / DEP_OWLSHD_8_L3", "borough": "Brooklyn", "community_district": 310, "type_of_charger": "Level 3 Fast Charger" }, "geometry": { "type": "Point", "coordinates": [ -74.034055, 40.6418 ] } },
{ "type": "Feature", "properties": { "agency": "DEP", "street": "1875 Ralph Ave", "station_name": "NYC FLEET / DEP_PRDGT_1_L3", "borough": "Brooklyn", "community_district": 318, "type_of_charger": "Level 3 Fast Charger" }, "geometry": { "type": "Point", "coordinates": [ -73.91852, 40.631422 ] } },
{ "type": "Feature", "properties": { "agency": "DEP", "street": "1801 Richmond Terr", "station_name": "NYC FLEET / DEP_PRTRCH_1_L3", "borough": "Staten Island", "community_district": 501, "type_of_charger": "Level 3 Fast Charger" }, "geometry": { "type": "Point", "coordinates": [ -74.125556, 40.637232 ] } },
{ "type": "Feature", "properties": { "agency": "DEP", "street": "1801 Richmond Terr", "station_name": "NYC FLEET / DEP_PRTRCH_2_L3", "borough": "Staten Island", "community_district": 501, "type_of_charger": "Level 3 Fast Charger" }, "geometry": { "type": "Point", "coordinates": [ -74.125556, 40.637232 ] } },
{ "type": "Feature", "properties": { "agency": "DEP", "street": "1801 Richmond Terrace", "station_name": "NYC FLEET / DEP_PRTRCH_3_L3", "borough": "Staten Island", "community_district": 501, "type_of_charger": "Level 3 Fast Charger" }, "geometry": { "type": "Point", "coordinates": [ -74.125556, 40.637232 ] } },
{ "type": "Feature", "properties": { "agency": "DEP", "street": "1801 Richmond Terrace", "station_name": "NYC FLEET / DEP_PRTRCH_4_L3", "borough": "Staten Island", "community_district": 501, "type_of_charger": "Level 3 Fast Charger" }, "geometry": { "type": "Point", "coordinates": [ -74.125556, 40.637232 ] } },
{ "type": "Feature", "properties": { "agency": "DEP", "street": "1801 Richmond Terrace", "station_name": "NYC FLEET / DEP_PRTRCH_5_L3", "borough": "Staten Island", "community_district": 501, "type_of_charger": "Level 3 Fast Charger" }, "geometry": { "type": "Point", "coordinates": [ -74.125556, 40.637232 ] } },
{ "type": "Feature", "properties": { "agency": "DEP", "street": "133-25 32nd Ave", "station_name": "NYC FLEET / DEP_Q7-1", "borough": "Queens", "community_district": 407, "type_of_charger": "Level 2 Charger" }, "geometry": { "type": "Point", "coordinates": [ -73.835301, 40.766974 ] } },
{ "type": "Feature", "properties": { "agency": "DEP", "street": "133-25 32nd Avenue", "station_name": "NYC FLEET / DEP_Q7-2", "borough": "Queens", "community_district": 407, "type_of_charger": "Level 2 Charger" }, "geometry": { "type": "Point", "coordinates": [ -73.835301, 40.766974 ] } },
{ "type": "Feature", "properties": { "agency": "DEP", "street": "133-25 32nd Avenue", "station_name": "NYC FLEET / DEP_Q7-3", "borough": "Queens", "community_district": 407, "type_of_charger": "Level 2 Charger" }, "geometry": { "type": "Point", "coordinates": [ -73.835301, 40.766974 ] } },
{ "type": "Feature", "properties": { "agency": "DEP", "street": "133-25 32nd Avenue", "station_name": "NYC FLEET / DEP_Q7-4", "borough": "Queens", "community_district": 407, "type_of_charger": "Level 2 Charger" }, "geometry": { "type": "Point", "coordinates": [ -73.835301, 40.766974 ] } },
{ "type": "Feature", "properties": { "agency": "DEP", "street": "106-36 180Th St", "station_name": "NYC FLEET / DEP_QNSREPAIR01", "borough": "Queens", "community_district": 412, "type_of_charger": "Level 2 Charger" }, "geometry": { "type": "Point", "coordinates": [ -73.77772, 40.703128 ] } },
{ "type": "Feature", "properties": { "agency": "DEP", "street": "106-36 180Th St", "station_name": "NYC FLEET / DEP_QNSREPAIR02", "borough": "Queens", "community_district": 412, "type_of_charger": "Level 2 Charger" }, "geometry": { "type": "Point", "coordinates": [ -73.77772, 40.703128 ] } },
{ "type": "Feature", "properties": { "agency": "DEP", "street": "106-36 180Th St", "station_name": "NYC FLEET / DEP_QNSREPAIR03", "borough": "Queens", "community_district": 412, "type_of_charger": "Level 2 Charger" }, "geometry": { "type": "Point", "coordinates": [ -73.77772, 40.703128 ] } },
{ "type": "Feature", "properties": { "agency": "DEP", "street": "106-36 180Th St", "station_name": "NYC FLEET / DEP_QNSREPAIR04", "borough": "Queens", "community_district": 412, "type_of_charger": "Level 2 Charger" }, "geometry": { "type": "Point", "coordinates": [ -73.77772, 40.703128 ] } },
{ "type": "Feature", "properties": { "agency": "DEP", "street": "106-36 180th St", "station_name": "NYC FLEET / DEP_QNSRPR_1_L3", "borough": "Queens", "community_district": 412, "type_of_charger": "Level 3 Fast Charger" }, "geometry": { "type": "Point", "coordinates": [ -73.77772, 40.703128 ] } },
{ "type": "Feature", "properties": { "agency": "DEP", "street": "106-36 180th St", "station_name": "NYC FLEET / DEP_QNSRPR_2_L3", "borough": "Queens", "community_district": 412, "type_of_charger": "Level 3 Fast Charger" }, "geometry": { "type": "Point", "coordinates": [ -73.77772, 40.703128 ] } },
{ "type": "Feature", "properties": { "agency": "DEP", "street": "49-14 Fresh Meadow Ln", "station_name": "NYC FLEET / DEP_QNSWTR_1_L3", "borough": "Queens", "community_district": 407, "type_of_charger": "Level 3 Fast Charger" }, "geometry": { "type": "Point", "coordinates": [ -73.794673, 40.747092 ] } },
{ "type": "Feature", "properties": { "agency": "DEP", "street": "49-14 Fresh Meadow Ln", "station_name": "NYC FLEET / DEP_QNSWTR_2_L3", "borough": "Queens", "community_district": 407, "type_of_charger": "Level 3 Fast Charger" }, "geometry": { "type": "Point", "coordinates": [ -73.794673, 40.747092 ] } },
{ "type": "Feature", "properties": { "agency": "DEP", "street": "49-14 Fresh Meadow Ln", "station_name": "NYC FLEET / DEP_QNSWTR_3_L3", "borough": "Queens", "community_district": 407, "type_of_charger": "Level 3 Fast Charger" }, "geometry": { "type": "Point", "coordinates": [ -73.794673, 40.747092 ] } },
{ "type": "Feature", "properties": { "agency": "DEP", "street": "49-14 Fresh Meadow Ln", "station_name": "NYC FLEET / DEP_QNSWTR_4_L3", "borough": "Queens", "community_district": 407, "type_of_charger": "Level 3 Fast Charger" }, "geometry": { "type": "Point", "coordinates": [ -73.794673, 40.747092 ] } },
{ "type": "Feature", "properties": { "agency": "DEP", "street": "49-14 Fresh Meadow Ln", "station_name": "NYC FLEET / DEP_QNSWTR-1", "borough": "Queens", "community_district": 407, "type_of_charger": "Level 2 Charger" }, "geometry": { "type": "Point", "coordinates": [ -73.794673, 40.747092 ] } },
{ "type": "Feature", "properties": { "agency": "DEP", "street": "63 Flushing Ave", "station_name": "NYC FLEET / DEP_RED HOOK", "borough": "Brooklyn", "community_district": 302, "type_of_charger": "Level 2 Charger" }, "geometry": { "type": "Point", "coordinates": [ -73.974986, 40.69802 ] } },
{ "type": "Feature", "properties": { "agency": "DEP", "street": "63 Flushing Ave", "station_name": "NYC FLEET / DEP_RHWWTP_1_L3", "borough": "Brooklyn", "community_district": 302, "type_of_charger": "Level 3 Fast Charger" }, "geometry": { "type": "Point", "coordinates": [ -73.974986, 40.69802 ] } },
{ "type": "Feature", "properties": { "agency": "DEP", "street": "63 Flushing Ave", "station_name": "NYC FLEET / DEP_RHWWTP_2_L3", "borough": "Brooklyn", "community_district": 302, "type_of_charger": "Level 3 Fast Charger" }, "geometry": { "type": "Point", "coordinates": [ -73.974986, 40.69802 ] } },
{ "type": "Feature", "properties": { "agency": "DEP", "street": "182 Joline Ave", "station_name": "NYC FLEET / DEP_SIREPAIR-S1", "borough": "Staten Island", "community_district": 503, "type_of_charger": "EV Solar Arc Charger" }, "geometry": { "type": "Point", "coordinates": [ -74.235614, 40.508319 ] } },
{ "type": "Feature", "properties": { "agency": "DEP", "street": "182 Joline Ave", "station_name": "NYC FLEET / DEP_SIREPAIR-S2", "borough": "Staten Island", "community_district": 503, "type_of_charger": "EV Solar Arc Charger" }, "geometry": { "type": "Point", "coordinates": [ -74.235614, 40.508319 ] } },
{ "type": "Feature", "properties": { "agency": "DEP", "street": "350 Flushing Ave", "station_name": "NYC FLEET / DEP_SMAINT_1_L3", "borough": "Brooklyn", "community_district": 303, "type_of_charger": "Level 3 Fast Charger" }, "geometry": { "type": "Point", "coordinates": [ -73.960921, 40.69834 ] } },
{ "type": "Feature", "properties": { "agency": "DEP", "street": "350 Flushing Ave", "station_name": "NYC FLEET / DEP_SMAINT_2_L3", "borough": "Brooklyn", "community_district": 303, "type_of_charger": "Level 3 Fast Charger" }, "geometry": { "type": "Point", "coordinates": [ -73.960921, 40.69834 ] } },
{ "type": "Feature", "properties": { "agency": "DEP", "street": "127-01 Powell Cove Blvd", "station_name": "NYC FLEET / DEP_TALLMN_1_L3", "borough": "Queens", "community_district": 407, "type_of_charger": "Level 3 Fast Charger" }, "geometry": { "type": "Point", "coordinates": [ -73.840525, 40.793864 ] } },
{ "type": "Feature", "properties": { "agency": "DEP", "street": "127-01 Powell Cove Blvd", "station_name": "NYC FLEET / DEP_TALLMN_2_L3", "borough": "Queens", "community_district": 407, "type_of_charger": "Level 3 Fast Charger" }, "geometry": { "type": "Point", "coordinates": [ -73.840525, 40.793864 ] } },
{ "type": "Feature", "properties": { "agency": "DEP", "street": "725 W 135Th St", "station_name": "NYC FLEET / DEP_W135ST#1", "borough": "Manhattan", "community_district": 109, "type_of_charger": "Level 2 Charger" }, "geometry": { "type": "Point", "coordinates": [ -73.9581, 40.821384 ] } },
{ "type": "Feature", "properties": { "agency": "DEP", "street": "725 W 135Th St", "station_name": "NYC FLEET / DEP_W135ST#2", "borough": "Manhattan", "community_district": 109, "type_of_charger": "Level 2 Charger" }, "geometry": { "type": "Point", "coordinates": [ -73.9581, 40.821384 ] } },
{ "type": "Feature", "properties": { "agency": "DEP", "street": "148 6 Dr", "station_name": "NYC FLEET / DEP_WARDMRNE-1", "borough": "Manhattan", "community_district": 111, "type_of_charger": "Level 2 Charger" }, "geometry": { "type": "Point", "coordinates": [ -73.920097, 40.788869 ] } },
{ "type": "Feature", "properties": { "agency": "DEP", "street": "104 B Rd", "station_name": "NYC FLEET / DEP_WARDNEWADMN", "borough": "Manhattan", "community_district": 111, "type_of_charger": "Level 2 Charger" }, "geometry": { "type": "Point", "coordinates": [ -73.925083, 40.787146 ] } },
{ "type": "Feature", "properties": { "agency": "DEP", "street": "104 B Rd", "station_name": "NYC FLEET / DEP_WARDS_1_L3", "borough": "Manhattan", "community_district": 111, "type_of_charger": "Level 3 Fast Charger" }, "geometry": { "type": "Point", "coordinates": [ -73.925083, 40.787146 ] } },
{ "type": "Feature", "properties": { "agency": "DEP", "street": "104 B Rd", "station_name": "NYC FLEET / DEP_WARDS_2_L3", "borough": "Manhattan", "community_district": 111, "type_of_charger": "Level 3 Fast Charger" }, "geometry": { "type": "Point", "coordinates": [ -73.925083, 40.787146 ] } },
{ "type": "Feature", "properties": { "agency": "DEP", "street": "142 A Rd", "station_name": "NYC FLEET / DEP_WARDS_3_L3", "borough": "Manhattan", "community_district": 111, "type_of_charger": "Level 3 Fast Charger" }, "geometry": { "type": "Point", "coordinates": [ -73.923366, 40.785113 ] } },
{ "type": "Feature", "properties": { "agency": "DEP", "street": "142 A Rd", "station_name": "NYC FLEET / DEP_WARDS_4_L3", "borough": "Manhattan", "community_district": 111, "type_of_charger": "Level 3 Fast Charger" }, "geometry": { "type": "Point", "coordinates": [ -73.923366, 40.785113 ] } },
{ "type": "Feature", "properties": { "agency": "DEP", "street": "142 A Rd", "station_name": "NYC FLEET / DEP_WARDS_5_L3", "borough": "Manhattan", "community_district": 111, "type_of_charger": "Level 3 Fast Charger" }, "geometry": { "type": "Point", "coordinates": [ -73.923366, 40.785113 ] } },
{ "type": "Feature", "properties": { "agency": "DEP", "street": "142 A Rd", "station_name": "NYC FLEET / DEP_WARDS_6_L3", "borough": "Manhattan", "community_district": 111, "type_of_charger": "Level 3 Fast Charger" }, "geometry": { "type": "Point", "coordinates": [ -73.923366, 40.785113 ] } },
{ "type": "Feature", "properties": { "agency": "DEP", "street": "149 8 Dr", "station_name": "NYC FLEET / DEP_WARDS_7_L3", "borough": "Manhattan", "community_district": 111, "type_of_charger": "Level 3 Fast Charger" }, "geometry": { "type": "Point", "coordinates": [ -73.919762, 40.788166 ] } },
{ "type": "Feature", "properties": { "agency": "DEP", "street": "149 8 Dr", "station_name": "NYC FLEET / DEP_WARDS_8_L3", "borough": "Manhattan", "community_district": 111, "type_of_charger": "Level 3 Fast Charger" }, "geometry": { "type": "Point", "coordinates": [ -73.919762, 40.788166 ] } },
{ "type": "Feature", "properties": { "agency": "DEP", "street": "106 2Nd Dr", "station_name": "NYC FLEET / DEP_WARDSADMN-1", "borough": "Manhattan", "community_district": 111, "type_of_charger": "Level 2 Charger" }, "geometry": { "type": "Point", "coordinates": [ -73.924539, 40.788715 ] } },
{ "type": "Feature", "properties": { "agency": "DEP", "street": "111 3Rd Dr", "station_name": "NYC FLEET / DEP_WARDS-ARC", "borough": "Manhattan", "community_district": 111, "type_of_charger": "EV Solar Arc Charger" }, "geometry": { "type": "Point", "coordinates": [ -73.924403, 40.787573 ] } },
{ "type": "Feature", "properties": { "agency": "DEP", "street": "143 A Rd", "station_name": "NYC FLEET / DEP_WARDSTLR-1", "borough": "Manhattan", "community_district": 111, "type_of_charger": "Level 2 Charger" }, "geometry": { "type": "Point", "coordinates": [ -73.923366, 40.785113 ] } },
{ "type": "Feature", "properties": { "agency": "DEP", "street": "116 4Th Dr", "station_name": "NYC FLEET / DEP_WARDTRLR116", "borough": "Manhattan", "community_district": 111, "type_of_charger": "Level 2 Charger" }, "geometry": { "type": "Point", "coordinates": [ -73.921051, 40.791082 ] } },
{ "type": "Feature", "properties": { "agency": "DEP", "street": "3327-3549 Jerome Ave", "station_name": "NYC FLEET / DEP_WS_JEROME", "borough": "Bronx", "community_district": 207, "type_of_charger": "Level 2 Charger" }, "geometry": { "type": "Point", "coordinates": [ -73.885016, 40.879456 ] } },
{ "type": "Feature", "properties": { "agency": "DEP", "street": "1260 Ryawa Ave", "station_name": "NYC FLEET / DEP_WT_HP_ADMIN", "borough": "Bronx", "community_district": 202, "type_of_charger": "Level 2 Charger" }, "geometry": { "type": "Point", "coordinates": [ -73.885322, 40.804742 ] } },
{ "type": "Feature", "properties": { "agency": "DEP", "street": "1260 Ryawa Ave", "station_name": "NYC FLEET / DEP_WT_HP_CONST", "borough": "Bronx", "community_district": 202, "type_of_charger": "Level 2 Charger" }, "geometry": { "type": "Point", "coordinates": [ -73.885322, 40.804742 ] } },
{ "type": "Feature", "properties": { "agency": "DEP", "street": "1887 Ralph Ave", "station_name": "NYC FLEET / DEP_WT_PAEDERGA", "borough": "Brooklyn", "community_district": 318, "type_of_charger": "Level 2 Charger" }, "geometry": { "type": "Point", "coordinates": [ -73.918502, 40.631239 ] } },
{ "type": "Feature", "properties": { "agency": "DEP", "street": "289-369 Greenpoint Ave", "station_name": "NYC FLEET / DEP_WTNEWTOWN-1", "borough": "Brooklyn", "community_district": 301, "type_of_charger": "Level 2 Charger" }, "geometry": { "type": "Point", "coordinates": [ -73.947675, 40.730973 ] } },
{ "type": "Feature", "properties": { "agency": "DEP", "street": "2509 Knapp St", "station_name": "NYC FLEET / DEPCNY_ISL_1_L3", "borough": "Brooklyn", "community_district": 315, "type_of_charger": "Level 3 Fast Charger" }, "geometry": { "type": "Point", "coordinates": [ -73.932521, 40.592085 ] } },
{ "type": "Feature", "properties": { "agency": "DEP", "street": "58-30 Grand Ave", "station_name": "NYC FLEET / DEP-FMC", "borough": "Queens", "community_district": 405, "type_of_charger": "Level 2 Charger" }, "geometry": { "type": "Point", "coordinates": [ -73.91119, 40.719651 ] } },
{ "type": "Feature", "properties": { "agency": "DEP", "street": "150-20 134th St", "station_name": "NYC FLEET / DEPJAMAICA_1_L3", "borough": "Queens", "community_district": 410, "type_of_charger": "Level 3 Fast Charger" }, "geometry": { "type": "Point", "coordinates": [ -73.806765, 40.662964 ] } },
{ "type": "Feature", "properties": { "agency": "DEP", "street": "150-20 134 Street", "station_name": "NYC FLEET / DEPJAMAICA_2_L3", "borough": "Queens", "community_district": 410, "type_of_charger": "Level 3 Fast Charger" }, "geometry": { "type": "Point", "coordinates": [ -73.806765, 40.662964 ] } },
{ "type": "Feature", "properties": { "agency": "DEP", "street": "150-20 134th St", "station_name": "NYC FLEET / DEPJAMAICA_3_L3", "borough": "Queens", "community_district": 410, "type_of_charger": "Level 3 Fast Charger" }, "geometry": { "type": "Point", "coordinates": [ -73.806765, 40.662964 ] } },
{ "type": "Feature", "properties": { "agency": "DEP", "street": "150-20 134 Street", "station_name": "NYC FLEET / DEPJAMAICA_4_L3", "borough": "Queens", "community_district": 410, "type_of_charger": "Level 3 Fast Charger" }, "geometry": { "type": "Point", "coordinates": [ -73.806765, 40.662964 ] } },
{ "type": "Feature", "properties": { "agency": "DEP", "street": "319 Greenpoint Ave", "station_name": "NYC FLEET / DEPNEWTOWNCRK01", "borough": "Brooklyn", "community_district": 301, "type_of_charger": "Level 2 Charger" }, "geometry": { "type": "Point", "coordinates": [ -73.946848, 40.731272 ] } },
{ "type": "Feature", "properties": { "agency": "DEP", "street": "319 Greenpoint Ave", "station_name": "NYC FLEET / DEPNEWTOWNCRK02", "borough": "Brooklyn", "community_district": 301, "type_of_charger": "Level 2 Charger" }, "geometry": { "type": "Point", "coordinates": [ -73.946848, 40.731272 ] } },
{ "type": "Feature", "properties": { "agency": "DEP", "street": "319 Greenpoint Ave", "station_name": "NYC FLEET / DEPNEWTOWNCRK03", "borough": "Brooklyn", "community_district": 301, "type_of_charger": "Level 2 Charger" }, "geometry": { "type": "Point", "coordinates": [ -73.946848, 40.731272 ] } },
{ "type": "Feature", "properties": { "agency": "DEP", "street": "750 W 145Th St", "station_name": "NYC FLEET / DEPNORTHRIVER01", "borough": "Manhattan", "community_district": 109, "type_of_charger": "Level 2 Charger" }, "geometry": { "type": "Point", "coordinates": [ -73.95466, 40.827108 ] } },
{ "type": "Feature", "properties": { "agency": "DEP", "street": "725 W 135Th St", "station_name": "NYC FLEET / DEPNRVWWTP_1_L3", "borough": "Manhattan", "community_district": 109, "type_of_charger": "Level 3 Fast Charger" }, "geometry": { "type": "Point", "coordinates": [ -73.9581, 40.821384 ] } },
{ "type": "Feature", "properties": { "agency": "DEP", "street": "725 W 135th St", "station_name": "NYC FLEET / DEPNRVWWTP_2_L3", "borough": "Manhattan", "community_district": 109, "type_of_charger": "Level 3 Fast Charger" }, "geometry": { "type": "Point", "coordinates": [ -73.9581, 40.821384 ] } },
{ "type": "Feature", "properties": { "agency": "DEP", "street": "725 W 135th St", "station_name": "NYC FLEET / DEPNRVWWTP_3_L3", "borough": "Manhattan", "community_district": 109, "type_of_charger": "Level 3 Fast Charger" }, "geometry": { "type": "Point", "coordinates": [ -73.9581, 40.821384 ] } },
{ "type": "Feature", "properties": { "agency": "DEP", "street": "725 W 135th St", "station_name": "NYC FLEET / DEPNRVWWTP_4_L3", "borough": "Manhattan", "community_district": 109, "type_of_charger": "Level 3 Fast Charger" }, "geometry": { "type": "Point", "coordinates": [ -73.9581, 40.821384 ] } },
{ "type": "Feature", "properties": { "agency": "DEP", "street": "725 W 135th St", "station_name": "NYC FLEET / DEPNRVWWTP_5_L3", "borough": "Manhattan", "community_district": 109, "type_of_charger": "Level 3 Fast Charger" }, "geometry": { "type": "Point", "coordinates": [ -73.9581, 40.821384 ] } },
{ "type": "Feature", "properties": { "agency": "DEP", "street": "725 W 135th St", "station_name": "NYC FLEET / DEPNRVWWTP_6_L3", "borough": "Manhattan", "community_district": 109, "type_of_charger": "Level 3 Fast Charger" }, "geometry": { "type": "Point", "coordinates": [ -73.9581, 40.821384 ] } },
{ "type": "Feature", "properties": { "agency": "DEP", "street": "725 W 135th St", "station_name": "NYC FLEET / DEPNRVWWTP_7_L3", "borough": "Manhattan", "community_district": 109, "type_of_charger": "Level 3 Fast Charger" }, "geometry": { "type": "Point", "coordinates": [ -73.9581, 40.821384 ] } },
{ "type": "Feature", "properties": { "agency": "DEP", "street": "725 W 135th St", "station_name": "NYC FLEET / DEPNRVWWTP_8_L3", "borough": "Manhattan", "community_district": 109, "type_of_charger": "Level 3 Fast Charger" }, "geometry": { "type": "Point", "coordinates": [ -73.9581, 40.821384 ] } },
{ "type": "Feature", "properties": { "agency": "DEP", "street": "735 W 135th St", "station_name": "NYC FLEET / DEPNRVWWTP_9_L3", "borough": "Manhattan", "community_district": 109, "type_of_charger": "Level 3 Fast Charger" }, "geometry": { "type": "Point", "coordinates": [ -73.958161, 40.821408 ] } },
{ "type": "Feature", "properties": { "agency": "DEP", "street": "735 W 135th St", "station_name": "NYC FLEET / DEPNRVWWTP10_L3", "borough": "Manhattan", "community_district": 109, "type_of_charger": "Level 3 Fast Charger" }, "geometry": { "type": "Point", "coordinates": [ -73.958161, 40.821408 ] } },
{ "type": "Feature", "properties": { "agency": "DEP", "street": "735 W 135th St", "station_name": "NYC FLEET / DEPNRVWWTP11_L3", "borough": "Manhattan", "community_district": 109, "type_of_charger": "Level 3 Fast Charger" }, "geometry": { "type": "Point", "coordinates": [ -73.958161, 40.821408 ] } },
{ "type": "Feature", "properties": { "agency": "DEP", "street": "735 W 135th St", "station_name": "NYC FLEET / DEPNRVWWTP12_L3", "borough": "Manhattan", "community_district": 109, "type_of_charger": "Level 3 Fast Charger" }, "geometry": { "type": "Point", "coordinates": [ -73.958161, 40.821408 ] } },
{ "type": "Feature", "properties": { "agency": "DEP", "street": "735 W 135th St", "station_name": "NYC FLEET / DEPNRVWWTP13_L3", "borough": "Manhattan", "community_district": 109, "type_of_charger": "Level 3 Fast Charger" }, "geometry": { "type": "Point", "coordinates": [ -73.958161, 40.821408 ] } },
{ "type": "Feature", "properties": { "agency": "DEP", "street": "327 Greenpoint Ave", "station_name": "NYC FLEET / DEPNTWNCRK_1_L3", "borough": "Brooklyn", "community_district": 301, "type_of_charger": "Level 3 Fast Charger" }, "geometry": { "type": "Point", "coordinates": [ -73.946628, 40.731351 ] } },
{ "type": "Feature", "properties": { "agency": "DEP", "street": "319 Greenpoint Ave", "station_name": "NYC FLEET / DEPNTWNCRK_2_L3", "borough": "Brooklyn", "community_district": 301, "type_of_charger": "Level 3 Fast Charger" }, "geometry": { "type": "Point", "coordinates": [ -73.946848, 40.731272 ] } },
{ "type": "Feature", "properties": { "agency": "DEP", "street": "319 Greenpoint Ave", "station_name": "NYC FLEET / DEPNTWNCRK_3_L3", "borough": "Brooklyn", "community_district": 301, "type_of_charger": "Level 3 Fast Charger" }, "geometry": { "type": "Point", "coordinates": [ -73.946848, 40.731272 ] } },
{ "type": "Feature", "properties": { "agency": "DEP", "street": "319 Greenpoint Ave", "station_name": "NYC FLEET / DEPNTWNCRK_4_L3", "borough": "Brooklyn", "community_district": 301, "type_of_charger": "Level 3 Fast Charger" }, "geometry": { "type": "Point", "coordinates": [ -73.946848, 40.731272 ] } },
{ "type": "Feature", "properties": { "agency": "DEP", "street": "319 Greenpoint Ave", "station_name": "NYC FLEET / DEPNTWNCRK_5_L3", "borough": "Brooklyn", "community_district": 301, "type_of_charger": "Level 3 Fast Charger" }, "geometry": { "type": "Point", "coordinates": [ -73.946848, 40.731272 ] } },
{ "type": "Feature", "properties": { "agency": "DEP", "street": "319 Greenpoint Ave", "station_name": "NYC FLEET / DEPNTWNCRK_6_L3", "borough": "Brooklyn", "community_district": 301, "type_of_charger": "Level 3 Fast Charger" }, "geometry": { "type": "Point", "coordinates": [ -73.946848, 40.731272 ] } },
{ "type": "Feature", "properties": { "agency": "DEP", "street": "329 Greenpoint Avenue", "station_name": "NYC FLEET / DEPNTWNOFFICE-1", "borough": "Brooklyn", "community_district": 301, "type_of_charger": "Level 2 Charger" }, "geometry": { "type": "Point", "coordinates": [ -73.946271, 40.731483 ] } },
{ "type": "Feature", "properties": { "agency": "DEP", "street": "329 Greenpoint Avenue", "station_name": "NYC FLEET / DEPNTWNOFFICE-2", "borough": "Brooklyn", "community_district": 301, "type_of_charger": "Level 2 Charger" }, "geometry": { "type": "Point", "coordinates": [ -73.946271, 40.731483 ] } },
{ "type": "Feature", "properties": { "agency": "DEP", "street": "329 Greenpoint Avenue", "station_name": "NYC FLEET / DEPNTWNOFFICE-3", "borough": "Brooklyn", "community_district": 301, "type_of_charger": "Level 2 Charger" }, "geometry": { "type": "Point", "coordinates": [ -73.946271, 40.731483 ] } },
{ "type": "Feature", "properties": { "agency": "DEP", "street": "329 Greenpoint Avenue", "station_name": "NYC FLEET / DEPNTWNOFFICE-4", "borough": "Brooklyn", "community_district": 301, "type_of_charger": "Level 2 Charger" }, "geometry": { "type": "Point", "coordinates": [ -73.946271, 40.731483 ] } },
{ "type": "Feature", "properties": { "agency": "DEP", "street": "329 Greenpoint Avenue", "station_name": "NYC FLEET / DEPNTWNOFFICE-5", "borough": "Brooklyn", "community_district": 301, "type_of_charger": "Level 2 Charger" }, "geometry": { "type": "Point", "coordinates": [ -73.946271, 40.731483 ] } },
{ "type": "Feature", "properties": { "agency": "DEP", "street": "329 Greenpoint Avenue", "station_name": "NYC FLEET / DEPNTWNOFFICE-6", "borough": "Brooklyn", "community_district": 301, "type_of_charger": "Level 2 Charger" }, "geometry": { "type": "Point", "coordinates": [ -73.946271, 40.731483 ] } },
{ "type": "Feature", "properties": { "agency": "DEP", "street": "329 Greenpoint Avenue", "station_name": "NYC FLEET / DEPNTWNOFFICE-7", "borough": "Brooklyn", "community_district": 301, "type_of_charger": "Level 2 Charger" }, "geometry": { "type": "Point", "coordinates": [ -73.946271, 40.731483 ] } },
{ "type": "Feature", "properties": { "agency": "DEP", "street": "683 Mill Rd", "station_name": "NYC FLEET / DEPOAKWWTP_1_L3", "borough": "Staten Island", "community_district": 503, "type_of_charger": "Level 3 Fast Charger" }, "geometry": { "type": "Point", "coordinates": [ -74.117306, 40.553917 ] } },
{ "type": "Feature", "properties": { "agency": "DEP", "street": "683 Mill Rd", "station_name": "NYC FLEET / DEPOAKWWTP_2_L3", "borough": "Staten Island", "community_district": 503, "type_of_charger": "Level 3 Fast Charger" }, "geometry": { "type": "Point", "coordinates": [ -74.117306, 40.553917 ] } },
{ "type": "Feature", "properties": { "agency": "DEP", "street": "751 Mill Rd", "station_name": "NYC FLEET / DEPOAKWWTP_3_L3", "borough": "Staten Island", "community_district": 503, "type_of_charger": "Level 3 Fast Charger" }, "geometry": { "type": "Point", "coordinates": [ -74.116133, 40.552071 ] } },
{ "type": "Feature", "properties": { "agency": "DEP", "street": "751 Mill Rd", "station_name": "NYC FLEET / DEPOAKWWTP_4_L3", "borough": "Staten Island", "community_district": 503, "type_of_charger": "Level 3 Fast Charger" }, "geometry": { "type": "Point", "coordinates": [ -74.116133, 40.552071 ] } },
{ "type": "Feature", "properties": { "agency": "DEP", "street": "751 Mill Rd", "station_name": "NYC FLEET / DEPOAKWWTP_5_L3", "borough": "Staten Island", "community_district": 503, "type_of_charger": "Level 3 Fast Charger" }, "geometry": { "type": "Point", "coordinates": [ -74.116133, 40.552071 ] } },
{ "type": "Feature", "properties": { "agency": "DEP", "street": "751 Mill Rd", "station_name": "NYC FLEET / DEPOAKWWTP_6_L3", "borough": "Staten Island", "community_district": 503, "type_of_charger": "Level 3 Fast Charger" }, "geometry": { "type": "Point", "coordinates": [ -74.116133, 40.552071 ] } },
{ "type": "Feature", "properties": { "agency": "DEP", "street": "751 Mill Rd", "station_name": "NYC FLEET / DEPOAKWWTP_7_L3", "borough": "Staten Island", "community_district": 503, "type_of_charger": "Level 3 Fast Charger" }, "geometry": { "type": "Point", "coordinates": [ -74.116133, 40.552071 ] } },
{ "type": "Feature", "properties": { "agency": "DEP", "street": "751 Mill Rd", "station_name": "NYC FLEET / DEPOAKWWTP_8_L3", "borough": "Staten Island", "community_district": 503, "type_of_charger": "Level 3 Fast Charger" }, "geometry": { "type": "Point", "coordinates": [ -74.116133, 40.552071 ] } },
{ "type": "Feature", "properties": { "agency": "DEP", "street": "133-25 32nd Avenue", "station_name": "NYC FLEET / DEPQNSNSWR_1_L3", "borough": "Queens", "community_district": 407, "type_of_charger": "Level 3 Fast Charger" }, "geometry": { "type": "Point", "coordinates": [ -73.835301, 40.766974 ] } },
{ "type": "Feature", "properties": { "agency": "DEP", "street": "133-25 32nd Avenue", "station_name": "NYC FLEET / DEPQNSNSWR_2_L3", "borough": "Queens", "community_district": 407, "type_of_charger": "Level 3 Fast Charger" }, "geometry": { "type": "Point", "coordinates": [ -73.835301, 40.766974 ] } },
{ "type": "Feature", "properties": { "agency": "DEP", "street": "133-25 32nd Avenue", "station_name": "NYC FLEET / DEPQNSNSWR_3_L3", "borough": "Queens", "community_district": 407, "type_of_charger": "Level 3 Fast Charger" }, "geometry": { "type": "Point", "coordinates": [ -73.835301, 40.766974 ] } },
{ "type": "Feature", "properties": { "agency": "DEP", "street": "106-36 180th St", "station_name": "NYC FLEET / DEPQUEENSREP-S1", "borough": "Queens", "community_district": 412, "type_of_charger": "EV Solar Arc Charger" }, "geometry": { "type": "Point", "coordinates": [ -73.77772, 40.703128 ] } },
{ "type": "Feature", "properties": { "agency": "DEP", "street": "106-36 180th St", "station_name": "NYC FLEET / DEPQUEENSREP-S2", "borough": "Queens", "community_district": 412, "type_of_charger": "EV Solar Arc Charger" }, "geometry": { "type": "Point", "coordinates": [ -73.77772, 40.703128 ] } },
{ "type": "Feature", "properties": { "agency": "DHS", "street": "300 Skillman Ave", "station_name": "NYC FLEET / DHS_BKLMNR_1_L3", "borough": "Brooklyn", "community_district": 301, "type_of_charger": "Level 3 Fast Charger" }, "geometry": { "type": "Point", "coordinates": [ -73.939205, 40.71663 ] } },
{ "type": "Feature", "properties": { "agency": "DHS", "street": "300 Skillman Ave", "station_name": "NYC FLEET / DHS_BKLMNR-1", "borough": "Brooklyn", "community_district": 301, "type_of_charger": "Level 2 Charger" }, "geometry": { "type": "Point", "coordinates": [ -73.939205, 40.71663 ] } },
{ "type": "Feature", "properties": { "agency": "DHS", "street": "300 Skillman Ave", "station_name": "NYC FLEET / DHS_BKLMNR-2", "borough": "Brooklyn", "community_district": 301, "type_of_charger": "Level 2 Charger" }, "geometry": { "type": "Point", "coordinates": [ -73.939205, 40.71663 ] } },
{ "type": "Feature", "properties": { "agency": "DHS", "street": "64 Sunken Garden Loop", "station_name": "NYC FLEET / DHS_COMM#27", "borough": "Manhattan", "community_district": 111, "type_of_charger": "Level 2 Charger" }, "geometry": { "type": "Point", "coordinates": [ -73.931397, 40.785494 ] } },
{ "type": "Feature", "properties": { "agency": "DHS", "street": "10107 Farragut Rd", "station_name": "NYC FLEET / DHS_FARRAGUT-1", "borough": "Brooklyn", "community_district": 318, "type_of_charger": "Level 2 Charger" }, "geometry": { "type": "Point", "coordinates": [ -73.901772, 40.648081 ] } },
{ "type": "Feature", "properties": { "agency": "DHS", "street": "10107 Farragut Rd", "station_name": "NYC FLEET / DHS_FARRAGUT-2", "borough": "Brooklyn", "community_district": 318, "type_of_charger": "Level 2 Charger" }, "geometry": { "type": "Point", "coordinates": [ -73.901772, 40.648081 ] } },
{ "type": "Feature", "properties": { "agency": "DHS", "street": "10107 Farragut Rd", "station_name": "NYC FLEET / DHS_FARRAGUT-3", "borough": "Brooklyn", "community_district": 318, "type_of_charger": "Level 2 Charger" }, "geometry": { "type": "Point", "coordinates": [ -73.901772, 40.648081 ] } },
{ "type": "Feature", "properties": { "agency": "DHS", "street": "10107 Farragut Rd", "station_name": "NYC FLEET / DHSFARAGUT_1_L3", "borough": "Brooklyn", "community_district": 318, "type_of_charger": "Level 3 Fast Charger" }, "geometry": { "type": "Point", "coordinates": [ -73.901772, 40.648081 ] } },
{ "type": "Feature", "properties": { "agency": "DHS", "street": "10107 Farragut Rd", "station_name": "NYC FLEET / DHSFARAGUT_2_L3", "borough": "Brooklyn", "community_district": 318, "type_of_charger": "Level 3 Fast Charger" }, "geometry": { "type": "Point", "coordinates": [ -73.901772, 40.648081 ] } },
{ "type": "Feature", "properties": { "agency": "DHS", "street": "10107 Farragut Rd", "station_name": "NYC FLEET / DHSFARAGUT_3_L3", "borough": "Brooklyn", "community_district": 318, "type_of_charger": "Level 3 Fast Charger" }, "geometry": { "type": "Point", "coordinates": [ -73.901772, 40.648081 ] } },
{ "type": "Feature", "properties": { "agency": "DHS", "street": "10107 Farragut Rd", "station_name": "NYC FLEET / DHSFARAGUT_4_L3", "borough": "Brooklyn", "community_district": 318, "type_of_charger": "Level 3 Fast Charger" }, "geometry": { "type": "Point", "coordinates": [ -73.901772, 40.648081 ] } },
{ "type": "Feature", "properties": { "agency": "DOB", "street": "280 Broadway", "station_name": "NYC FLEET / DOB_BRDWY_1_L3", "borough": "Manhattan", "community_district": 101, "type_of_charger": "Level 3 Fast Charger" }, "geometry": { "type": "Point", "coordinates": [ -74.006089, 40.714417 ] } },
{ "type": "Feature", "properties": { "agency": "DOB", "street": "120-55 Queens Blvd", "station_name": "NYC FLEET / DOB_QBH-S1", "borough": "Queens", "community_district": 409, "type_of_charger": "EV Solar Arc Charger" }, "geometry": { "type": "Point", "coordinates": [ -73.828601, 40.713329 ] } },
{ "type": "Feature", "properties": { "agency": "DOC", "street": "16-16 Hazen St", "station_name": "NYC FLEET / DOC_CHAPEL_2_L3", "borough": "Queens", "community_district": 401, "type_of_charger": "Level 3 Fast Charger" }, "geometry": { "type": "Point", "coordinates": [ -73.884412, 40.790301 ] } },
{ "type": "Feature", "properties": { "agency": "DOC", "street": "16-16 Hazen St", "station_name": "NYC FLEET / DOC_CHAPEL_3_L3", "borough": "Queens", "community_district": 401, "type_of_charger": "Level 3 Fast Charger" }, "geometry": { "type": "Point", "coordinates": [ -73.884412, 40.790301 ] } },
{ "type": "Feature", "properties": { "agency": "DOC", "street": "16-16 Hazen St", "station_name": "NYC FLEET / DOC_CHAPEL_4_L3", "borough": "Queens", "community_district": 401, "type_of_charger": "Level 3 Fast Charger" }, "geometry": { "type": "Point", "coordinates": [ -73.884412, 40.790301 ] } },
{ "type": "Feature", "properties": { "agency": "DOC", "street": "16-16 Hazen St", "station_name": "NYC FLEET / DOC_CHAPEL_5_L3", "borough": "Queens", "community_district": 401, "type_of_charger": "Level 3 Fast Charger" }, "geometry": { "type": "Point", "coordinates": [ -73.884412, 40.790301 ] } },
{ "type": "Feature", "properties": { "agency": "DOC", "street": "16-16 Hazen St", "station_name": "NYC FLEET / DOC_CHAPEL_6_L3", "borough": "Queens", "community_district": 401, "type_of_charger": "Level 3 Fast Charger" }, "geometry": { "type": "Point", "coordinates": [ -73.884412, 40.790301 ] } },
{ "type": "Feature", "properties": { "agency": "DOC", "street": "12-00 Hazen Street", "station_name": "NYC FLEET / DOC_CHAPEL-1", "borough": "Queens", "community_district": 401, "type_of_charger": "Level 2 Charger" }, "geometry": { "type": "Point", "coordinates": [ -73.884156, 40.793765 ] } },
{ "type": "Feature", "properties": { "agency": "DOC", "street": "15-0 Hazen St", "station_name": "NYC FLEET / DOC_CHAPEL-S1", "borough": "Queens", "community_district": 401, "type_of_charger": "EV Solar Arc Charger" }, "geometry": { "type": "Point", "coordinates": [ -73.884396, 40.790985 ] } },
{ "type": "Feature", "properties": { "agency": "DOC", "street": "Rikers Island", "station_name": "NYC FLEET / DOC_DCJC", "borough": "Queens", "community_district": 401, "type_of_charger": "Level 2 Charger" }, "geometry": { "type": "Point", "coordinates": [ -73.881894, 40.790576 ] } },
{ "type": "Feature", "properties": { "agency": "DOC", "street": "16-06 Hazen St", "station_name": "NYC FLEET / DOC_FDC TRAILER", "borough": "Bronx", "community_district": 401, "type_of_charger": "Level 2 Charger" }, "geometry": { "type": "Point", "coordinates": [ -73.884412, 40.790307 ] } },
{ "type": "Feature", "properties": { "agency": "DOC", "street": "1717 Hazen St.", "station_name": "NYC FLEET / DOC_FLEETMT1A-B", "borough": "Queens", "community_district": 401, "type_of_charger": "Level 2 Charger" }, "geometry": { "type": "Point", "coordinates": [ -73.884411, 40.788899 ] } },
{ "type": "Feature", "properties": { "agency": "DOC", "street": "1717 Hazen Street", "station_name": "NYC FLEET / DOC_FLEETMT2A-B", "borough": "Queens", "community_district": 401, "type_of_charger": "Level 2 Charger" }, "geometry": { "type": "Point", "coordinates": [ -73.884411, 40.788899 ] } },
{ "type": "Feature", "properties": { "agency": "DOC", "street": "17-17 Hazen St", "station_name": "NYC FLEET / DOC_FLEETUNIT-1", "borough": "Bronx", "community_district": 401, "type_of_charger": "Level 2 Charger" }, "geometry": { "type": "Point", "coordinates": [ -73.884411, 40.788899 ] } },
{ "type": "Feature", "properties": { "agency": "DOC", "street": "15-15 Hazen Street", "station_name": "NYC FLEET / DOC_GMDCREAR#1", "borough": "Queens", "community_district": 401, "type_of_charger": "Level 2 Charger" }, "geometry": { "type": "Point", "coordinates": [ -73.884374, 40.790976 ] } },
{ "type": "Feature", "properties": { "agency": "DOC", "street": "09-09 Hazen Street", "station_name": "NYC FLEET / DOC_GRVC-1", "borough": "Queens", "community_district": 401, "type_of_charger": "Level 2 Charger" }, "geometry": { "type": "Point", "coordinates": [ -73.884162, 40.794577 ] } },
{ "type": "Feature", "properties": { "agency": "DOC", "street": "16-16 Hazen St", "station_name": "NYC FLEET / DOC_HAZEN16", "borough": "Bronx", "community_district": 401, "type_of_charger": "Level 2 Charger" }, "geometry": { "type": "Point", "coordinates": [ -73.884412, 40.790301 ] } },
{ "type": "Feature", "properties": { "agency": "DOC", "street": "15-15 Hazen St", "station_name": "NYC FLEET / DOC_HAZENLOT4", "borough": "Bronx", "community_district": 401, "type_of_charger": "Level 2 Charger" }, "geometry": { "type": "Point", "coordinates": [ -73.884374, 40.790976 ] } },
{ "type": "Feature", "properties": { "agency": "DOC", "street": "15-00 Hazen St", "station_name": "NYC FLEET / DOC_NIC-1", "borough": "Bronx", "community_district": 401, "type_of_charger": "Level 2 Charger" }, "geometry": { "type": "Point", "coordinates": [ -73.884396, 40.790985 ] } },
{ "type": "Feature", "properties": { "agency": "DOC", "street": "16-00 Hazen Street", "station_name": "NYC FLEET / DOC_OBCC1", "borough": "Bronx", "community_district": 401, "type_of_charger": "Level 2 Charger" }, "geometry": { "type": "Point", "coordinates": [ -73.884412, 40.790312 ] } },
{ "type": "Feature", "properties": { "agency": "DOC", "street": "125-01 82Nd Ave", "station_name": "NYC FLEET / DOC_QNSCOURT", "borough": "Queens", "community_district": 409, "type_of_charger": "Level 2 Charger" }, "geometry": { "type": "Point", "coordinates": [ -73.831627, 40.710935 ] } },
{ "type": "Feature", "properties": { "agency": "DOC", "street": "1616 Hazen St", "station_name": "NYC FLEET / DOC_RADIO-1", "borough": "Bronx", "community_district": 401, "type_of_charger": "Level 2 Charger" }, "geometry": { "type": "Point", "coordinates": [ -73.884412, 40.790301 ] } },
{ "type": "Feature", "properties": { "agency": "DOC", "street": "19-19 Hazen St", "station_name": "NYC FLEET / DOC_RMSC-1", "borough": "Queens", "community_district": 401, "type_of_charger": "Level 2 Charger" }, "geometry": { "type": "Point", "coordinates": [ -73.884444, 40.788432 ] } },
{ "type": "Feature", "properties": { "agency": "DOC", "street": "1 Halleck Street", "station_name": "NYC FLEET / DOC_VBAIN-S", "borough": "Bronx", "community_district": 202, "type_of_charger": "EV Solar Arc Charger" }, "geometry": { "type": "Point", "coordinates": [ -73.877557, 40.802228 ] } },
{ "type": "Feature", "properties": { "agency": "DOC", "street": "1616 Hazen St", "station_name": "NYC FLEET / DOC_WFACADMIN-1", "borough": "Bronx", "community_district": 401, "type_of_charger": "Level 2 Charger" }, "geometry": { "type": "Point", "coordinates": [ -73.884412, 40.790301 ] } },
{ "type": "Feature", "properties": { "agency": "DOC", "street": "17-17 Hazen St", "station_name": "NYC FLEET / DOCFLEETMT_1_L3", "borough": "Queens", "community_district": 401, "type_of_charger": "Level 3 Fast Charger" }, "geometry": { "type": "Point", "coordinates": [ -73.884411, 40.788899 ] } },
{ "type": "Feature", "properties": { "agency": "DOC", "street": "17-17 Hazen St.", "station_name": "NYC FLEET / DOCFLEETMT_2_L3", "borough": "Queens", "community_district": 401, "type_of_charger": "Level 3 Fast Charger" }, "geometry": { "type": "Point", "coordinates": [ -73.884411, 40.788899 ] } },
{ "type": "Feature", "properties": { "agency": "DOE", "street": "165-65 84Th Ave", "station_name": "NYC FLEET / DOE_ Q0001", "borough": "Queens", "community_district": 408, "type_of_charger": "Level 2 Charger" }, "geometry": { "type": "Point", "coordinates": [ -73.800369, 40.715389 ] } },
{ "type": "Feature", "properties": { "agency": "DOE", "street": "165-65 84Th Ave", "station_name": "NYC FLEET / DOE_ Q0002", "borough": "Queens", "community_district": 408, "type_of_charger": "Level 2 Charger" }, "geometry": { "type": "Point", "coordinates": [ -73.800369, 40.715389 ] } },
{ "type": "Feature", "properties": { "agency": "DOE", "street": "6581 Hylan Blvd", "station_name": "NYC FLEET / DOE_ R0001", "borough": "Staten Island", "community_district": 503, "type_of_charger": "Level 2 Charger" }, "geometry": { "type": "Point", "coordinates": [ -74.22093, 40.509084 ] } },
{ "type": "Feature", "properties": { "agency": "DOE", "street": "131 Livingston St", "station_name": "NYC FLEET / DOE_131LIV-1", "borough": "Brooklyn", "community_district": 302, "type_of_charger": "Level 2 Charger" }, "geometry": { "type": "Point", "coordinates": [ -73.988605, 40.690743 ] } },
{ "type": "Feature", "properties": { "agency": "DOE", "street": "131 Livingston St", "station_name": "NYC FLEET / DOE_131LIV-2", "borough": "Brooklyn", "community_district": 302, "type_of_charger": "Level 2 Charger" }, "geometry": { "type": "Point", "coordinates": [ -73.988605, 40.690743 ] } },
{ "type": "Feature", "properties": { "agency": "DOE", "street": "9517 Kings Hwy", "station_name": "NYC FLEET / DOE_18K860-#1", "borough": "Brooklyn", "community_district": 317, "type_of_charger": "Level 2 Charger" }, "geometry": { "type": "Point", "coordinates": [ -73.920368, 40.65911 ] } },
{ "type": "Feature", "properties": { "agency": "DOE", "street": "715 Ocean Terrace", "station_name": "NYC FLEET / DOE_715OCNTER#1", "borough": "Staten Island", "community_district": 502, "type_of_charger": "Level 2 Charger" }, "geometry": { "type": "Point", "coordinates": [ -74.102344, 40.608756 ] } },
{ "type": "Feature", "properties": { "agency": "DOE", "street": "715 Ocean Terrace", "station_name": "NYC FLEET / DOE_715OCNTER#2", "borough": "Staten Island", "community_district": 502, "type_of_charger": "Level 2 Charger" }, "geometry": { "type": "Point", "coordinates": [ -74.102344, 40.608756 ] } },
{ "type": "Feature", "properties": { "agency": "DOE", "street": "1700 Fulton St", "station_name": "NYC FLEET / DOE_B&GHS-1", "borough": "Brooklyn", "community_district": 303, "type_of_charger": "Level 2 Charger" }, "geometry": { "type": "Point", "coordinates": [ -73.932407, 40.67944 ] } },
{ "type": "Feature", "properties": { "agency": "DOE", "street": "3047 Bruckner Blvd", "station_name": "NYC FLEET / DOE_BXPS14#1", "borough": "Bronx", "community_district": 210, "type_of_charger": "Level 2 Charger" }, "geometry": { "type": "Point", "coordinates": [ -73.825774, 40.83587 ] } },
{ "type": "Feature", "properties": { "agency": "DOE", "street": "71 W 205th St", "station_name": "NYC FLEET / DOE_BXSCIHS-1", "borough": "Bronx", "community_district": 207, "type_of_charger": "Level 2 Charger" }, "geometry": { "type": "Point", "coordinates": [ -73.890921, 40.877537 ] } },
{ "type": "Feature", "properties": { "agency": "DOE", "street": "165-65 84Th Ave", "station_name": "NYC FLEET / DOE_EDISONHS-S1", "borough": "Queens", "community_district": 408, "type_of_charger": "EV Solar Arc Charger" }, "geometry": { "type": "Point", "coordinates": [ -73.800369, 40.715389 ] } },
{ "type": "Feature", "properties": { "agency": "DOE", "street": "231 Malta St", "station_name": "NYC FLEET / DOE_ELECBUS", "borough": "Brooklyn", "community_district": 305, "type_of_charger": "Level 2 Charger" }, "geometry": { "type": "Point", "coordinates": [ -73.892416, 40.655179 ] } },
{ "type": "Feature", "properties": { "agency": "DOE", "street": "6565 Flatlands Ave", "station_name": "NYC FLEET / DOE_FLATLANDS-1", "borough": "Brooklyn", "community_district": 318, "type_of_charger": "Level 2 Charger" }, "geometry": { "type": "Point", "coordinates": [ -73.916735, 40.633285 ] } },
{ "type": "Feature", "properties": { "agency": "DOE", "street": "6565 Flatlands Avenue", "station_name": "NYC FLEET / DOE_FLATLANDS-2", "borough": "Brooklyn", "community_district": 318, "type_of_charger": "Level 2 Charger" }, "geometry": { "type": "Point", "coordinates": [ -73.916735, 40.633285 ] } },
{ "type": "Feature", "properties": { "agency": "DOE", "street": "128 Waterbury St", "station_name": "NYC FLEET / DOE_GRANDST", "borough": "Brooklyn", "community_district": 301, "type_of_charger": "Level 2 Charger" }, "geometry": { "type": "Point", "coordinates": [ -73.937926, 40.711722 ] } },
{ "type": "Feature", "properties": { "agency": "DOE", "street": "3000 E Tremont Ave", "station_name": "NYC FLEET / DOE_HERBLHS-1", "borough": "Bronx", "community_district": 210, "type_of_charger": "Level 2 Charger" }, "geometry": { "type": "Point", "coordinates": [ -73.838685, 40.840733 ] } },
{ "type": "Feature", "properties": { "agency": "DOE", "street": "101-01 Rockaway Blvd", "station_name": "NYC FLEET / DOE_JADAMSHS1", "borough": "Queens", "community_district": 410, "type_of_charger": "Level 2 Charger" }, "geometry": { "type": "Point", "coordinates": [ -73.837298, 40.679639 ] } },
{ "type": "Feature", "properties": { "agency": "DOE", "street": "101-01 Rockaway Blvd", "station_name": "NYC FLEET / DOE_JADAMSHS2", "borough": "Queens", "community_district": 410, "type_of_charger": "Level 2 Charger" }, "geometry": { "type": "Point", "coordinates": [ -73.837298, 40.679639 ] } },
{ "type": "Feature", "properties": { "agency": "DOE", "street": "99 Terrace View Avenue", "station_name": "NYC FLEET / DOE_JFKHS#1", "borough": "Manhattan", "community_district": 208, "type_of_charger": "Level 2 Charger" }, "geometry": { "type": "Point", "coordinates": [ -73.912256, 40.877105 ] } },
{ "type": "Feature", "properties": { "agency": "DOE", "street": "99 Terrace View Ave", "station_name": "NYC FLEET / DOE_JFKHS#2", "borough": "Bronx", "community_district": 208, "type_of_charger": "Level 2 Charger" }, "geometry": { "type": "Point", "coordinates": [ -73.912256, 40.877105 ] } },
{ "type": "Feature", "properties": { "agency": "DOE", "street": "1-49 Teunissen Pl", "station_name": "NYC FLEET / DOE_JFKHS-S1", "borough": "Bronx", "community_district": 208, "type_of_charger": "EV Solar Arc Charger" }, "geometry": { "type": "Point", "coordinates": [ -73.912839, 40.876606 ] } },
{ "type": "Feature", "properties": { "agency": "DOE", "street": "50 Bedford Ave", "station_name": "NYC FLEET / DOE_K0001", "borough": "Brooklyn", "community_district": 301, "type_of_charger": "Level 2 Charger" }, "geometry": { "type": "Point", "coordinates": [ -73.953281, 40.721981 ] } },
{ "type": "Feature", "properties": { "agency": "DOE", "street": "409 Red Hook Lane", "station_name": "NYC FLEET / DOE_K802_1_L3", "borough": "Brooklyn", "community_district": 302, "type_of_charger": "Level 3 Fast Charger" }, "geometry": { "type": "Point", "coordinates": [ -73.988436, 40.691561 ] } },
{ "type": "Feature", "properties": { "agency": "DOE", "street": "1599 E 22nd St", "station_name": "NYC FLEET / DOE_KNGHWY197#1", "borough": "Brooklyn", "community_district": 314, "type_of_charger": "Level 2 Charger" }, "geometry": { "type": "Point", "coordinates": [ -73.951906, 40.612623 ] } },
{ "type": "Feature", "properties": { "agency": "DOE", "street": "344-360 2nd Ave", "station_name": "NYC FLEET / DOE_M104", "borough": "Manhattan", "community_district": 106, "type_of_charger": "Level 2 Charger" }, "geometry": { "type": "Point", "coordinates": [ -73.982196, 40.736103 ] } },
{ "type": "Feature", "properties": { "agency": "DOE", "street": "549 Audubon Ave", "station_name": "NYC FLEET / DOE_M466", "borough": "Manhattan", "community_district": 112, "type_of_charger": "Level 2 Charger" }, "geometry": { "type": "Point", "coordinates": [ -73.92712, 40.855855 ] } },
{ "type": "Feature", "properties": { "agency": "DOE", "street": "321 E 96Th St", "station_name": "NYC FLEET / DOE_M646", "borough": "Manhattan", "community_district": 111, "type_of_charger": "Level 2 Charger" }, "geometry": { "type": "Point", "coordinates": [ -73.945626, 40.783638 ] } },
{ "type": "Feature", "properties": { "agency": "DOE", "street": "1220 Manor Rd", "station_name": "NYC FLEET / DOE_MANORSI-1", "borough": "Staten Island", "community_district": 502, "type_of_charger": "Level 2 Charger" }, "geometry": { "type": "Point", "coordinates": [ -74.124263, 40.596745 ] } },
{ "type": "Feature", "properties": { "agency": "DOE", "street": "173 West 151st Street", "station_name": "NYC FLEET / DOE_MCCUNE-#1", "borough": "Manhattan", "community_district": 110, "type_of_charger": "Level 2 Charger" }, "geometry": { "type": "Point", "coordinates": [ -73.935731, 40.825191 ] } },
{ "type": "Feature", "properties": { "agency": "DOE", "street": "2401 Neptune Ave", "station_name": "NYC FLEET / DOE_MTWAIN-1", "borough": "Brooklyn", "community_district": 313, "type_of_charger": "Level 2 Charger" }, "geometry": { "type": "Point", "coordinates": [ -73.99203, 40.578188 ] } },
{ "type": "Feature", "properties": { "agency": "DOE", "street": "2401 Neptune Ave", "station_name": "NYC FLEET / DOE_MTWAIN-2", "borough": "Brooklyn", "community_district": 313, "type_of_charger": "Level 2 Charger" }, "geometry": { "type": "Point", "coordinates": [ -73.99203, 40.578188 ] } },
{ "type": "Feature", "properties": { "agency": "DOE", "street": "677 East 141st Street", "station_name": "NYC FLEET / DOE_PS65#1", "borough": "Bronx", "community_district": 201, "type_of_charger": "Level 2 Charger" }, "geometry": { "type": "Point", "coordinates": [ -73.912731, 40.807335 ] } },
{ "type": "Feature", "properties": { "agency": "DOE", "street": "142-10 Linden Blvd", "station_name": "NYC FLEET / DOE_Q142", "borough": "Queens", "community_district": 412, "type_of_charger": "Level 2 Charger" }, "geometry": { "type": "Point", "coordinates": [ -73.801479, 40.684142 ] } },
{ "type": "Feature", "properties": { "agency": "DOE", "street": "58-20 Utopia Pkwy", "station_name": "NYC FLEET / DOE_Q430-1", "borough": "Queens", "community_district": 411, "type_of_charger": "Level 2 Charger" }, "geometry": { "type": "Point", "coordinates": [ -73.79283, 40.740724 ] } },
{ "type": "Feature", "properties": { "agency": "DOE", "street": "74-20 Commonwealth Blvd", "station_name": "NYC FLEET / DOE_Q566", "borough": "Queens", "community_district": 413, "type_of_charger": "Level 2 Charger" }, "geometry": { "type": "Point", "coordinates": [ -73.727535, 40.746088 ] } },
{ "type": "Feature", "properties": { "agency": "DOE", "street": "44-36 Vernon Blvd", "station_name": "NYC FLEET / DOE_Q80102", "borough": "Queens", "community_district": 402, "type_of_charger": "Level 2 Charger" }, "geometry": { "type": "Point", "coordinates": [ -73.952233, 40.749384 ] } },
{ "type": "Feature", "properties": { "agency": "DOE", "street": "49-16 Vernon Blvd", "station_name": "NYC FLEET / DOE_Q80103", "borough": "Queens", "community_district": 402, "type_of_charger": "Level 2 Charger" }, "geometry": { "type": "Point", "coordinates": [ -73.953941, 40.743237 ] } },
{ "type": "Feature", "properties": { "agency": "DOE", "street": "49-16 Vernon Blvd", "station_name": "NYC FLEET / DOE_Q80104", "borough": "Queens", "community_district": 402, "type_of_charger": "Level 2 Charger" }, "geometry": { "type": "Point", "coordinates": [ -73.953941, 40.743237 ] } },
{ "type": "Feature", "properties": { "agency": "DOE", "street": "49-16 Vernon Blvd", "station_name": "NYC FLEET / DOE_Q80105", "borough": "Queens", "community_district": 402, "type_of_charger": "Level 2 Charger" }, "geometry": { "type": "Point", "coordinates": [ -73.953941, 40.743237 ] } },
{ "type": "Feature", "properties": { "agency": "DOE", "street": "30-48 Linden Pl", "station_name": "NYC FLEET / DOE_Q859LINDEN", "borough": "Queens", "community_district": 407, "type_of_charger": "Level 2 Charger" }, "geometry": { "type": "Point", "coordinates": [ -73.832925, 40.770185 ] } },
{ "type": "Feature", "properties": { "agency": "DOE", "street": "6581 Hylan Blvd", "station_name": "NYC FLEET / DOE_R0002", "borough": "Staten Island", "community_district": 503, "type_of_charger": "Level 2 Charger" }, "geometry": { "type": "Point", "coordinates": [ -74.22093, 40.509084 ] } },
{ "type": "Feature", "properties": { "agency": "DOE", "street": "333 Midland Ave", "station_name": "NYC FLEET / DOE_R002#1", "borough": "Staten Island", "community_district": 502, "type_of_charger": "Level 2 Charger" }, "geometry": { "type": "Point", "coordinates": [ -74.100726, 40.576725 ] } },
{ "type": "Feature", "properties": { "agency": "DOE", "street": "6581 Hylan Blvd", "station_name": "NYC FLEET / DOE_R826#1", "borough": "Staten Island", "community_district": 503, "type_of_charger": "Level 2 Charger" }, "geometry": { "type": "Point", "coordinates": [ -74.22093, 40.509084 ] } },
{ "type": "Feature", "properties": { "agency": "DOE", "street": "173 Conover St", "station_name": "NYC FLEET / DOE_SBCHS-1", "borough": "Brooklyn", "community_district": 306, "type_of_charger": "Level 2 Charger" }, "geometry": { "type": "Point", "coordinates": [ -74.014363, 40.677969 ] } },
{ "type": "Feature", "properties": { "agency": "DOE", "street": "143-10 Springfield Blvd", "station_name": "NYC FLEET / DOE_SPRGFLDHS-1", "borough": "Queens", "community_district": 412, "type_of_charger": "Level 2 Charger" }, "geometry": { "type": "Point", "coordinates": [ -73.756839, 40.668235 ] } },
{ "type": "Feature", "properties": { "agency": "DOE", "street": "85 St Josephs Ave", "station_name": "NYC FLEET / DOE_STJOSEPH-1", "borough": "Staten Island", "community_district": 501, "type_of_charger": "Level 2 Charger" }, "geometry": { "type": "Point", "coordinates": [ -74.141818, 40.634573 ] } },
{ "type": "Feature", "properties": { "agency": "DOE", "street": "1434 Longfellow Avenue", "station_name": "NYC FLEET / DOE_X084-#1", "borough": "Bronx", "community_district": 203, "type_of_charger": "Level 2 Charger" }, "geometry": { "type": "Point", "coordinates": [ -73.887587, 40.830589 ] } },
{ "type": "Feature", "properties": { "agency": "DOE", "street": "75 W 205th St", "station_name": "NYC FLEET / DOE_X445-1", "borough": "Bronx", "community_district": 207, "type_of_charger": "Level 2 Charger" }, "geometry": { "type": "Point", "coordinates": [ -73.89104, 40.87759 ] } },
{ "type": "Feature", "properties": { "agency": "DOE", "street": "1230 Zerega Ave", "station_name": "NYC FLEET / DOE_ZEREGA-1", "borough": "Bronx", "community_district": 209, "type_of_charger": "Level 2 Charger" }, "geometry": { "type": "Point", "coordinates": [ -73.845099, 40.833586 ] } },
{ "type": "Feature", "properties": { "agency": "DOE", "street": "1230 Zerega Ave", "station_name": "NYC FLEET / DOE1230ZEREGAAV", "borough": "Bronx", "community_district": 209, "type_of_charger": "Level 2 Charger" }, "geometry": { "type": "Point", "coordinates": [ -73.845099, 40.833586 ] } },
{ "type": "Feature", "properties": { "agency": "DOE", "street": "44-36 Vernon Blvd", "station_name": "NYC FLEET / DOEFACILITIES 1", "borough": "Queens", "community_district": 402, "type_of_charger": "Level 2 Charger" }, "geometry": { "type": "Point", "coordinates": [ -73.952233, 40.749384 ] } },
{ "type": "Feature", "properties": { "agency": "DOE", "street": "44-36 Vernon Blvd", "station_name": "NYC FLEET / DOEFACILITIES 2", "borough": "Queens", "community_district": 402, "type_of_charger": "Level 2 Charger" }, "geometry": { "type": "Point", "coordinates": [ -73.952233, 40.749384 ] } },
{ "type": "Feature", "properties": { "agency": "DOE", "street": "525 West 50Th St", "station_name": "NYC FLEET / DOEM535", "borough": "Manhattan", "community_district": 104, "type_of_charger": "Level 2 Charger" }, "geometry": { "type": "Point", "coordinates": [ -73.993076, 40.765234 ] } },
{ "type": "Feature", "properties": { "agency": "DOE", "street": "44-36 Vernon Blvd", "station_name": "NYC FLEET / DOEVERNON_1_L3", "borough": "Queens", "community_district": 402, "type_of_charger": "Level 3 Fast Charger" }, "geometry": { "type": "Point", "coordinates": [ -73.952233, 40.749384 ] } },
{ "type": "Feature", "properties": { "agency": "DOE", "street": "44-36 Vernon Blvd", "station_name": "NYC FLEET / DOEVERNON_2_L3", "borough": "Queens", "community_district": 402, "type_of_charger": "Level 3 Fast Charger" }, "geometry": { "type": "Point", "coordinates": [ -73.952233, 40.749384 ] } },
{ "type": "Feature", "properties": { "agency": "DOE", "street": "44-36 Vernon Blvd", "station_name": "NYC FLEET / DOEVERNON_3_L3", "borough": "Queens", "community_district": 402, "type_of_charger": "Level 3 Fast Charger" }, "geometry": { "type": "Point", "coordinates": [ -73.952233, 40.749384 ] } },
{ "type": "Feature", "properties": { "agency": "DOE", "street": "44-36 Vernon Blvd", "station_name": "NYC FLEET / DOEVERNON_4_L3", "borough": "Queens", "community_district": 402, "type_of_charger": "Level 3 Fast Charger" }, "geometry": { "type": "Point", "coordinates": [ -73.952233, 40.749384 ] } },
{ "type": "Feature", "properties": { "agency": "DOE", "street": "44-36 Vernon Blvd", "station_name": "NYC FLEET / DOEVERNON_5_L3", "borough": "Queens", "community_district": 402, "type_of_charger": "Level 3 Fast Charger" }, "geometry": { "type": "Point", "coordinates": [ -73.952233, 40.749384 ] } },
{ "type": "Feature", "properties": { "agency": "DOE", "street": "5-40 44Th Dr", "station_name": "NYC FLEET / DOEVERNONBLVD-1", "borough": "Queens", "community_district": 402, "type_of_charger": "Level 2 Charger" }, "geometry": { "type": "Point", "coordinates": [ -73.954023, 40.749341 ] } },
{ "type": "Feature", "properties": { "agency": "DOE", "street": "44-36 Vernon Blvd", "station_name": "NYC FLEET / DOEVERNONBLVD-2", "borough": "Queens", "community_district": 402, "type_of_charger": "Level 2 Charger" }, "geometry": { "type": "Point", "coordinates": [ -73.952233, 40.749384 ] } },
{ "type": "Feature", "properties": { "agency": "DOE", "street": "44-36 Vernon Blvd", "station_name": "NYC FLEET / DOEVERNONBLVD-3", "borough": "Queens", "community_district": 402, "type_of_charger": "Level 2 Charger" }, "geometry": { "type": "Point", "coordinates": [ -73.952233, 40.749384 ] } },
{ "type": "Feature", "properties": { "agency": "DOE", "street": "44-36 Vernon Boulevard", "station_name": "NYC FLEET / DOEVERNONBLVD-4", "borough": "Queens", "community_district": 402, "type_of_charger": "Level 2 Charger" }, "geometry": { "type": "Point", "coordinates": [ -73.952233, 40.749384 ] } },
{ "type": "Feature", "properties": { "agency": "DOE", "street": "44-36 Vernon Boulevard", "station_name": "NYC FLEET / DOEVERNONBLVD-5", "borough": "Queens", "community_district": 402, "type_of_charger": "Level 2 Charger" }, "geometry": { "type": "Point", "coordinates": [ -73.952233, 40.749384 ] } },
{ "type": "Feature", "properties": { "agency": "DOE", "street": "49-44 Vernon Blvd", "station_name": "NYC FLEET / DOEVERNONBLVD-6", "borough": "Queens", "community_district": 402, "type_of_charger": "Level 2 Charger" }, "geometry": { "type": "Point", "coordinates": [ -73.953992, 40.743099 ] } },
{ "type": "Feature", "properties": { "agency": "DOE", "street": "44-36 Vernon Blvd", "station_name": "NYC FLEET / DOEVERNONBLVD-7", "borough": "Queens", "community_district": 402, "type_of_charger": "Level 2 Charger" }, "geometry": { "type": "Point", "coordinates": [ -73.952233, 40.749384 ] } },
{ "type": "Feature", "properties": { "agency": "DOF", "street": "375 Pearl St", "station_name": "NYC FLEET / DOF_PEARL_1_L3", "borough": "Manhattan", "community_district": 101, "type_of_charger": "Level 3 Fast Charger" }, "geometry": { "type": "Point", "coordinates": [ -74.001125, 40.710207 ] } },
{ "type": "Feature", "properties": { "agency": "DOF", "street": "375 Pearl St", "station_name": "NYC FLEET / DOF_PEARL_2_L3", "borough": "Manhattan", "community_district": 101, "type_of_charger": "Level 3 Fast Charger" }, "geometry": { "type": "Point", "coordinates": [ -74.001125, 40.710207 ] } },
{ "type": "Feature", "properties": { "agency": "DOF", "street": "375 Pearl St", "station_name": "NYC FLEET / DOF_PEARL-1", "borough": "Manhattan", "community_district": 101, "type_of_charger": "Level 2 Charger" }, "geometry": { "type": "Point", "coordinates": [ -74.001125, 40.710207 ] } },
{ "type": "Feature", "properties": { "agency": "DOF", "street": "375 Pearl St", "station_name": "NYC FLEET / DOF_PEARL-2", "borough": "Manhattan", "community_district": 101, "type_of_charger": "Level 2 Charger" }, "geometry": { "type": "Point", "coordinates": [ -74.001125, 40.710207 ] } },
{ "type": "Feature", "properties": { "agency": "DOF", "street": "31-46 Greenpoint Ave", "station_name": "NYC FLEET / DOF_STARR#1", "borough": "Queens", "community_district": 402, "type_of_charger": "Level 2 Charger" }, "geometry": { "type": "Point", "coordinates": [ -73.93697, 40.734714 ] } },
{ "type": "Feature", "properties": { "agency": "DOF", "street": "31-32 Greenpoint Ave", "station_name": "NYC FLEET / DOF_STARR#2", "borough": "Queens", "community_district": 402, "type_of_charger": "Level 2 Charger" }, "geometry": { "type": "Point", "coordinates": [ -73.93711, 40.73466 ] } },
{ "type": "Feature", "properties": { "agency": "DOF", "street": "3010 Starr Ave", "station_name": "NYC FLEET / DOF_STARR_1_L3", "borough": "Queens", "community_district": 402, "type_of_charger": "Level 3 Fast Charger" }, "geometry": { "type": "Point", "coordinates": [ -73.938082, 40.737775 ] } },
{ "type": "Feature", "properties": { "agency": "DOF", "street": "3010 Starr Ave", "station_name": "NYC FLEET / DOF_STARR_2_L3", "borough": "Queens", "community_district": 402, "type_of_charger": "Level 3 Fast Charger" }, "geometry": { "type": "Point", "coordinates": [ -73.938082, 40.737775 ] } },
{ "type": "Feature", "properties": { "agency": "DOH", "street": "5617 56Th Dr", "station_name": "NYC FLEET / DOH_56 DRIVE", "borough": "Queens", "community_district": 402, "type_of_charger": "Level 2 Charger" }, "geometry": { "type": "Point", "coordinates": [ -73.914492, 40.72441 ] } },
{ "type": "Feature", "properties": { "agency": "DOH", "street": "515 Putnam Ave", "station_name": "NYC FLEET / DOH_BEDFORDHCS1", "borough": "Brooklyn", "community_district": 303, "type_of_charger": "EV Solar Arc Charger" }, "geometry": { "type": "Point", "coordinates": [ -73.940431, 40.685146 ] } },
{ "type": "Feature", "properties": { "agency": "DOT", "street": "300 West 206th Street", "station_name": "NYC FLEET / DOT_206TH_YRD-1", "borough": "Manhattan", "community_district": 112, "type_of_charger": "Level 2 Charger" }, "geometry": { "type": "Point", "coordinates": [ -73.916487, 40.862564 ] } },
{ "type": "Feature", "properties": { "agency": "DOT", "street": "300 West 206th Street", "station_name": "NYC FLEET / DOT_206TH_YRD-2", "borough": "Manhattan", "community_district": 112, "type_of_charger": "Level 2 Charger" }, "geometry": { "type": "Point", "coordinates": [ -73.916487, 40.862564 ] } },
{ "type": "Feature", "properties": { "agency": "DOT", "street": "300 West 206th Street", "station_name": "NYC FLEET / DOT_206YRD_1_L3", "borough": "Manhattan", "community_district": 112, "type_of_charger": "Level 3 Fast Charger" }, "geometry": { "type": "Point", "coordinates": [ -73.916487, 40.862564 ] } },
{ "type": "Feature", "properties": { "agency": "DOT", "street": "41-54 22Nd St", "station_name": "NYC FLEET / DOT_22STLOT-1", "borough": "Queens", "community_district": 401, "type_of_charger": "Level 2 Charger" }, "geometry": { "type": "Point", "coordinates": [ -73.942118, 40.752701 ] } },
{ "type": "Feature", "properties": { "agency": "DOT", "street": "41-54 22Nd St", "station_name": "NYC FLEET / DOT_22STLOT-2", "borough": "Queens", "community_district": 401, "type_of_charger": "Level 2 Charger" }, "geometry": { "type": "Point", "coordinates": [ -73.942118, 40.752701 ] } },
{ "type": "Feature", "properties": { "agency": "DOT", "street": "41-54 22Nd St", "station_name": "NYC FLEET / DOT_22STLOT-3", "borough": "Queens", "community_district": 401, "type_of_charger": "Level 2 Charger" }, "geometry": { "type": "Point", "coordinates": [ -73.942118, 40.752701 ] } },
{ "type": "Feature", "properties": { "agency": "DOT", "street": "9 29Th St", "station_name": "NYC FLEET / DOT_29ST-S2", "borough": "Brooklyn", "community_district": 307, "type_of_charger": "EV Solar Arc Charger" }, "geometry": { "type": "Point", "coordinates": [ -74.004859, 40.661018 ] } },
{ "type": "Feature", "properties": { "agency": "DOT", "street": "448 Hamilton Ave", "station_name": "NYC FLEET / DOT_448HAMILTON", "borough": "Brooklyn", "community_district": 307, "type_of_charger": "Level 2 Charger" }, "geometry": { "type": "Point", "coordinates": [ -73.997693, 40.670361 ] } },
{ "type": "Feature", "properties": { "agency": "DOT", "street": "140 58th St", "station_name": "NYC FLEET / DOT_BAT-#1", "borough": "Brooklyn", "community_district": 307, "type_of_charger": "Level 2 Charger" }, "geometry": { "type": "Point", "coordinates": [ -74.022864, 40.645338 ] } },
{ "type": "Feature", "properties": { "agency": "DOT", "street": "140 58th Street", "station_name": "NYC FLEET / DOT_BKDEPOT-1", "borough": "Brooklyn", "community_district": 307, "type_of_charger": "Level 2 Charger" }, "geometry": { "type": "Point", "coordinates": [ -74.022864, 40.645338 ] } },
{ "type": "Feature", "properties": { "agency": "DOT", "street": "25 14th Street", "station_name": "NYC FLEET / DOT_BRUNO_1_L3", "borough": "Brooklyn", "community_district": 306, "type_of_charger": "Level 3 Fast Charger" }, "geometry": { "type": "Point", "coordinates": [ -73.996939, 40.67012 ] } },
{ "type": "Feature", "properties": { "agency": "DOT", "street": "25 14th Street", "station_name": "NYC FLEET / DOT_BRUNO_2_L3", "borough": "Brooklyn", "community_district": 306, "type_of_charger": "Level 3 Fast Charger" }, "geometry": { "type": "Point", "coordinates": [ -73.996939, 40.67012 ] } },
{ "type": "Feature", "properties": { "agency": "DOT", "street": "3200 Conner St", "station_name": "NYC FLEET / DOT_CNNRYD_1_L3", "borough": "Bronx", "community_district": 210, "type_of_charger": "Level 3 Fast Charger" }, "geometry": { "type": "Point", "coordinates": [ -73.821784, 40.880471 ] } },
{ "type": "Feature", "properties": { "agency": "DOT", "street": "166 Columbia St", "station_name": "NYC FLEET / DOT_COLUMB-1", "borough": "Brooklyn", "community_district": 306, "type_of_charger": "Level 2 Charger" }, "geometry": { "type": "Point", "coordinates": [ -74.002026, 40.686448 ] } },
{ "type": "Feature", "properties": { "agency": "DOT", "street": "184 Columbia St", "station_name": "NYC FLEET / DOT_COLUMB-2", "borough": "Brooklyn", "community_district": 306, "type_of_charger": "Level 2 Charger" }, "geometry": { "type": "Point", "coordinates": [ -74.002221, 40.686039 ] } },
{ "type": "Feature", "properties": { "agency": "DOT", "street": "1 Bay St", "station_name": "NYC FLEET / DOT_FRYMT_1_L3", "borough": "Staten Island", "community_district": 501, "type_of_charger": "Level 3 Fast Charger" }, "geometry": { "type": "Point", "coordinates": [ -74.072789, 40.643733 ] } },
{ "type": "Feature", "properties": { "agency": "DOT", "street": "1 Bay St", "station_name": "NYC FLEET / DOT_FRYMT_2_L3", "borough": "Staten Island", "community_district": 501, "type_of_charger": "Level 3 Fast Charger" }, "geometry": { "type": "Point", "coordinates": [ -74.072789, 40.643733 ] } },
{ "type": "Feature", "properties": { "agency": "DOT", "street": "1 Bay St", "station_name": "NYC FLEET / DOT_FRYTRM_1_L3", "borough": "Staten Island", "community_district": 501, "type_of_charger": "Level 3 Fast Charger" }, "geometry": { "type": "Point", "coordinates": [ -74.072789, 40.643733 ] } },
{ "type": "Feature", "properties": { "agency": "DOT", "street": "1 Bay St", "station_name": "NYC FLEET / DOT_FRYTRM_2_L3", "borough": "Staten Island", "community_district": 501, "type_of_charger": "Level 3 Fast Charger" }, "geometry": { "type": "Point", "coordinates": [ -74.072789, 40.643733 ] } },
{ "type": "Feature", "properties": { "agency": "DOT", "street": "1 Bay St", "station_name": "NYC FLEET / DOT_FRYTRM_3_L3", "borough": "Staten Island", "community_district": 501, "type_of_charger": "Level 3 Fast Charger" }, "geometry": { "type": "Point", "coordinates": [ -74.072789, 40.643733 ] } },
{ "type": "Feature", "properties": { "agency": "DOT", "street": "1 Bay St", "station_name": "NYC FLEET / DOT_FRYTRM_4_L3", "borough": "Staten Island", "community_district": 501, "type_of_charger": "Level 3 Fast Charger" }, "geometry": { "type": "Point", "coordinates": [ -74.072789, 40.643733 ] } },
{ "type": "Feature", "properties": { "agency": "DOT", "street": "423 Abbott Rd", "station_name": "NYC FLEET / DOT_FTTOTTEN", "borough": "Queens", "community_district": 407, "type_of_charger": "Level 2 Charger" }, "geometry": { "type": "Point", "coordinates": [ -73.77855, 40.79419 ] } },
{ "type": "Feature", "properties": { "agency": "DOT", "street": "69-46 Sybilla St", "station_name": "NYC FLEET / DOT_GLENDALE-S1", "borough": "Queens", "community_district": 406, "type_of_charger": "EV Solar Arc Charger" }, "geometry": { "type": "Point", "coordinates": [ -73.854849, 40.709174 ] } },
{ "type": "Feature", "properties": { "agency": "DOT", "street": "69-46 Sybilla St", "station_name": "NYC FLEET / DOT_GLENDALE-S2", "borough": "Queens", "community_district": 406, "type_of_charger": "EV Solar Arc Charger" }, "geometry": { "type": "Point", "coordinates": [ -73.854849, 40.709174 ] } },
{ "type": "Feature", "properties": { "agency": "DOT", "street": "32-1 Harper St", "station_name": "NYC FLEET / DOT_HARPER-S2", "borough": "Queens", "community_district": 407, "type_of_charger": "EV Solar Arc Charger" }, "geometry": { "type": "Point", "coordinates": [ -73.842368, 40.764388 ] } },
{ "type": "Feature", "properties": { "agency": "DOT", "street": "372 Kent Ave", "station_name": "NYC FLEET / DOT_KENTAVE-1", "borough": "Brooklyn", "community_district": 301, "type_of_charger": "Level 2 Charger" }, "geometry": { "type": "Point", "coordinates": [ -73.968027, 40.711965 ] } },
{ "type": "Feature", "properties": { "agency": "DOT", "street": "372 Kent Ave", "station_name": "NYC FLEET / DOT_KENTAVE-2", "borough": "Brooklyn", "community_district": 301, "type_of_charger": "Level 2 Charger" }, "geometry": { "type": "Point", "coordinates": [ -73.968027, 40.711965 ] } },
{ "type": "Feature", "properties": { "agency": "DOT", "street": "372 Kent Ave", "station_name": "NYC FLEET / DOT_KENTAVE-3", "borough": "Brooklyn", "community_district": 301, "type_of_charger": "Level 2 Charger" }, "geometry": { "type": "Point", "coordinates": [ -73.968027, 40.711965 ] } },
{ "type": "Feature", "properties": { "agency": "DOT", "street": "352 Kent Avenue", "station_name": "NYC FLEET / DOT_KENTAVE-4", "borough": "Brooklyn", "community_district": 301, "type_of_charger": "Level 2 Charger" }, "geometry": { "type": "Point", "coordinates": [ -73.967756, 40.712571 ] } },
{ "type": "Feature", "properties": { "agency": "DOT", "street": "352 Kent Avenue", "station_name": "NYC FLEET / DOT_KENTAVE-5", "borough": "Brooklyn", "community_district": 301, "type_of_charger": "Level 2 Charger" }, "geometry": { "type": "Point", "coordinates": [ -73.967756, 40.712571 ] } },
{ "type": "Feature", "properties": { "agency": "DOT", "street": "299 South St", "station_name": "NYC FLEET / DOT_PIER36#1", "borough": "Manhattan", "community_district": 103, "type_of_charger": "Level 2 Charger" }, "geometry": { "type": "Point", "coordinates": [ -73.986196, 40.710508 ] } },
{ "type": "Feature", "properties": { "agency": "DOT", "street": "299 South St", "station_name": "NYC FLEET / DOT_PIER36#2", "borough": "Manhattan", "community_district": 103, "type_of_charger": "Level 2 Charger" }, "geometry": { "type": "Point", "coordinates": [ -73.986196, 40.710508 ] } },
{ "type": "Feature", "properties": { "agency": "DOT", "street": "299 South St", "station_name": "NYC FLEET / DOT_PIER36-S1", "borough": "Manhattan", "community_district": 103, "type_of_charger": "EV Solar Arc Charger" }, "geometry": { "type": "Point", "coordinates": [ -73.986196, 40.710508 ] } },
{ "type": "Feature", "properties": { "agency": "DOT", "street": "10 Richmond Terrace", "station_name": "NYC FLEET / DOT_SIFERRYTERM", "borough": "Staten Island", "community_district": 501, "type_of_charger": "Level 2 Charger" }, "geometry": { "type": "Point", "coordinates": [ -74.075274, 40.642367 ] } },
{ "type": "Feature", "properties": { "agency": "DOT", "street": "5 Dubois Ave", "station_name": "NYC FLEET / DOT_SIREPAIR-1", "borough": "Staten Island", "community_district": 501, "type_of_charger": "Level 2 Charger" }, "geometry": { "type": "Point", "coordinates": [ -74.129397, 40.631925 ] } },
{ "type": "Feature", "properties": { "agency": "DOT", "street": "1893 Richmond Terrace", "station_name": "NYC FLEET / DOT_SIREPAIR-2", "borough": "Staten Island", "community_district": 501, "type_of_charger": "Level 2 Charger" }, "geometry": { "type": "Point", "coordinates": [ -74.128114, 40.637309 ] } },
{ "type": "Feature", "properties": { "agency": "DOT", "street": "1893 Richmond Terrace", "station_name": "NYC FLEET / DOT_SIRPR_1_L3", "borough": "Staten Island", "community_district": 501, "type_of_charger": "Level 3 Fast Charger" }, "geometry": { "type": "Point", "coordinates": [ -74.128114, 40.637309 ] } },
{ "type": "Feature", "properties": { "agency": "DOT", "street": "99-2703 Richmond Terrace", "station_name": "NYC FLEET / DOT_SISIMYARD", "borough": "Staten Island", "community_district": 501, "type_of_charger": "Level 2 Charger" }, "geometry": { "type": "Point", "coordinates": [ -74.077204, 40.644935 ] } },
{ "type": "Feature", "properties": { "agency": "DOT", "street": "6626 Metropolitan Ave", "station_name": "NYC FLEET / DOT_STHSE_LD-1", "borough": "Queens", "community_district": 405, "type_of_charger": "Level 2 Charger" }, "geometry": { "type": "Point", "coordinates": [ -73.892143, 40.712377 ] } },
{ "type": "Feature", "properties": { "agency": "DOT", "street": "6626 Metropolitan Ave", "station_name": "NYC FLEET / DOT_STHSE_LD-2", "borough": "Queens", "community_district": 405, "type_of_charger": "Level 2 Charger" }, "geometry": { "type": "Point", "coordinates": [ -73.892143, 40.712377 ] } },
{ "type": "Feature", "properties": { "agency": "DOT", "street": "66-26 Metropolitan Avenue", "station_name": "NYC FLEET / DOT_STORHOUSE-1", "borough": "Queens", "community_district": 405, "type_of_charger": "Level 2 Charger" }, "geometry": { "type": "Point", "coordinates": [ -73.892143, 40.712377 ] } },
{ "type": "Feature", "properties": { "agency": "DOT", "street": "66-26 Metropolitan Avenue", "station_name": "NYC FLEET / DOT_STORHOUSE-2", "borough": "Queens", "community_district": 405, "type_of_charger": "Level 2 Charger" }, "geometry": { "type": "Point", "coordinates": [ -73.892143, 40.712377 ] } },
{ "type": "Feature", "properties": { "agency": "DOT", "street": "66-26 Metropolitan Avenue", "station_name": "NYC FLEET / DOT_STRHSE_1_L3", "borough": "Queens", "community_district": 405, "type_of_charger": "Level 3 Fast Charger" }, "geometry": { "type": "Point", "coordinates": [ -73.892143, 40.712377 ] } },
{ "type": "Feature", "properties": { "agency": "DOT", "street": "66-26 Metropolitan Avenue", "station_name": "NYC FLEET / DOT_STRHSE_2_L3", "borough": "Queens", "community_district": 405, "type_of_charger": "Level 3 Fast Charger" }, "geometry": { "type": "Point", "coordinates": [ -73.892143, 40.712377 ] } },
{ "type": "Feature", "properties": { "agency": "DOT", "street": "30-30 Thomson Avenue", "station_name": "NYC FLEET / DOT_THOMSN_1_L3", "borough": "Queens", "community_district": 402, "type_of_charger": "Level 3 Fast Charger" }, "geometry": { "type": "Point", "coordinates": [ -73.936191, 40.745042 ] } },
{ "type": "Feature", "properties": { "agency": "DOT", "street": "30-30 Thomson Avenue", "station_name": "NYC FLEET / DOT_THOMSN_2_L3", "borough": "Queens", "community_district": 402, "type_of_charger": "Level 3 Fast Charger" }, "geometry": { "type": "Point", "coordinates": [ -73.936191, 40.745042 ] } },
{ "type": "Feature", "properties": { "agency": "DOT", "street": "2071 White Plains Road", "station_name": "DOT WHITE PLAINS RD L3s", "borough": "Bronx", "community_district": 211, "type_of_charger": "DOT Municipal Level 3 Charger" }, "geometry": { "type": "Point", "coordinates": [ -73.867773, 40.8526 ] } },
{ "type": "Feature", "properties": { "agency": "DOT", "street": "39 South Street", "station_name": "NYC FLEET / DOT_OLDSLP_3_L3", "borough": "Manhattan", "community_district": 101, "type_of_charger": "Level 3 Fast Charger" }, "geometry": { "type": "Point", "coordinates": [ -74.008028, 40.703167 ] } },
{ "type": "Feature", "properties": { "agency": "DOT", "street": "34 Wave St", "station_name": "NYC FLEET / DOT_WAVEST-#1", "borough": "Staten Island", "community_district": 501, "type_of_charger": "Level 2 Charger" }, "geometry": { "type": "Point", "coordinates": [ -74.076027, 40.629667 ] } },
{ "type": "Feature", "properties": { "agency": "DOT", "street": "2144 Webster Ave", "station_name": "NYC FLEET / DOT_WBSTR_1_L3", "borough": "Bronx", "community_district": 206, "type_of_charger": "Level 3 Fast Charger" }, "geometry": { "type": "Point", "coordinates": [ -73.897301, 40.853544 ] } },
{ "type": "Feature", "properties": { "agency": "DOT", "street": "2144 Webster Ave", "station_name": "NYC FLEET / DOT_WBSTR_2_L3", "borough": "Bronx", "community_district": 206, "type_of_charger": "Level 3 Fast Charger" }, "geometry": { "type": "Point", "coordinates": [ -73.897301, 40.853544 ] } },
{ "type": "Feature", "properties": { "agency": "DOT", "street": "1 South Street", "station_name": "NYC FLEET / DOT_WHTHLLFRY-1", "borough": "Manhattan", "community_district": 101, "type_of_charger": "Level 2 Charger" }, "geometry": { "type": "Point", "coordinates": [ -74.014578, 40.701283 ] } },
{ "type": "Feature", "properties": { "agency": "DOT", "street": "1400 Williamsbridge Road", "station_name": "NYC FLEET / DOT_WILLIAMSBR", "borough": "Bronx", "community_district": 210, "type_of_charger": "Level 2 Charger" }, "geometry": { "type": "Point", "coordinates": [ -73.844168, 40.842206 ] } },
{ "type": "Feature", "properties": { "agency": "DOT", "street": "928 E 76Th St", "station_name": "NYC FLEET / DOTFLATLANDS-S1", "borough": "Brooklyn", "community_district": 318, "type_of_charger": "EV Solar Arc Charger" }, "geometry": { "type": "Point", "coordinates": [ -73.91573, 40.633144 ] } },
{ "type": "Feature", "properties": { "agency": "DOT", "street": "6080 Flatlands Ave", "station_name": "NYC FLEET / DOTFLTLNDS_1_L3", "borough": "Brooklyn", "community_district": 318, "type_of_charger": "Level 3 Fast Charger" }, "geometry": { "type": "Point", "coordinates": [ -73.916446, 40.633452 ] } },
{ "type": "Feature", "properties": { "agency": "DOT", "street": "32-1 Harper St", "station_name": "NYC FLEET / DOTHPRASPH_1_L3", "borough": "Queens", "community_district": 407, "type_of_charger": "Level 3 Fast Charger" }, "geometry": { "type": "Point", "coordinates": [ -73.842368, 40.764388 ] } },
{ "type": "Feature", "properties": { "agency": "DOT", "street": "32-1 Harper St", "station_name": "NYC FLEET / DOTHPRASPH_2_L3", "borough": "Queens", "community_district": 407, "type_of_charger": "Level 3 Fast Charger" }, "geometry": { "type": "Point", "coordinates": [ -73.842368, 40.764388 ] } },
{ "type": "Feature", "properties": { "agency": "DOT", "street": "58-50 57th Rd", "station_name": "NYC FLEET / DOTMASPETHQNS-1", "borough": "Queens", "community_district": 405, "type_of_charger": "Level 2 Charger" }, "geometry": { "type": "Point", "coordinates": [ -73.910043, 40.722386 ] } },
{ "type": "Feature", "properties": { "agency": "DOT", "street": "57-50 57Th Rd", "station_name": "NYC FLEET / DOTMSPTH_SHP_1", "borough": "Queens", "community_district": 405, "type_of_charger": "Level 2 Charger" }, "geometry": { "type": "Point", "coordinates": [ -73.912677, 40.722361 ] } },
{ "type": "Feature", "properties": { "agency": "DOT", "street": "57-50 57Th Rd", "station_name": "NYC FLEET / DOTMSPTH_SHP_2", "borough": "Queens", "community_district": 405, "type_of_charger": "Level 2 Charger" }, "geometry": { "type": "Point", "coordinates": [ -73.912677, 40.722361 ] } },
{ "type": "Feature", "properties": { "agency": "DOT", "street": "88-26 Pitkin Ave", "station_name": "NYC FLEET / DOTPITKINAVE-1", "borough": "Queens", "community_district": 410, "type_of_charger": "Level 2 Charger" }, "geometry": { "type": "Point", "coordinates": [ -73.847565, 40.673779 ] } },
{ "type": "Feature", "properties": { "agency": "DOT", "street": "88-26 Pitkin Ave", "station_name": "NYC FLEET / DOTPITKINAVE-2", "borough": "Queens", "community_district": 410, "type_of_charger": "Level 2 Charger" }, "geometry": { "type": "Point", "coordinates": [ -73.847565, 40.673779 ] } },
{ "type": "Feature", "properties": { "agency": "DOT", "street": "88-26 Pitkin Ave", "station_name": "NYC FLEET / DOTPITKINAVE-3", "borough": "Queens", "community_district": 410, "type_of_charger": "Level 2 Charger" }, "geometry": { "type": "Point", "coordinates": [ -73.847565, 40.673779 ] } },
{ "type": "Feature", "properties": { "agency": "DOT", "street": "34-2 Queens Blvd", "station_name": "NYC FLEET / DOTQNSBLVD-1", "borough": "Queens", "community_district": 402, "type_of_charger": "Level 2 Charger" }, "geometry": { "type": "Point", "coordinates": [ -73.930602, 40.744537 ] } },
{ "type": "Feature", "properties": { "agency": "DOT", "street": "34-2 Queens Blvd", "station_name": "NYC FLEET / DOTQNSBLVD-2", "borough": "Queens", "community_district": 402, "type_of_charger": "Level 2 Charger" }, "geometry": { "type": "Point", "coordinates": [ -73.930602, 40.744537 ] } },
{ "type": "Feature", "properties": { "agency": "DOT", "street": "34-2 Queens Blvd", "station_name": "NYC FLEET / DOTQNSBLVD-3", "borough": "Queens", "community_district": 402, "type_of_charger": "Level 2 Charger" }, "geometry": { "type": "Point", "coordinates": [ -73.930602, 40.744537 ] } },
{ "type": "Feature", "properties": { "agency": "DOT", "street": "34-2 Queens Blvd", "station_name": "NYC FLEET / DOTQNSBLVD-4", "borough": "Queens", "community_district": 402, "type_of_charger": "Level 2 Charger" }, "geometry": { "type": "Point", "coordinates": [ -73.930602, 40.744537 ] } },
{ "type": "Feature", "properties": { "agency": "DOT", "street": "5 Dubois Ave", "station_name": "NYC FLEET / DOTSIDUBOIS", "borough": "Staten Island", "community_district": 501, "type_of_charger": "Level 2 Charger" }, "geometry": { "type": "Point", "coordinates": [ -74.129397, 40.631925 ] } },
{ "type": "Feature", "properties": { "agency": "DPR", "street": "13 East Rd", "station_name": "NYC FLEET / DPR_ALLIED1", "borough": "Queens", "community_district": 481, "type_of_charger": "Level 2 Charger" }, "geometry": { "type": "Point", "coordinates": [ -73.838823, 40.753928 ] } },
{ "type": "Feature", "properties": { "agency": "DPR", "street": "13 East Rd", "station_name": "NYC FLEET / DPR_ALLIED2", "borough": "Queens", "community_district": 481, "type_of_charger": "Level 2 Charger" }, "geometry": { "type": "Point", "coordinates": [ -73.838823, 40.753928 ] } },
{ "type": "Feature", "properties": { "agency": "DPR", "street": "15 East Rd", "station_name": "NYC FLEET / DPR_ALLIED3", "borough": "Queens", "community_district": 481, "type_of_charger": "Level 2 Charger" }, "geometry": { "type": "Point", "coordinates": [ -73.838509, 40.754021 ] } },
{ "type": "Feature", "properties": { "agency": "DPR", "street": "15 East Rd", "station_name": "NYC FLEET / DPR_ALLIED4", "borough": "Queens", "community_district": 481, "type_of_charger": "Level 2 Charger" }, "geometry": { "type": "Point", "coordinates": [ -73.838509, 40.754021 ] } },
{ "type": "Feature", "properties": { "agency": "DPR", "street": "15 East Rd", "station_name": "NYC FLEET / DPR_ALLIED5", "borough": "Queens", "community_district": 481, "type_of_charger": "Level 2 Charger" }, "geometry": { "type": "Point", "coordinates": [ -73.838509, 40.754021 ] } },
{ "type": "Feature", "properties": { "agency": "DPR", "street": "15 East Rd", "station_name": "NYC FLEET / DPR_ALLIED-S#11", "borough": "Queens", "community_district": 481, "type_of_charger": "EV Solar Arc Charger" }, "geometry": { "type": "Point", "coordinates": [ -73.838509, 40.754021 ] } },
{ "type": "Feature", "properties": { "agency": "DPR", "street": "13 East Rd", "station_name": "NYC FLEET / DPR_ALLIED-S#12", "borough": "Queens", "community_district": 481, "type_of_charger": "EV Solar Arc Charger" }, "geometry": { "type": "Point", "coordinates": [ -73.838823, 40.753928 ] } },
{ "type": "Feature", "properties": { "agency": "DPR", "street": "15 East Rd", "station_name": "NYC FLEET / DPR_ALLIED-S#13", "borough": "Queens", "community_district": 481, "type_of_charger": "EV Solar Arc Charger" }, "geometry": { "type": "Point", "coordinates": [ -73.838509, 40.754021 ] } },
{ "type": "Feature", "properties": { "agency": "DPR", "street": "13 East Rd", "station_name": "NYC FLEET / DPR_ALLIED-S#14", "borough": "Queens", "community_district": 481, "type_of_charger": "EV Solar Arc Charger" }, "geometry": { "type": "Point", "coordinates": [ -73.838823, 40.753928 ] } },
{ "type": "Feature", "properties": { "agency": "DPR", "street": "131-40 Fowler Ave", "station_name": "NYC FLEET / DPR_ALOERTER#1", "borough": "Queens", "community_district": 407, "type_of_charger": "Level 2 Charger" }, "geometry": { "type": "Point", "coordinates": [ -73.834155, 40.751616 ] } },
{ "type": "Feature", "properties": { "agency": "DPR", "street": "131-40 Fowler Ave", "station_name": "NYC FLEET / DPR_ALOERTER#2", "borough": "Queens", "community_district": 407, "type_of_charger": "Level 2 Charger" }, "geometry": { "type": "Point", "coordinates": [ -73.834155, 40.751616 ] } },
{ "type": "Feature", "properties": { "agency": "DPR", "street": "131-40 Fowler Ave", "station_name": "NYC FLEET / DPR_ALOERTER4#5", "borough": "Queens", "community_district": 407, "type_of_charger": "Level 2 Charger" }, "geometry": { "type": "Point", "coordinates": [ -73.834155, 40.751616 ] } },
{ "type": "Feature", "properties": { "agency": "DPR", "street": "850 E 138th St", "station_name": "NYC FLEET / DPR_ARAMRK_1_L3", "borough": "Bronx", "community_district": 201, "type_of_charger": "Level 3 Fast Charger" }, "geometry": { "type": "Point", "coordinates": [ -73.909049, 40.803141 ] } },
{ "type": "Feature", "properties": { "agency": "DPR", "street": "850 E 138th St", "station_name": "NYC FLEET / DPR_ARAMRK_2_L3", "borough": "Bronx", "community_district": 201, "type_of_charger": "Level 3 Fast Charger" }, "geometry": { "type": "Point", "coordinates": [ -73.909049, 40.803141 ] } },
{ "type": "Feature", "properties": { "agency": "DPR", "street": "118- 9 155th St", "station_name": "NYC FLEET / DPR_BAISLEY-S1", "borough": "Queens", "community_district": 412, "type_of_charger": "EV Solar Arc Charger" }, "geometry": { "type": "Point", "coordinates": [ -73.787784, 40.681158 ] } },
{ "type": "Feature", "properties": { "agency": "DPR", "street": "330 Bay 8th St", "station_name": "NYC FLEET / DPR_BAY8TH#2", "borough": "Brooklyn", "community_district": 310, "type_of_charger": "Level 2 Charger" }, "geometry": { "type": "Point", "coordinates": [ -74.017319, 40.605116 ] } },
{ "type": "Feature", "properties": { "agency": "DPR", "street": "48 West Drive", "station_name": "NYC FLEET / DPR_BKSHOPS#1", "borough": "Brooklyn", "community_district": 355, "type_of_charger": "Level 2 Charger" }, "geometry": { "type": "Point", "coordinates": [ -73.973384, 40.664987 ] } },
{ "type": "Feature", "properties": { "agency": "DPR", "street": "46 West Dr", "station_name": "NYC FLEET / DPR_BKSHOPS#2", "borough": "Brooklyn", "community_district": 355, "type_of_charger": "Level 2 Charger" }, "geometry": { "type": "Point", "coordinates": [ -73.973164, 40.665253 ] } },
{ "type": "Feature", "properties": { "agency": "DPR", "street": "50 West Dr", "station_name": "NYC FLEET / DPR_BKSHOPS#3", "borough": "Brooklyn", "community_district": 355, "type_of_charger": "Level 2 Charger" }, "geometry": { "type": "Point", "coordinates": [ -73.973557, 40.664701 ] } },
{ "type": "Feature", "properties": { "agency": "DPR", "street": "195 Cadman Plaza West", "station_name": "NYC FLEET / DPR_BKWARMEMOR1", "borough": "Brooklyn", "community_district": 302, "type_of_charger": "Level 2 Charger" }, "geometry": { "type": "Point", "coordinates": [ -73.991377, 40.69883 ] } },
{ "type": "Feature", "properties": { "agency": "DPR", "street": "195 Cadman Plaza West", "station_name": "NYC FLEET / DPR_BKWARMEMOR2", "borough": "Brooklyn", "community_district": 302, "type_of_charger": "Level 2 Charger" }, "geometry": { "type": "Point", "coordinates": [ -73.991377, 40.69883 ] } },
{ "type": "Feature", "properties": { "agency": "DPR", "street": "50 West Dr", "station_name": "NYC FLEET / DPR_BOROCREWS#1", "borough": "Brooklyn", "community_district": 355, "type_of_charger": "Level 2 Charger" }, "geometry": { "type": "Point", "coordinates": [ -73.973557, 40.664701 ] } },
{ "type": "Feature", "properties": { "agency": "DPR", "street": "50 West Dr", "station_name": "NYC FLEET / DPR_BOROCREWS#2", "borough": "Brooklyn", "community_district": 355, "type_of_charger": "Level 2 Charger" }, "geometry": { "type": "Point", "coordinates": [ -73.973557, 40.664701 ] } },
{ "type": "Feature", "properties": { "agency": "DPR", "street": "50 West Dr", "station_name": "NYC FLEET / DPR_BOROCREWS#3", "borough": "Brooklyn", "community_district": 355, "type_of_charger": "Level 2 Charger" }, "geometry": { "type": "Point", "coordinates": [ -73.973557, 40.664701 ] } },
{ "type": "Feature", "properties": { "agency": "DPR", "street": "50 West Dr", "station_name": "NYC FLEET / DPR_BOROCREWS#4", "borough": "Brooklyn", "community_district": 355, "type_of_charger": "Level 2 Charger" }, "geometry": { "type": "Point", "coordinates": [ -73.973557, 40.664701 ] } },
{ "type": "Feature", "properties": { "agency": "DPR", "street": "50 West Dr", "station_name": "NYC FLEET / DPR_BOROCREWS#5", "borough": "Brooklyn", "community_district": 355, "type_of_charger": "Level 2 Charger" }, "geometry": { "type": "Point", "coordinates": [ -73.973557, 40.664701 ] } },
{ "type": "Feature", "properties": { "agency": "DPR", "street": "1490 Sheridan Blvd.", "station_name": "NYC FLEET / DPR_BXRVRH-S1", "borough": "Bronx", "community_district": 209, "type_of_charger": "EV Solar Arc Charger" }, "geometry": { "type": "Point", "coordinates": [ -73.883614, 40.833338 ] } },
{ "type": "Feature", "properties": { "agency": "DPR", "street": "313 Broome St", "station_name": "NYC FLEET / DPR_CENTRALCOM1", "borough": "Manhattan", "community_district": 103, "type_of_charger": "Level 2 Charger" }, "geometry": { "type": "Point", "coordinates": [ -73.992735, 40.718875 ] } },
{ "type": "Feature", "properties": { "agency": "DPR", "street": "1521-1529 E 102Nd St", "station_name": "NYC FLEET / DPR_CIG-S2", "borough": "Brooklyn", "community_district": 318, "type_of_charger": "EV Solar Arc Charger" }, "geometry": { "type": "Point", "coordinates": [ -73.885339, 40.635668 ] } },
{ "type": "Feature", "properties": { "agency": "DPR", "street": "1501 E 102nd St", "station_name": "NYC FLEET / DPR_CNRSIEPK-S1", "borough": "Brooklyn", "community_district": 318, "type_of_charger": "EV Solar Arc Charger" }, "geometry": { "type": "Point", "coordinates": [ -73.885842, 40.636143 ] } },
{ "type": "Feature", "properties": { "agency": "DPR", "street": "58 Dwight St", "station_name": "NYC FLEET / DPR_COFFEYPK-1", "borough": "Brooklyn", "community_district": 306, "type_of_charger": "Level 2 Charger" }, "geometry": { "type": "Point", "coordinates": [ -74.008238, 40.67671 ] } },
{ "type": "Feature", "properties": { "agency": "DPR", "street": "Central Park Gothic BridgeWest Dr", "station_name": "NYC FLEET / DPR_CPTENNIS#1", "borough": "Manhattan", "community_district": 164, "type_of_charger": "Level 2 Charger" }, "geometry": { "type": "Point", "coordinates": [ -73.965238, 40.78237 ] } },
{ "type": "Feature", "properties": { "agency": "DPR", "street": "1700 Fulton Ave", "station_name": "NYC FLEET / DPR_CROTONAPL#1", "borough": "Bronx", "community_district": 203, "type_of_charger": "Level 2 Charger" }, "geometry": { "type": "Point", "coordinates": [ -73.897872, 40.841369 ] } },
{ "type": "Feature", "properties": { "agency": "DPR", "street": "850 E 138th St", "station_name": "NYC FLEET / DPR_CWSSHOPS#1", "borough": "Bronx", "community_district": 201, "type_of_charger": "Level 2 Charger" }, "geometry": { "type": "Point", "coordinates": [ -73.909049, 40.803141 ] } },
{ "type": "Feature", "properties": { "agency": "DPR", "street": "850 E 138th St", "station_name": "NYC FLEET / DPR_CWSSHOPS#10", "borough": "Bronx", "community_district": 201, "type_of_charger": "Level 2 Charger" }, "geometry": { "type": "Point", "coordinates": [ -73.909049, 40.803141 ] } },
{ "type": "Feature", "properties": { "agency": "DPR", "street": "860 E 138th St", "station_name": "NYC FLEET / DPR_CWSSHOPS#2", "borough": "Bronx", "community_district": 201, "type_of_charger": "Level 2 Charger" }, "geometry": { "type": "Point", "coordinates": [ -73.908904, 40.803059 ] } },
{ "type": "Feature", "properties": { "agency": "DPR", "street": "860 E 138th St", "station_name": "NYC FLEET / DPR_CWSSHOPS#3", "borough": "Bronx", "community_district": 201, "type_of_charger": "Level 2 Charger" }, "geometry": { "type": "Point", "coordinates": [ -73.908904, 40.803059 ] } },
{ "type": "Feature", "properties": { "agency": "DPR", "street": "860 E 138th St", "station_name": "NYC FLEET / DPR_CWSSHOPS#4", "borough": "Bronx", "community_district": 201, "type_of_charger": "Level 2 Charger" }, "geometry": { "type": "Point", "coordinates": [ -73.908904, 40.803059 ] } },
{ "type": "Feature", "properties": { "agency": "DPR", "street": "860 E 138th St", "station_name": "NYC FLEET / DPR_CWSSHOPS#5", "borough": "Bronx", "community_district": 201, "type_of_charger": "Level 2 Charger" }, "geometry": { "type": "Point", "coordinates": [ -73.908904, 40.803059 ] } },
{ "type": "Feature", "properties": { "agency": "DPR", "street": "860 E 138th St", "station_name": "NYC FLEET / DPR_CWSSHOPS#6", "borough": "Bronx", "community_district": 201, "type_of_charger": "Level 2 Charger" }, "geometry": { "type": "Point", "coordinates": [ -73.908904, 40.803059 ] } },
{ "type": "Feature", "properties": { "agency": "DPR", "street": "860 E 138th St", "station_name": "NYC FLEET / DPR_CWSSHOPS#7", "borough": "Bronx", "community_district": 201, "type_of_charger": "Level 2 Charger" }, "geometry": { "type": "Point", "coordinates": [ -73.908904, 40.803059 ] } },
{ "type": "Feature", "properties": { "agency": "DPR", "street": "860 E 138th St", "station_name": "NYC FLEET / DPR_CWSSHOPS#8", "borough": "Bronx", "community_district": 201, "type_of_charger": "Level 2 Charger" }, "geometry": { "type": "Point", "coordinates": [ -73.908904, 40.803059 ] } },
{ "type": "Feature", "properties": { "agency": "DPR", "street": "860 E 138th St", "station_name": "NYC FLEET / DPR_CWSSHOPS#9", "borough": "Bronx", "community_district": 201, "type_of_charger": "Level 2 Charger" }, "geometry": { "type": "Point", "coordinates": [ -73.908904, 40.803059 ] } },
{ "type": "Feature", "properties": { "agency": "DPR", "street": "20 Randalls Island Park", "station_name": "NYC FLEET / DPR_CWSTURF#2", "borough": "Manhattan", "community_district": 111, "type_of_charger": "Level 2 Charger" }, "geometry": { "type": "Point", "coordinates": [ -73.923829, 40.796655 ] } },
{ "type": "Feature", "properties": { "agency": "DPR", "street": "80-11 Myrtle Avenue", "station_name": "NYC FLEET / DPR_DRYHARBOR#1", "borough": "Queens", "community_district": 405, "type_of_charger": "Level 2 Charger" }, "geometry": { "type": "Point", "coordinates": [ -73.868023, 40.702998 ] } },
{ "type": "Feature", "properties": { "agency": "DPR", "street": "80-11 Myrtle Avenue", "station_name": "NYC FLEET / DPR_DRYHARBOR#2", "borough": "Queens", "community_district": 405, "type_of_charger": "Level 2 Charger" }, "geometry": { "type": "Point", "coordinates": [ -73.868023, 40.702998 ] } },
{ "type": "Feature", "properties": { "agency": "DPR", "street": "1121 86th St", "station_name": "NYC FLEET / DPR_DYKERBEA-S1", "borough": "Brooklyn", "community_district": 310, "type_of_charger": "EV Solar Arc Charger" }, "geometry": { "type": "Point", "coordinates": [ -74.017675, 40.61634 ] } },
{ "type": "Feature", "properties": { "agency": "DPR", "street": "7801 57th Avenue", "station_name": "NYC FLEET / DPR_ELMHRSTPK-1", "borough": "Queens", "community_district": 404, "type_of_charger": "Level 2 Charger" }, "geometry": { "type": "Point", "coordinates": [ -73.885114, 40.728781 ] } },
{ "type": "Feature", "properties": { "agency": "DPR", "street": "82-92 88th Pl", "station_name": "NYC FLEET / DPR_FPSHOPS-1", "borough": "Queens", "community_district": 405, "type_of_charger": "Level 2 Charger" }, "geometry": { "type": "Point", "coordinates": [ -73.858223, 40.701545 ] } },
{ "type": "Feature", "properties": { "agency": "DPR", "street": "1010 Queens Plaza South", "station_name": "NYC FLEET / DPR_FRSTRYRES#2", "borough": "Queens", "community_district": 402, "type_of_charger": "Level 2 Charger" }, "geometry": { "type": "Point", "coordinates": [ -73.947412, 40.753521 ] } },
{ "type": "Feature", "properties": { "agency": "DPR", "street": "40 W 143rd St", "station_name": "NYC FLEET / DPR_GLDITRPK-S1", "borough": "Manhattan", "community_district": 110, "type_of_charger": "EV Solar Arc Charger" }, "geometry": { "type": "Point", "coordinates": [ -73.935359, 40.818365 ] } },
{ "type": "Feature", "properties": { "agency": "DPR", "street": "25-50 84th St", "station_name": "NYC FLEET / DPR_GORMANPLY-1", "borough": "Queens", "community_district": 403, "type_of_charger": "Level 2 Charger" }, "geometry": { "type": "Point", "coordinates": [ -73.884827, 40.762959 ] } },
{ "type": "Feature", "properties": { "agency": "DPR", "street": "181 East End Ave", "station_name": "NYC FLEET / DPR_GRACIEMAN", "borough": "Manhattan", "community_district": 108, "type_of_charger": "Level 2 Charger" }, "geometry": { "type": "Point", "coordinates": [ -73.943758, 40.776309 ] } },
{ "type": "Feature", "properties": { "agency": "DPR", "street": "2131 Hart St", "station_name": "NYC FLEET / DPR_HARTISLAN-S", "borough": "Bronx", "community_district": 209, "type_of_charger": "EV Solar Arc Charger" }, "geometry": { "type": "Point", "coordinates": [ -73.846685, 40.811647 ] } },
{ "type": "Feature", "properties": { "agency": "DPR", "street": "2301 Amsterdam Avenue", "station_name": "NYC FLEET / DPR_HIGHBRPOOL1", "borough": "Manhattan", "community_district": 112, "type_of_charger": "Level 2 Charger" }, "geometry": { "type": "Point", "coordinates": [ -73.934301, 40.843434 ] } },
{ "type": "Feature", "properties": { "agency": "DPR", "street": "10 Central Rd", "station_name": "NYC FLEET / DPR_ICAHN_1_L3", "borough": "Manhattan", "community_district": 111, "type_of_charger": "Level 3 Fast Charger" }, "geometry": { "type": "Point", "coordinates": [ -73.923827, 40.792269 ] } },
{ "type": "Feature", "properties": { "agency": "DPR", "street": "10 Central Rd", "station_name": "NYC FLEET / DPR_ICAHN_2_L3", "borough": "Manhattan", "community_district": 111, "type_of_charger": "Level 3 Fast Charger" }, "geometry": { "type": "Point", "coordinates": [ -73.923827, 40.792269 ] } },
{ "type": "Feature", "properties": { "agency": "DPR", "street": "10 Central Rd", "station_name": "NYC FLEET / DPR_ICAHN_3_L3", "borough": "Manhattan", "community_district": 111, "type_of_charger": "Level 3 Fast Charger" }, "geometry": { "type": "Point", "coordinates": [ -73.923827, 40.792269 ] } },
{ "type": "Feature", "properties": { "agency": "DPR", "street": "62- 45 71st Street", "station_name": "NYC FLEET / DPR_JUNIPER1", "borough": "Queens", "community_district": 405, "type_of_charger": "Level 2 Charger" }, "geometry": { "type": "Point", "coordinates": [ -73.884865, 40.718332 ] } },
{ "type": "Feature", "properties": { "agency": "DPR", "street": "62- 45 71st Street", "station_name": "NYC FLEET / DPR_JUNIPER2", "borough": "Queens", "community_district": 405, "type_of_charger": "Level 2 Charger" }, "geometry": { "type": "Point", "coordinates": [ -73.884865, 40.718332 ] } },
{ "type": "Feature", "properties": { "agency": "DPR", "street": "2529 Neptune Ave", "station_name": "NYC FLEET / DPR_KAISERPARK1", "borough": "Brooklyn", "community_district": 313, "type_of_charger": "Level 2 Charger" }, "geometry": { "type": "Point", "coordinates": [ -73.992966, 40.578084 ] } },
{ "type": "Feature", "properties": { "agency": "DPR", "street": "160-2 Oak Avenue", "station_name": "NYC FLEET / DPR_KISSENABH-1", "borough": "Queens", "community_district": 407, "type_of_charger": "Level 2 Charger" }, "geometry": { "type": "Point", "coordinates": [ -73.807119, 40.7501 ] } },
{ "type": "Feature", "properties": { "agency": "DPR", "street": "3 W 124th St", "station_name": "NYC FLEET / DPR_MARCSGARV#1", "borough": "Manhattan", "community_district": 110, "type_of_charger": "Level 2 Charger" }, "geometry": { "type": "Point", "coordinates": [ -73.943, 40.805856 ] } },
{ "type": "Feature", "properties": { "agency": "DPR", "street": "3 Iroquois St.", "station_name": "NYC FLEET / DPR_MIDLAND-S4", "borough": "Staten Island", "community_district": 502, "type_of_charger": "EV Solar Arc Charger" }, "geometry": { "type": "Point", "coordinates": [ -74.085629, 40.574514 ] } },
{ "type": "Feature", "properties": { "agency": "DPR", "street": "5968 Maj Wm Deegan Blvd", "station_name": "NYC FLEET / DPR_MILLPOND-S1", "borough": "Bronx", "community_district": 204, "type_of_charger": "EV Solar Arc Charger" }, "geometry": { "type": "Point", "coordinates": [ -73.931104, 40.82064 ] } },
{ "type": "Feature", "properties": { "agency": "DPR", "street": "760 Oriental Blvd", "station_name": "NYC FLEET / DPR_MNBEACH-1", "borough": "Brooklyn", "community_district": 315, "type_of_charger": "Level 2 Charger" }, "geometry": { "type": "Point", "coordinates": [ -73.944047, 40.577846 ] } },
{ "type": "Feature", "properties": { "agency": "DPR", "street": "54-8 43rd St", "station_name": "NYC FLEET / DPR_MSPTHPK-2", "borough": "Queens", "community_district": 402, "type_of_charger": "Level 2 Charger" }, "geometry": { "type": "Point", "coordinates": [ -73.924672, 40.731943 ] } },
{ "type": "Feature", "properties": { "agency": "DPR", "street": "1 Forest Park Dr", "station_name": "NYC FLEET / DPR_OKRDGE_1_L3", "borough": "Queens", "community_district": 482, "type_of_charger": "Level 3 Fast Charger" }, "geometry": { "type": "Point", "coordinates": [ -73.866356, 40.696323 ] } },
{ "type": "Feature", "properties": { "agency": "DPR", "street": "1 Forest Park Dr", "station_name": "NYC FLEET / DPR_OKRDGE_2_L3", "borough": "Queens", "community_district": 482, "type_of_charger": "Level 3 Fast Charger" }, "geometry": { "type": "Point", "coordinates": [ -73.866356, 40.696323 ] } },
{ "type": "Feature", "properties": { "agency": "DPR", "street": "12 Olmsted Dr", "station_name": "NYC FLEET / DPR_OLMSTED-S1", "borough": "Queens", "community_district": 481, "type_of_charger": "EV Solar Arc Charger" }, "geometry": { "type": "Point", "coordinates": [ -73.849609, 40.752161 ] } },
{ "type": "Feature", "properties": { "agency": "DPR", "street": "80-30 Park Ln", "station_name": "NYC FLEET / DPR_OVERLOOK_1", "borough": "Queens", "community_district": 482, "type_of_charger": "Level 2 Charger" }, "geometry": { "type": "Point", "coordinates": [ -73.835147, 40.710954 ] } },
{ "type": "Feature", "properties": { "agency": "DPR", "street": "80-30 Park Ln", "station_name": "NYC FLEET / DPR_OVERLOOK-S1", "borough": "Queens", "community_district": 482, "type_of_charger": "EV Solar Arc Charger" }, "geometry": { "type": "Point", "coordinates": [ -73.835147, 40.710954 ] } },
{ "type": "Feature", "properties": { "agency": "DPR", "street": "80-30 Park Ln", "station_name": "NYC FLEET / DPR_OVERLOOK-S2", "borough": "Queens", "community_district": 482, "type_of_charger": "EV Solar Arc Charger" }, "geometry": { "type": "Point", "coordinates": [ -73.835147, 40.710954 ] } },
{ "type": "Feature", "properties": { "agency": "DPR", "street": "1001 Queens Plaza S", "station_name": "NYC FLEET / DPR_QBLIC#9&10", "borough": "Queens", "community_district": 402, "type_of_charger": "Level 2 Charger" }, "geometry": { "type": "Point", "coordinates": [ -73.947466, 40.753562 ] } },
{ "type": "Feature", "properties": { "agency": "DPR", "street": "1001 Queens Plaza S", "station_name": "NYC FLEET / DPR_QBLIC_5&6", "borough": "Queens", "community_district": 402, "type_of_charger": "Level 2 Charger" }, "geometry": { "type": "Point", "coordinates": [ -73.947466, 40.753562 ] } },
{ "type": "Feature", "properties": { "agency": "DPR", "street": "1001 Queens Plaza S", "station_name": "NYC FLEET / DPR_QBLIC_7&8", "borough": "Queens", "community_district": 402, "type_of_charger": "Level 2 Charger" }, "geometry": { "type": "Point", "coordinates": [ -73.947466, 40.753562 ] } },
{ "type": "Feature", "properties": { "agency": "DPR", "street": "1001 Queens Plaza S", "station_name": "NYC FLEET / DPR_QBSTWTRAIL1", "borough": "Queens", "community_district": 402, "type_of_charger": "Level 2 Charger" }, "geometry": { "type": "Point", "coordinates": [ -73.947466, 40.753562 ] } },
{ "type": "Feature", "properties": { "agency": "DPR", "street": "1954-1962 Birchall Ave", "station_name": "NYC FLEET / DPR_RANAQ1", "borough": "Bronx", "community_district": 211, "type_of_charger": "Level 2 Charger" }, "geometry": { "type": "Point", "coordinates": [ -73.868576, 40.848615 ] } },
{ "type": "Feature", "properties": { "agency": "DPR", "street": "1954-1962 Birchall Ave", "station_name": "NYC FLEET / DPR_RANAQ2", "borough": "Bronx", "community_district": 211, "type_of_charger": "Level 2 Charger" }, "geometry": { "type": "Point", "coordinates": [ -73.868576, 40.848615 ] } },
{ "type": "Feature", "properties": { "agency": "DPR", "street": "1 Bronx River Pkwy", "station_name": "NYC FLEET / DPR_RANAQU_1_L3", "borough": "Bronx", "community_district": 227, "type_of_charger": "Level 3 Fast Charger" }, "geometry": { "type": "Point", "coordinates": [ -73.870827, 40.847311 ] } },
{ "type": "Feature", "properties": { "agency": "DPR", "street": "126 Hell Gate Circle", "station_name": "NYC FLEET / DPR_RANDALLS#1", "borough": "Manhattan", "community_district": 111, "type_of_charger": "Level 2 Charger" }, "geometry": { "type": "Point", "coordinates": [ -73.928799, 40.786761 ] } },
{ "type": "Feature", "properties": { "agency": "DPR", "street": "111 Sunken Garden Loop", "station_name": "NYC FLEET / DPR_RICWTURF#1", "borough": "Manhattan", "community_district": 111, "type_of_charger": "Level 2 Charger" }, "geometry": { "type": "Point", "coordinates": [ -73.931656, 40.786373 ] } },
{ "type": "Feature", "properties": { "agency": "DPR", "street": "111 Sunken Garden Loop", "station_name": "NYC FLEET / DPR_RIHORT#1", "borough": "Manhattan", "community_district": 111, "type_of_charger": "Level 2 Charger" }, "geometry": { "type": "Point", "coordinates": [ -73.931656, 40.786373 ] } },
{ "type": "Feature", "properties": { "agency": "DPR", "street": "111 Sunken Garden Loop", "station_name": "NYC FLEET / DPR_RIHORT#2", "borough": "Manhattan", "community_district": 111, "type_of_charger": "Level 2 Charger" }, "geometry": { "type": "Point", "coordinates": [ -73.931656, 40.786373 ] } },
{ "type": "Feature", "properties": { "agency": "DPR", "street": "111 Sunken Garden Loop", "station_name": "NYC FLEET / DPR_RIHORT#3", "borough": "Manhattan", "community_district": 111, "type_of_charger": "Level 2 Charger" }, "geometry": { "type": "Point", "coordinates": [ -73.931656, 40.786373 ] } },
{ "type": "Feature", "properties": { "agency": "DPR", "street": "111 Sunken Garden Loop", "station_name": "NYC FLEET / DPR_RIOPS#1", "borough": "Manhattan", "community_district": 111, "type_of_charger": "Level 2 Charger" }, "geometry": { "type": "Point", "coordinates": [ -73.931656, 40.786373 ] } },
{ "type": "Feature", "properties": { "agency": "DPR", "street": "177-01 Baisley Blvd", "station_name": "NYC FLEET / DPR_ROYWILKINS1", "borough": "Queens", "community_district": 412, "type_of_charger": "Level 2 Charger" }, "geometry": { "type": "Point", "coordinates": [ -73.768455, 40.686284 ] } },
{ "type": "Feature", "properties": { "agency": "DPR", "street": "177-01 Baisley Blvd", "station_name": "NYC FLEET / DPR_ROYWILKINS2", "borough": "Queens", "community_district": 412, "type_of_charger": "Level 2 Charger" }, "geometry": { "type": "Point", "coordinates": [ -73.768455, 40.686284 ] } },
{ "type": "Feature", "properties": { "agency": "DPR", "street": "150-03 Jamaica Ave", "station_name": "NYC FLEET / DPR_RUFUSKING#1", "borough": "Queens", "community_district": 412, "type_of_charger": "Level 2 Charger" }, "geometry": { "type": "Point", "coordinates": [ -73.803607, 40.702376 ] } },
{ "type": "Feature", "properties": { "agency": "DPR", "street": "500 W 129th St", "station_name": "NYC FLEET / DPR_SHELTARMS#1", "borough": "Manhattan", "community_district": 109, "type_of_charger": "Level 2 Charger" }, "geometry": { "type": "Point", "coordinates": [ -73.955246, 40.815204 ] } },
{ "type": "Feature", "properties": { "agency": "DPR", "street": "1490 Sheridan Blvd", "station_name": "NYC FLEET / DPR_STARLTPK#1", "borough": "Bronx", "community_district": 209, "type_of_charger": "Level 2 Charger" }, "geometry": { "type": "Point", "coordinates": [ -73.883614, 40.833338 ] } },
{ "type": "Feature", "properties": { "agency": "DSNY", "street": "559 Park Avenue", "station_name": "DSNY_ENPHASE_BK03-6", "borough": "Brooklyn", "community_district": 303, "type_of_charger": "Level 2 Charger" }, "geometry": { "type": "Point", "coordinates": [ -73.953529, 40.697144 ] } },
{ "type": "Feature", "properties": { "agency": "DSNY", "street": "650 W 57th St", "station_name": "NYC FLEET / DSNY_MN04-1", "borough": "Manhattan", "community_district": 104, "type_of_charger": "Level 2 Charger" }, "geometry": { "type": "Point", "coordinates": [ -73.993415, 40.771149 ] } },
{ "type": "Feature", "properties": { "agency": "DSNY", "street": "559 Park Avenue", "station_name": "DSNY_BK03-9_FORDPRO", "borough": "Brooklyn", "community_district": 303, "type_of_charger": "Level 2 Charger" }, "geometry": { "type": "Point", "coordinates": [ -73.953529, 40.697144 ] } },
{ "type": "Feature", "properties": { "agency": "DSNY", "street": "559 Park Avenue", "station_name": "DSNY_ENPHASE_BK03-1", "borough": "Brooklyn", "community_district": 303, "type_of_charger": "Level 2 Charger" }, "geometry": { "type": "Point", "coordinates": [ -73.953529, 40.697144 ] } },
{ "type": "Feature", "properties": { "agency": "DPR", "street": "1150 Clove Road", "station_name": "NYC FLEET / DPR_STONEHNGE-1", "borough": "Staten Island", "community_district": 501, "type_of_charger": "Level 2 Charger" }, "geometry": { "type": "Point", "coordinates": [ -74.105161, 40.618239 ] } },
{ "type": "Feature", "properties": { "agency": "DPR", "street": "4119 7th Ave", "station_name": "NYC FLEET / DPR_SUNSETPARK1", "borough": "Brooklyn", "community_district": 307, "type_of_charger": "Level 2 Charger" }, "geometry": { "type": "Point", "coordinates": [ -74.000818, 40.647324 ] } },
{ "type": "Feature", "properties": { "agency": "DPR", "street": "5788 Broadway", "station_name": "NYC FLEET / DPR_VC-GAR-S2", "borough": "Bronx", "community_district": 208, "type_of_charger": "EV Solar Arc Charger" }, "geometry": { "type": "Point", "coordinates": [ -73.901217, 40.884065 ] } },
{ "type": "Feature", "properties": { "agency": "DPR", "street": "David Sheridan Plaza", "station_name": "NYC FLEET / DPR_VCP-S4", "borough": "Bronx", "community_district": 208, "type_of_charger": "EV Solar Arc Charger" }, "geometry": { "type": "Point", "coordinates": [ -73.896715, 40.904759 ] } },
{ "type": "Feature", "properties": { "agency": "DPR", "street": "David Sheridan Plaza", "station_name": "NYC FLEET / DPR_VCP-S5", "borough": "Bronx", "community_district": 208, "type_of_charger": "EV Solar Arc Charger" }, "geometry": { "type": "Point", "coordinates": [ -73.896715, 40.904759 ] } },
{ "type": "Feature", "properties": { "agency": "DPR", "street": "698 West 135Th Street", "station_name": "NYC FLEET / DPR_WHRLMPIER", "borough": "Manhattan", "community_district": 109, "type_of_charger": "Level 2 Charger" }, "geometry": { "type": "Point", "coordinates": [ -73.958067, 40.821351 ] } },
{ "type": "Feature", "properties": { "agency": "DPR", "street": "161 Chester Ave", "station_name": "NYC FLEET / DPR_WPP-S1", "borough": "Staten Island", "community_district": 503, "type_of_charger": "EV Solar Arc Charger" }, "geometry": { "type": "Point", "coordinates": [ -74.184425, 40.52066 ] } },
{ "type": "Feature", "properties": { "agency": "DPR", "street": "830 5th Avenue", "station_name": "NYC FLEET / DPR_ZOOGARAGE-1", "borough": "Manhattan", "community_district": 164, "type_of_charger": "Level 2 Charger" }, "geometry": { "type": "Point", "coordinates": [ -73.970516, 40.767711 ] } },
{ "type": "Feature", "properties": { "agency": "DPR", "street": "830 5th Avenue", "station_name": "NYC FLEET / DPR_ZOOGARAGE-2", "borough": "Manhattan", "community_district": 164, "type_of_charger": "Level 2 Charger" }, "geometry": { "type": "Point", "coordinates": [ -73.970516, 40.767711 ] } },
{ "type": "Feature", "properties": { "agency": "DPR", "street": "20 Bronx Shore Rd", "station_name": "NYC FLEET / DPR5BOROBB_1_L3", "borough": "Manhattan", "community_district": 111, "type_of_charger": "Level 3 Fast Charger" }, "geometry": { "type": "Point", "coordinates": [ -73.92227, 40.79952 ] } },
{ "type": "Feature", "properties": { "agency": "DPR", "street": "20 Bronx Shore Rd", "station_name": "NYC FLEET / DPR5BOROBB_2_L3", "borough": "Manhattan", "community_district": 111, "type_of_charger": "Level 3 Fast Charger" }, "geometry": { "type": "Point", "coordinates": [ -73.92227, 40.79952 ] } },
{ "type": "Feature", "properties": { "agency": "DPR", "street": "20R Bronx Shore Rd", "station_name": "NYC FLEET / DPR5BOROBB1A-B", "borough": "Manhattan", "community_district": 111, "type_of_charger": "Level 2 Charger" }, "geometry": { "type": "Point", "coordinates": [ -73.92227, 40.79952 ] } },
{ "type": "Feature", "properties": { "agency": "DPR", "street": "20R Bronx Shore Rd", "station_name": "NYC FLEET / DPR5BOROBB2A-B", "borough": "Manhattan", "community_district": 111, "type_of_charger": "Level 2 Charger" }, "geometry": { "type": "Point", "coordinates": [ -73.92227, 40.79952 ] } },
{ "type": "Feature", "properties": { "agency": "DPR", "street": "20R Bronx Shore Rd", "station_name": "NYC FLEET / DPR5BOROBB3A-B", "borough": "Manhattan", "community_district": 111, "type_of_charger": "Level 2 Charger" }, "geometry": { "type": "Point", "coordinates": [ -73.92227, 40.79952 ] } },
{ "type": "Feature", "properties": { "agency": "DPR", "street": "20R Bronx Shore Rd", "station_name": "NYC FLEET / DPR5BOROBB4A-B", "borough": "Manhattan", "community_district": 111, "type_of_charger": "Level 2 Charger" }, "geometry": { "type": "Point", "coordinates": [ -73.92227, 40.79952 ] } },
{ "type": "Feature", "properties": { "agency": "DPR", "street": "20R Bronx Shore Rd", "station_name": "NYC FLEET / DPR5BOROBB5A-B", "borough": "Manhattan", "community_district": 111, "type_of_charger": "Level 2 Charger" }, "geometry": { "type": "Point", "coordinates": [ -73.92227, 40.79952 ] } },
{ "type": "Feature", "properties": { "agency": "DPR", "street": "20R Bronx Shore Rd", "station_name": "NYC FLEET / DPR5BOROBB6A-B", "borough": "Manhattan", "community_district": 111, "type_of_charger": "Level 2 Charger" }, "geometry": { "type": "Point", "coordinates": [ -73.92227, 40.79952 ] } },
{ "type": "Feature", "properties": { "agency": "DPR", "street": "50 85Th St Transverse", "station_name": "NYC FLEET / DPR86MNSHPS#1#2", "borough": "Manhattan", "community_district": 164, "type_of_charger": "Level 2 Charger" }, "geometry": { "type": "Point", "coordinates": [ -73.962508, 40.781339 ] } },
{ "type": "Feature", "properties": { "agency": "DPR", "street": "118- 9 155th Street", "station_name": "NYC FLEET / DPRBAISLEYPND-1", "borough": "Queens", "community_district": 412, "type_of_charger": "Level 2 Charger" }, "geometry": { "type": "Point", "coordinates": [ -73.787784, 40.681158 ] } },
{ "type": "Feature", "properties": { "agency": "DPR", "street": "118- 9 155th Street", "station_name": "NYC FLEET / DPRBAISLEYPND-2", "borough": "Queens", "community_district": 412, "type_of_charger": "Level 2 Charger" }, "geometry": { "type": "Point", "coordinates": [ -73.787784, 40.681158 ] } },
{ "type": "Feature", "properties": { "agency": "DPR", "street": "95 Prospect Park West", "station_name": "NYC FLEET / DPRBKFORST#1A-B", "borough": "Brooklyn", "community_district": 355, "type_of_charger": "Level 2 Charger" }, "geometry": { "type": "Point", "coordinates": [ -73.974508, 40.667391 ] } },
{ "type": "Feature", "properties": { "agency": "DPR", "street": "95 Prospect Park West", "station_name": "NYC FLEET / DPRBKFORST#2A-B", "borough": "Brooklyn", "community_district": 355, "type_of_charger": "Level 2 Charger" }, "geometry": { "type": "Point", "coordinates": [ -73.974508, 40.667391 ] } },
{ "type": "Feature", "properties": { "agency": "DPR", "street": "15 East Rd", "station_name": "NYC FLEET / DPRBKFORST#3A-B", "borough": "Queens", "community_district": 481, "type_of_charger": "Level 2 Charger" }, "geometry": { "type": "Point", "coordinates": [ -73.838509, 40.754021 ] } },
{ "type": "Feature", "properties": { "agency": "DPR", "street": "222 Poillon Ave", "station_name": "NYC FLEET / DPRBLUHERON1A-B", "borough": "Staten Island", "community_district": 503, "type_of_charger": "Level 2 Charger" }, "geometry": { "type": "Point", "coordinates": [ -74.176447, 40.530065 ] } },
{ "type": "Feature", "properties": { "agency": "DPR", "street": "575 Arthur Kill Rd", "station_name": "NYC FLEET / DPRBROOKFLD1A-B", "borough": "Staten Island", "community_district": 503, "type_of_charger": "Level 2 Charger" }, "geometry": { "type": "Point", "coordinates": [ -74.160443, 40.56161 ] } },
{ "type": "Feature", "properties": { "agency": "DPR", "street": "575 Arthur Kill Rd", "station_name": "NYC FLEET / DPRBROOKFLD2A-B", "borough": "Staten Island", "community_district": 503, "type_of_charger": "Level 2 Charger" }, "geometry": { "type": "Point", "coordinates": [ -74.160443, 40.56161 ] } },
{ "type": "Feature", "properties": { "agency": "DPR", "street": "575 Arthur Kill Rd", "station_name": "NYC FLEET / DPRBROOKFLD3A-B", "borough": "Staten Island", "community_district": 503, "type_of_charger": "Level 2 Charger" }, "geometry": { "type": "Point", "coordinates": [ -74.160443, 40.56161 ] } },
{ "type": "Feature", "properties": { "agency": "DPR", "street": "575 Arthur Kill Rd", "station_name": "NYC FLEET / DPRBROOKFLD4A-B", "borough": "Staten Island", "community_district": 503, "type_of_charger": "Level 2 Charger" }, "geometry": { "type": "Point", "coordinates": [ -74.160443, 40.56161 ] } },
{ "type": "Feature", "properties": { "agency": "DPR", "street": "334 Furman St", "station_name": "NYC FLEET / DPRBROOKLYNBPC", "borough": "Brooklyn", "community_district": 302, "type_of_charger": "Level 2 Charger" }, "geometry": { "type": "Point", "coordinates": [ -73.999196, 40.693999 ] } },
{ "type": "Feature", "properties": { "agency": "DPR", "street": "110 Kent Ave", "station_name": "NYC FLEET / DPRBUSHWINL#1#2", "borough": "Brooklyn", "community_district": 301, "type_of_charger": "Level 2 Charger" }, "geometry": { "type": "Point", "coordinates": [ -73.961226, 40.720795 ] } },
{ "type": "Feature", "properties": { "agency": "DPR", "street": "2-42 N 10Th St", "station_name": "NYC FLEET / DPRBUSHWINL#3#4", "borough": "Brooklyn", "community_district": 301, "type_of_charger": "Level 2 Charger" }, "geometry": { "type": "Point", "coordinates": [ -73.953014, 40.717655 ] } },
{ "type": "Feature", "properties": { "agency": "DPR", "street": "1 Bronx River Pkwy", "station_name": "NYC FLEET / DPRBXFORST#1A-B", "borough": "Bronx", "community_district": 227, "type_of_charger": "Level 2 Charger" }, "geometry": { "type": "Point", "coordinates": [ -73.870827, 40.847311 ] } },
{ "type": "Feature", "properties": { "agency": "DPR", "street": "1 Bronx River Pkwy", "station_name": "NYC FLEET / DPRBXFORST#2A-B", "borough": "Bronx", "community_district": 227, "type_of_charger": "Level 2 Charger" }, "geometry": { "type": "Point", "coordinates": [ -73.870827, 40.847311 ] } },
{ "type": "Feature", "properties": { "agency": "DPR", "street": "1 Bronx River Pkwy", "station_name": "NYC FLEET / DPRBXFORST#3A-B", "borough": "Bronx", "community_district": 227, "type_of_charger": "Level 2 Charger" }, "geometry": { "type": "Point", "coordinates": [ -73.870827, 40.847311 ] } },
{ "type": "Feature", "properties": { "agency": "DPR", "street": "1 Bronx River Pkwy", "station_name": "NYC FLEET / DPRBXFORST#4A-B", "borough": "Bronx", "community_district": 227, "type_of_charger": "Level 2 Charger" }, "geometry": { "type": "Point", "coordinates": [ -73.870827, 40.847311 ] } },
{ "type": "Feature", "properties": { "agency": "DPR", "street": "1831 Unionport Rd", "station_name": "NYC FLEET / DPRBXFORST#5A-B", "borough": "Bronx", "community_district": 211, "type_of_charger": "Level 2 Charger" }, "geometry": { "type": "Point", "coordinates": [ -73.868694, 40.845802 ] } },
{ "type": "Feature", "properties": { "agency": "DPR", "street": "1831 Unionport Rd", "station_name": "NYC FLEET / DPRBXFORST#6A-B", "borough": "Bronx", "community_district": 211, "type_of_charger": "Level 2 Charger" }, "geometry": { "type": "Point", "coordinates": [ -73.868694, 40.845802 ] } },
{ "type": "Feature", "properties": { "agency": "DPR", "street": "1831 Unionport Rd", "station_name": "NYC FLEET / DPRBXFORST#7A-B", "borough": "Bronx", "community_district": 211, "type_of_charger": "Level 2 Charger" }, "geometry": { "type": "Point", "coordinates": [ -73.868694, 40.845802 ] } },
{ "type": "Feature", "properties": { "agency": "DPR", "street": "1831 Unionport Rd", "station_name": "NYC FLEET / DPRBXFORST#8A-B", "borough": "Bronx", "community_district": 211, "type_of_charger": "Level 2 Charger" }, "geometry": { "type": "Point", "coordinates": [ -73.868694, 40.845802 ] } },
{ "type": "Feature", "properties": { "agency": "DPR", "street": "1831 Unionport Rd", "station_name": "NYC FLEET / DPRBXFORST#9A-B", "borough": "Bronx", "community_district": 211, "type_of_charger": "Level 2 Charger" }, "geometry": { "type": "Point", "coordinates": [ -73.868694, 40.845802 ] } },
{ "type": "Feature", "properties": { "agency": "DPR", "street": "1831 Unionport Rd", "station_name": "NYC FLEET / DPRBXFRST#10A-B", "borough": "Bronx", "community_district": 211, "type_of_charger": "Level 2 Charger" }, "geometry": { "type": "Point", "coordinates": [ -73.868694, 40.845802 ] } },
{ "type": "Feature", "properties": { "agency": "DPR", "street": "1990 Shore Pkwy", "station_name": "NYC FLEET / DPRCALVAUX-S2", "borough": "Brooklyn", "community_district": 313, "type_of_charger": "EV Solar Arc Charger" }, "geometry": { "type": "Point", "coordinates": [ -73.992191, 40.587383 ] } },
{ "type": "Feature", "properties": { "agency": "DPR", "street": "14 Bronx Shore Rd", "station_name": "NYC FLEET / DPRCITYWIDE#1", "borough": "Manhattan", "community_district": 111, "type_of_charger": "Level 2 Charger" }, "geometry": { "type": "Point", "coordinates": [ -73.921194, 40.79872 ] } },
{ "type": "Feature", "properties": { "agency": "DPR", "street": "14 Bronx Shore Rd", "station_name": "NYC FLEET / DPRCITYWIDE#13", "borough": "Manhattan", "community_district": 111, "type_of_charger": "Level 2 Charger" }, "geometry": { "type": "Point", "coordinates": [ -73.921194, 40.79872 ] } },
{ "type": "Feature", "properties": { "agency": "DPR", "street": "14 Bronx Shore Rd", "station_name": "NYC FLEET / DPRCITYWIDE#16", "borough": "Manhattan", "community_district": 111, "type_of_charger": "Level 2 Charger" }, "geometry": { "type": "Point", "coordinates": [ -73.921194, 40.79872 ] } },
{ "type": "Feature", "properties": { "agency": "DPR", "street": "14 Bronx Shore Rd", "station_name": "NYC FLEET / DPRCITYWIDE#17", "borough": "Manhattan", "community_district": 111, "type_of_charger": "Level 2 Charger" }, "geometry": { "type": "Point", "coordinates": [ -73.921194, 40.79872 ] } },
{ "type": "Feature", "properties": { "agency": "DPR", "street": "37-49 Bronx Shore Rd", "station_name": "NYC FLEET / DPRCITYWIDE#18", "borough": "Manhattan", "community_district": 111, "type_of_charger": "Level 2 Charger" }, "geometry": { "type": "Point", "coordinates": [ -73.925671, 40.800068 ] } },
{ "type": "Feature", "properties": { "agency": "DPR", "street": "14 Bronx Shore Rd", "station_name": "NYC FLEET / DPRCITYWIDE#2", "borough": "Manhattan", "community_district": 111, "type_of_charger": "Level 2 Charger" }, "geometry": { "type": "Point", "coordinates": [ -73.921194, 40.79872 ] } },
{ "type": "Feature", "properties": { "agency": "DPR", "street": "14 Bronx Shore Rd", "station_name": "NYC FLEET / DPRCITYWIDE#3", "borough": "Manhattan", "community_district": 111, "type_of_charger": "Level 2 Charger" }, "geometry": { "type": "Point", "coordinates": [ -73.921194, 40.79872 ] } },
{ "type": "Feature", "properties": { "agency": "DPR", "street": "298 Satterlee St", "station_name": "NYC FLEET / DPRCONFHSE1A-B", "borough": "Staten Island", "community_district": 503, "type_of_charger": "Level 2 Charger" }, "geometry": { "type": "Point", "coordinates": [ -74.25144, 40.502357 ] } },
{ "type": "Feature", "properties": { "agency": "DPR", "street": "19600 Union Tpke", "station_name": "NYC FLEET / DPRCUNINGHM3A-B", "borough": "Queens", "community_district": 408, "type_of_charger": "Level 2 Charger" }, "geometry": { "type": "Point", "coordinates": [ -73.774773, 40.730929 ] } },
{ "type": "Feature", "properties": { "agency": "DPR", "street": "196-03 Grand Central Pkwy", "station_name": "NYC FLEET / DPRCUNINGHM7A-B", "borough": "Queens", "community_district": 408, "type_of_charger": "Level 2 Charger" }, "geometry": { "type": "Point", "coordinates": [ -73.771463, 40.725107 ] } },
{ "type": "Feature", "properties": { "agency": "DPR", "street": "Cunningham Park State Rte", "station_name": "NYC FLEET / DPRCUNINGHM-S1", "borough": "Queens", "community_district": 408, "type_of_charger": "EV Solar Arc Charger" }, "geometry": { "type": "Point", "coordinates": [ -73.764505, 40.728776 ] } },
{ "type": "Feature", "properties": { "agency": "DPR", "street": "Cunningham Park State Rte", "station_name": "NYC FLEET / DPRCUNINGHM-S2", "borough": "Queens", "community_district": 408, "type_of_charger": "EV Solar Arc Charger" }, "geometry": { "type": "Point", "coordinates": [ -73.764505, 40.728776 ] } },
{ "type": "Feature", "properties": { "agency": "DPR", "street": "196-10 Union Tpke", "station_name": "NYC FLEET / DPRCUNINGHM-S3", "borough": "Queens", "community_district": 408, "type_of_charger": "EV Solar Arc Charger" }, "geometry": { "type": "Point", "coordinates": [ -73.77464, 40.730954 ] } },
{ "type": "Feature", "properties": { "agency": "DPR", "street": "8 Olmsted Dr", "station_name": "NYC FLEET / DPRFLUSHING1A-B", "borough": "Queens", "community_district": 481, "type_of_charger": "Level 2 Charger" }, "geometry": { "type": "Point", "coordinates": [ -73.84963, 40.752164 ] } },
{ "type": "Feature", "properties": { "agency": "DPR", "street": "8 Olmsted Dr", "station_name": "NYC FLEET / DPRFLUSHING2A-B", "borough": "Queens", "community_district": 481, "type_of_charger": "Level 2 Charger" }, "geometry": { "type": "Point", "coordinates": [ -73.84963, 40.752164 ] } },
{ "type": "Feature", "properties": { "agency": "DPR", "street": "8 Olmsted Dr", "station_name": "NYC FLEET / DPRFLUSHING3A-B", "borough": "Queens", "community_district": 481, "type_of_charger": "Level 2 Charger" }, "geometry": { "type": "Point", "coordinates": [ -73.84963, 40.752164 ] } },
{ "type": "Feature", "properties": { "agency": "DPR", "street": "8 Olmsted Dr", "station_name": "NYC FLEET / DPRFLUSHING4A-B", "borough": "Queens", "community_district": 481, "type_of_charger": "Level 2 Charger" }, "geometry": { "type": "Point", "coordinates": [ -73.84963, 40.752164 ] } },
{ "type": "Feature", "properties": { "agency": "DPR", "street": "8 Olmsted Dr", "station_name": "NYC FLEET / DPRFLUSHING5A-B", "borough": "Queens", "community_district": 481, "type_of_charger": "Level 2 Charger" }, "geometry": { "type": "Point", "coordinates": [ -73.84963, 40.752164 ] } },
{ "type": "Feature", "properties": { "agency": "DPR", "street": "125-40 Roosevelt Ave", "station_name": "NYC FLEET / DPRFMAQUA-1A-B", "borough": "Queens", "community_district": 481, "type_of_charger": "Level 2 Charger" }, "geometry": { "type": "Point", "coordinates": [ -73.837885, 40.752442 ] } },
{ "type": "Feature", "properties": { "agency": "DPR", "street": "13104 Meridian Road", "station_name": "NYC FLEET / DPRFMAQUATIC-1", "borough": "Queens", "community_district": 481, "type_of_charger": "Level 2 Charger" }, "geometry": { "type": "Point", "coordinates": [ -73.837885, 40.752442 ] } },
{ "type": "Feature", "properties": { "agency": "DPR", "street": "15 East Rd", "station_name": "NYC FLEET / DPRFTTOTTEN4A-B", "borough": "Queens", "community_district": 481, "type_of_charger": "Level 2 Charger" }, "geometry": { "type": "Point", "coordinates": [ -73.838509, 40.754021 ] } },
{ "type": "Feature", "properties": { "agency": "DPR", "street": "501 Brielle Ave", "station_name": "NYC FLEET / DPRGREENBELT#2", "borough": "Staten Island", "community_district": 502, "type_of_charger": "Level 2 Charger" }, "geometry": { "type": "Point", "coordinates": [ -74.13628, 40.592224 ] } },
{ "type": "Feature", "properties": { "agency": "DPR", "street": "25-10 Queens Plaza S", "station_name": "NYC FLEET / DPRGREENTHUMB#2", "borough": "Queens", "community_district": 402, "type_of_charger": "Level 2 Charger" }, "geometry": { "type": "Point", "coordinates": [ -73.940301, 40.750369 ] } },
{ "type": "Feature", "properties": { "agency": "DPR", "street": "191-249 Nevada Ave", "station_name": "NYC FLEET / DPRHIGHROCK#1", "borough": "Staten Island", "community_district": 502, "type_of_charger": "Level 2 Charger" }, "geometry": { "type": "Point", "coordinates": [ -74.125528, 40.584008 ] } },
{ "type": "Feature", "properties": { "agency": "DPR", "street": "2900 Flatbush Ave", "station_name": "NYC FLEET / DPRHIGHWAYP2-S1", "borough": "Brooklyn", "community_district": 318, "type_of_charger": "EV Solar Arc Charger" }, "geometry": { "type": "Point", "coordinates": [ -73.912051, 40.600248 ] } },
{ "type": "Feature", "properties": { "agency": "DPR", "street": "2900 Flatbush Ave", "station_name": "NYC FLEET / DPRHIGHWAYP2-S2", "borough": "Brooklyn", "community_district": 318, "type_of_charger": "EV Solar Arc Charger" }, "geometry": { "type": "Point", "coordinates": [ -73.912051, 40.600248 ] } },
{ "type": "Feature", "properties": { "agency": "DPR", "street": "20 Randalls Is Rd", "station_name": "NYC FLEET / DPRICAHNSTADIUM", "borough": "Manhattan", "community_district": 111, "type_of_charger": "Level 2 Charger" }, "geometry": { "type": "Point", "coordinates": [ -73.922671, 40.795535 ] } },
{ "type": "Feature", "properties": { "agency": "DPR", "street": "600 W 218th St", "station_name": "NYC FLEET / DPRINWOODHLL-S1", "borough": "Manhattan", "community_district": 112, "type_of_charger": "EV Solar Arc Charger" }, "geometry": { "type": "Point", "coordinates": [ -73.918159, 40.872891 ] } },
{ "type": "Feature", "properties": { "agency": "DPR", "street": "600 W 218th St", "station_name": "NYC FLEET / DPRINWOODHLL-S2", "borough": "Manhattan", "community_district": 112, "type_of_charger": "EV Solar Arc Charger" }, "geometry": { "type": "Point", "coordinates": [ -73.918159, 40.872891 ] } },
{ "type": "Feature", "properties": { "agency": "DPR", "street": "95 Prospect Park West", "station_name": "NYC FLEET / DPRLITCHFLD1A-B", "borough": "Brooklyn", "community_district": 355, "type_of_charger": "Level 2 Charger" }, "geometry": { "type": "Point", "coordinates": [ -73.974508, 40.667391 ] } },
{ "type": "Feature", "properties": { "agency": "DPR", "street": "95 Prospect Park West", "station_name": "NYC FLEET / DPRLITCHFLD2A-B", "borough": "Brooklyn", "community_district": 355, "type_of_charger": "Level 2 Charger" }, "geometry": { "type": "Point", "coordinates": [ -73.974508, 40.667391 ] } },
{ "type": "Feature", "properties": { "agency": "DPR", "street": "95 Prospect Park West", "station_name": "NYC FLEET / DPRLITCHFLD3A-B", "borough": "Brooklyn", "community_district": 355, "type_of_charger": "Level 2 Charger" }, "geometry": { "type": "Point", "coordinates": [ -73.974508, 40.667391 ] } },
{ "type": "Feature", "properties": { "agency": "DPR", "street": "95 Prospect Park West", "station_name": "NYC FLEET / DPRLITCHFLD4A-B", "borough": "Brooklyn", "community_district": 355, "type_of_charger": "Level 2 Charger" }, "geometry": { "type": "Point", "coordinates": [ -73.974508, 40.667391 ] } },
{ "type": "Feature", "properties": { "agency": "DPR", "street": "95 Prospect Park West", "station_name": "NYC FLEET / DPRLITCHFLD5A-B", "borough": "Brooklyn", "community_district": 355, "type_of_charger": "Level 2 Charger" }, "geometry": { "type": "Point", "coordinates": [ -73.974508, 40.667391 ] } },
{ "type": "Feature", "properties": { "agency": "DPR", "street": "95 Prospect Park West", "station_name": "NYC FLEET / DPRLITCHFLD6A-B", "borough": "Brooklyn", "community_district": 355, "type_of_charger": "Level 2 Charger" }, "geometry": { "type": "Point", "coordinates": [ -73.974508, 40.667391 ] } },
{ "type": "Feature", "properties": { "agency": "DPR", "street": "95 Prospect Park West", "station_name": "NYC FLEET / DPRLITCHFLD7A-B", "borough": "Brooklyn", "community_district": 355, "type_of_charger": "Level 2 Charger" }, "geometry": { "type": "Point", "coordinates": [ -73.974508, 40.667391 ] } },
{ "type": "Feature", "properties": { "agency": "DPR", "street": "15 Murray Hulbert Ave", "station_name": "NYC FLEET / DPRLYONSPL1A-B", "borough": "Staten Island", "community_district": 501, "type_of_charger": "Level 2 Charger" }, "geometry": { "type": "Point", "coordinates": [ -74.073382, 40.636297 ] } },
{ "type": "Feature", "properties": { "agency": "DPR", "street": "405 Capodanno Blvd", "station_name": "NYC FLEET / DPRLYONS-S1", "borough": "Staten Island", "community_district": 502, "type_of_charger": "EV Solar Arc Charger" }, "geometry": { "type": "Point", "coordinates": [ -74.069261, 40.587755 ] } },
{ "type": "Feature", "properties": { "agency": "DPR", "street": "829 Father Capodanno Blvd", "station_name": "NYC FLEET / DPRMBLOT7-S1", "borough": "Staten Island", "community_district": 502, "type_of_charger": "EV Solar Arc Charger" }, "geometry": { "type": "Point", "coordinates": [ -74.083179, 40.575685 ] } },
{ "type": "Feature", "properties": { "agency": "DPR", "street": "829 Father Capodanno Blvd", "station_name": "NYC FLEET / DPRMBLOT7-S2", "borough": "Staten Island", "community_district": 502, "type_of_charger": "EV Solar Arc Charger" }, "geometry": { "type": "Point", "coordinates": [ -74.083179, 40.575685 ] } },
{ "type": "Feature", "properties": { "agency": "DPR", "street": "920 Father Capodanno Blvd", "station_name": "NYC FLEET / DPRMBLOT8_1_L3", "borough": "Staten Island", "community_district": 595, "type_of_charger": "Level 3 Fast Charger" }, "geometry": { "type": "Point", "coordinates": [ -74.082618, 40.575993 ] } },
{ "type": "Feature", "properties": { "agency": "DPR", "street": "920 Father Capodanno Blvd", "station_name": "NYC FLEET / DPRMBLOT8_2_L3", "borough": "Staten Island", "community_district": 595, "type_of_charger": "Level 3 Fast Charger" }, "geometry": { "type": "Point", "coordinates": [ -74.082618, 40.575993 ] } },
{ "type": "Feature", "properties": { "agency": "DPR", "street": "625 Father Capodanno Blvd", "station_name": "NYC FLEET / DPROCBRZAC_1_L3", "borough": "Staten Island", "community_district": 502, "type_of_charger": "Level 3 Fast Charger" }, "geometry": { "type": "Point", "coordinates": [ -74.074594, 40.582243 ] } },
{ "type": "Feature", "properties": { "agency": "DPR", "street": "625 Father Capodanno Blvd", "station_name": "NYC FLEET / DPROCBRZAC_2_L3", "borough": "Staten Island", "community_district": 502, "type_of_charger": "Level 3 Fast Charger" }, "geometry": { "type": "Point", "coordinates": [ -74.074594, 40.582243 ] } },
{ "type": "Feature", "properties": { "agency": "DPR", "street": "631-643 Father Capodanno Blvd", "station_name": "NYC FLEET / DPROCEANBR#1A-B", "borough": "Staten Island", "community_district": 502, "type_of_charger": "Level 2 Charger" }, "geometry": { "type": "Point", "coordinates": [ -74.075187, 40.581606 ] } },
{ "type": "Feature", "properties": { "agency": "DPR", "street": "631-643 Father Capodanno Blvd", "station_name": "NYC FLEET / DPROCEANBR#2A-B", "borough": "Staten Island", "community_district": 502, "type_of_charger": "Level 2 Charger" }, "geometry": { "type": "Point", "coordinates": [ -74.075187, 40.581606 ] } },
{ "type": "Feature", "properties": { "agency": "DPR", "street": "117-2 Roosevelt Ave", "station_name": "NYC FLEET / DPROLMSTD#10A-B", "borough": "Queens", "community_district": 481, "type_of_charger": "Level 2 Charger" }, "geometry": { "type": "Point", "coordinates": [ -73.849331, 40.751876 ] } },
{ "type": "Feature", "properties": { "agency": "DPR", "street": "117-2 Roosevelt Ave", "station_name": "NYC FLEET / DPROLMSTD#11A-B", "borough": "Queens", "community_district": 481, "type_of_charger": "Level 2 Charger" }, "geometry": { "type": "Point", "coordinates": [ -73.849331, 40.751876 ] } },
{ "type": "Feature", "properties": { "agency": "DPR", "street": "117-2 Roosevelt Ave", "station_name": "NYC FLEET / DPROLMSTD#12A-B", "borough": "Queens", "community_district": 481, "type_of_charger": "Level 2 Charger" }, "geometry": { "type": "Point", "coordinates": [ -73.849331, 40.751876 ] } },
{ "type": "Feature", "properties": { "agency": "DPR", "street": "117-2 Roosevelt Ave", "station_name": "NYC FLEET / DPROLMSTD#13A-B", "borough": "Queens", "community_district": 481, "type_of_charger": "Level 2 Charger" }, "geometry": { "type": "Point", "coordinates": [ -73.849331, 40.751876 ] } },
{ "type": "Feature", "properties": { "agency": "DPR", "street": "8 Olmsted Dr", "station_name": "NYC FLEET / DPROLMSTD#14A-B", "borough": "Queens", "community_district": 481, "type_of_charger": "Level 2 Charger" }, "geometry": { "type": "Point", "coordinates": [ -73.84963, 40.752164 ] } },
{ "type": "Feature", "properties": { "agency": "DPR", "street": "8 Olmsted Dr", "station_name": "NYC FLEET / DPROLMSTD#15A-B", "borough": "Queens", "community_district": 481, "type_of_charger": "Level 2 Charger" }, "geometry": { "type": "Point", "coordinates": [ -73.84963, 40.752164 ] } },
{ "type": "Feature", "properties": { "agency": "DPR", "street": "6 Olmsted Dr", "station_name": "NYC FLEET / DPROLMSTD#16A-B", "borough": "Queens", "community_district": 481, "type_of_charger": "Level 2 Charger" }, "geometry": { "type": "Point", "coordinates": [ -73.849641, 40.752167 ] } },
{ "type": "Feature", "properties": { "agency": "DPR", "street": "6 Olmsted Dr", "station_name": "NYC FLEET / DPROLMSTD#17A-B", "borough": "Queens", "community_district": 481, "type_of_charger": "Level 2 Charger" }, "geometry": { "type": "Point", "coordinates": [ -73.849641, 40.752167 ] } },
{ "type": "Feature", "properties": { "agency": "DPR", "street": "6 Olmsted Dr", "station_name": "NYC FLEET / DPROLMSTD#18A-B", "borough": "Queens", "community_district": 481, "type_of_charger": "Level 2 Charger" }, "geometry": { "type": "Point", "coordinates": [ -73.849641, 40.752167 ] } },
{ "type": "Feature", "properties": { "agency": "DPR", "street": "117-2 Roosevelt Ave", "station_name": "NYC FLEET / DPROLMSTED#1A-B", "borough": "Queens", "community_district": 481, "type_of_charger": "Level 2 Charger" }, "geometry": { "type": "Point", "coordinates": [ -73.849331, 40.751876 ] } },
{ "type": "Feature", "properties": { "agency": "DPR", "street": "117-2 Roosevelt Ave", "station_name": "NYC FLEET / DPROLMSTED#2A-B", "borough": "Queens", "community_district": 481, "type_of_charger": "Level 2 Charger" }, "geometry": { "type": "Point", "coordinates": [ -73.849331, 40.751876 ] } },
{ "type": "Feature", "properties": { "agency": "DPR", "street": "117-2 Roosevelt Ave", "station_name": "NYC FLEET / DPROLMSTED#3A-B", "borough": "Queens", "community_district": 481, "type_of_charger": "Level 2 Charger" }, "geometry": { "type": "Point", "coordinates": [ -73.849331, 40.751876 ] } },
{ "type": "Feature", "properties": { "agency": "DPR", "street": "117-2 Roosevelt Ave", "station_name": "NYC FLEET / DPROLMSTED#4A-B", "borough": "Queens", "community_district": 481, "type_of_charger": "Level 2 Charger" }, "geometry": { "type": "Point", "coordinates": [ -73.849331, 40.751876 ] } },
{ "type": "Feature", "properties": { "agency": "DPR", "street": "117-2 Roosevelt Ave", "station_name": "NYC FLEET / DPROLMSTED#5A-B", "borough": "Queens", "community_district": 481, "type_of_charger": "Level 2 Charger" }, "geometry": { "type": "Point", "coordinates": [ -73.849331, 40.751876 ] } },
{ "type": "Feature", "properties": { "agency": "DPR", "street": "117-2 Roosevelt Ave", "station_name": "NYC FLEET / DPROLMSTED#6A-B", "borough": "Queens", "community_district": 481, "type_of_charger": "Level 2 Charger" }, "geometry": { "type": "Point", "coordinates": [ -73.849331, 40.751876 ] } },
{ "type": "Feature", "properties": { "agency": "DPR", "street": "117-2 Roosevelt Ave", "station_name": "NYC FLEET / DPROLMSTED#7A-B", "borough": "Queens", "community_district": 481, "type_of_charger": "Level 2 Charger" }, "geometry": { "type": "Point", "coordinates": [ -73.849331, 40.751876 ] } },
{ "type": "Feature", "properties": { "agency": "DPR", "street": "6 Olmsted Dr", "station_name": "NYC FLEET / DPROLMSTED#8A-B", "borough": "Queens", "community_district": 481, "type_of_charger": "Level 2 Charger" }, "geometry": { "type": "Point", "coordinates": [ -73.849641, 40.752167 ] } },
{ "type": "Feature", "properties": { "agency": "DPR", "street": "6 Olmsted Dr", "station_name": "NYC FLEET / DPROLMSTED#9A-B", "borough": "Queens", "community_district": 481, "type_of_charger": "Level 2 Charger" }, "geometry": { "type": "Point", "coordinates": [ -73.849641, 40.752167 ] } },
{ "type": "Feature", "properties": { "agency": "DPR", "street": "12 Olmsted Dr", "station_name": "NYC FLEET / DPROLMSTEDFOR#3", "borough": "Queens", "community_district": 481, "type_of_charger": "Level 2 Charger" }, "geometry": { "type": "Point", "coordinates": [ -73.849609, 40.752161 ] } },
{ "type": "Feature", "properties": { "agency": "DPR", "street": "12 Olmsted Dr", "station_name": "NYC FLEET / DPROMSDFR#10#11", "borough": "Queens", "community_district": 481, "type_of_charger": "Level 2 Charger" }, "geometry": { "type": "Point", "coordinates": [ -73.849609, 40.752161 ] } },
{ "type": "Feature", "properties": { "agency": "DPR", "street": "12 Olmsted Dr", "station_name": "NYC FLEET / DPROMSDFR#12#13", "borough": "Queens", "community_district": 481, "type_of_charger": "Level 2 Charger" }, "geometry": { "type": "Point", "coordinates": [ -73.849609, 40.752161 ] } },
{ "type": "Feature", "properties": { "agency": "DPR", "street": "12 Olmsted Dr", "station_name": "NYC FLEET / DPROMSDFR#14#15", "borough": "Queens", "community_district": 481, "type_of_charger": "Level 2 Charger" }, "geometry": { "type": "Point", "coordinates": [ -73.849609, 40.752161 ] } },
{ "type": "Feature", "properties": { "agency": "DPR", "street": "12 Olmsted Dr", "station_name": "NYC FLEET / DPROMSTDFOR#1#2", "borough": "Queens", "community_district": 481, "type_of_charger": "Level 2 Charger" }, "geometry": { "type": "Point", "coordinates": [ -73.849609, 40.752161 ] } },
{ "type": "Feature", "properties": { "agency": "DPR", "street": "12 Olmsted Dr", "station_name": "NYC FLEET / DPROMSTDFOR#4#5", "borough": "Queens", "community_district": 481, "type_of_charger": "Level 2 Charger" }, "geometry": { "type": "Point", "coordinates": [ -73.849609, 40.752161 ] } },
{ "type": "Feature", "properties": { "agency": "DPR", "street": "12 Olmsted Dr", "station_name": "NYC FLEET / DPROMSTDFOR#6#7", "borough": "Queens", "community_district": 481, "type_of_charger": "Level 2 Charger" }, "geometry": { "type": "Point", "coordinates": [ -73.849609, 40.752161 ] } },
{ "type": "Feature", "properties": { "agency": "DPR", "street": "12 Olmsted Dr", "station_name": "NYC FLEET / DPROMSTDFOR#8#9", "borough": "Queens", "community_district": 481, "type_of_charger": "Level 2 Charger" }, "geometry": { "type": "Point", "coordinates": [ -73.849609, 40.752161 ] } },
{ "type": "Feature", "properties": { "agency": "DPR", "street": "80-30 Park Ln", "station_name": "NYC FLEET / DPROVERLOOK1A-B", "borough": "Queens", "community_district": 482, "type_of_charger": "Level 2 Charger" }, "geometry": { "type": "Point", "coordinates": [ -73.835147, 40.710954 ] } },
{ "type": "Feature", "properties": { "agency": "DPR", "street": "397 Coney Island Ave", "station_name": "NYC FLEET / DPRPARADE1-2", "borough": "Brooklyn", "community_district": 314, "type_of_charger": "Level 2 Charger" }, "geometry": { "type": "Point", "coordinates": [ -73.971603, 40.649009 ] } },
{ "type": "Feature", "properties": { "agency": "DPR", "street": "397 Coney Island Ave", "station_name": "NYC FLEET / DPRPARADE3-4", "borough": "Brooklyn", "community_district": 314, "type_of_charger": "Level 2 Charger" }, "geometry": { "type": "Point", "coordinates": [ -73.971603, 40.649009 ] } },
{ "type": "Feature", "properties": { "agency": "DPR", "street": "269 Dyckman St", "station_name": "NYC FLEET / DPRPAYSONPLAY#1", "borough": "Manhattan", "community_district": 112, "type_of_charger": "Level 2 Charger" }, "geometry": { "type": "Point", "coordinates": [ -73.928811, 40.866824 ] } },
{ "type": "Feature", "properties": { "agency": "DPR", "street": "2029 Burr Ave", "station_name": "NYC FLEET / DPRPEPBURR-S1", "borough": "Bronx", "community_district": 210, "type_of_charger": "EV Solar Arc Charger" }, "geometry": { "type": "Point", "coordinates": [ -73.827513, 40.853828 ] } },
{ "type": "Feature", "properties": { "agency": "DPR", "street": "2029 Burr Ave", "station_name": "NYC FLEET / DPRPEPBURR-S2", "borough": "Bronx", "community_district": 210, "type_of_charger": "EV Solar Arc Charger" }, "geometry": { "type": "Point", "coordinates": [ -73.827513, 40.853828 ] } },
{ "type": "Feature", "properties": { "agency": "DPR", "street": "2029 Burr Ave", "station_name": "NYC FLEET / DPRPEPBURR-S3", "borough": "Bronx", "community_district": 210, "type_of_charger": "EV Solar Arc Charger" }, "geometry": { "type": "Point", "coordinates": [ -73.827513, 40.853828 ] } },
{ "type": "Feature", "properties": { "agency": "DPR", "street": "103-68 41st Ave", "station_name": "NYC FLEET / DPRPRKOFAMER#1", "borough": "Queens", "community_district": 404, "type_of_charger": "Level 2 Charger" }, "geometry": { "type": "Point", "coordinates": [ -73.861966, 40.74913 ] } },
{ "type": "Feature", "properties": { "agency": "DPR", "street": "48 West Dr", "station_name": "NYC FLEET / DPRPRSPCTYARDS1", "borough": "Brooklyn", "community_district": 355, "type_of_charger": "EV Solar Arc Charger" }, "geometry": { "type": "Point", "coordinates": [ -73.973384, 40.664987 ] } },
{ "type": "Feature", "properties": { "agency": "DPR", "street": "48 West Dr", "station_name": "NYC FLEET / DPRPRSPCTYARDS2", "borough": "Brooklyn", "community_district": 355, "type_of_charger": "EV Solar Arc Charger" }, "geometry": { "type": "Point", "coordinates": [ -73.973384, 40.664987 ] } },
{ "type": "Feature", "properties": { "agency": "DPR", "street": "23-10 Queens Plaza S", "station_name": "NYC FLEET / DPRQBLIC#1&2", "borough": "Queens", "community_district": 402, "type_of_charger": "Level 2 Charger" }, "geometry": { "type": "Point", "coordinates": [ -73.94204, 40.751136 ] } },
{ "type": "Feature", "properties": { "agency": "DPR", "street": "8298 88Th Pl", "station_name": "NYC FLEET / DPRQNSSHOPS1A-B", "borough": "Queens", "community_district": 405, "type_of_charger": "Level 2 Charger" }, "geometry": { "type": "Point", "coordinates": [ -73.858238, 40.701474 ] } },
{ "type": "Feature", "properties": { "agency": "DPR", "street": "8298 88Th Pl", "station_name": "NYC FLEET / DPRQNSSHOPS2A-B", "borough": "Queens", "community_district": 405, "type_of_charger": "Level 2 Charger" }, "geometry": { "type": "Point", "coordinates": [ -73.858238, 40.701474 ] } },
{ "type": "Feature", "properties": { "agency": "DPR", "street": "43 Flushing Meadows Corona Park Rd", "station_name": "NYC FLEET / DPRQNSSTHSE#1#2", "borough": "Queens", "community_district": 481, "type_of_charger": "Level 2 Charger" }, "geometry": { "type": "Point", "coordinates": [ -73.842157, 40.742377 ] } },
{ "type": "Feature", "properties": { "agency": "DPR", "street": "43 Flushing Meadows Corona Park Rd", "station_name": "NYC FLEET / DPRQNSSTHSE#3#4", "borough": "Queens", "community_district": 481, "type_of_charger": "Level 2 Charger" }, "geometry": { "type": "Point", "coordinates": [ -73.842157, 40.742377 ] } },
{ "type": "Feature", "properties": { "agency": "DPR", "street": "1 Bronx River Pkwy", "station_name": "NYC FLEET / DPRRANAQUA#1", "borough": "Bronx", "community_district": 227, "type_of_charger": "Level 2 Charger" }, "geometry": { "type": "Point", "coordinates": [ -73.870827, 40.847311 ] } },
{ "type": "Feature", "properties": { "agency": "DPR", "street": "1 Bronx River Pkwy", "station_name": "NYC FLEET / DPRRANAQUA#2", "borough": "Bronx", "community_district": 227, "type_of_charger": "Level 2 Charger" }, "geometry": { "type": "Point", "coordinates": [ -73.870827, 40.847311 ] } },
{ "type": "Feature", "properties": { "agency": "DPR", "street": "1 Bronx River Pkwy", "station_name": "NYC FLEET / DPRRANAQUA#3", "borough": "Bronx", "community_district": 227, "type_of_charger": "Level 2 Charger" }, "geometry": { "type": "Point", "coordinates": [ -73.870827, 40.847311 ] } },
{ "type": "Feature", "properties": { "agency": "DPR", "street": "1 Bronx River Pkwy", "station_name": "NYC FLEET / DPRRANAQUA#4", "borough": "Bronx", "community_district": 227, "type_of_charger": "Level 2 Charger" }, "geometry": { "type": "Point", "coordinates": [ -73.870827, 40.847311 ] } },
{ "type": "Feature", "properties": { "agency": "DPR", "street": "223 Riverside Dr", "station_name": "NYC FLEET / DPRRIVERSIDE-S3", "borough": "Manhattan", "community_district": 107, "type_of_charger": "EV Solar Arc Charger" }, "geometry": { "type": "Point", "coordinates": [ -73.976207, 40.795089 ] } },
{ "type": "Feature", "properties": { "agency": "DPR", "street": "223 Riverside Dr", "station_name": "NYC FLEET / DPRRIVERSIDE-S4", "borough": "Manhattan", "community_district": 107, "type_of_charger": "EV Solar Arc Charger" }, "geometry": { "type": "Point", "coordinates": [ -73.976207, 40.795089 ] } },
{ "type": "Feature", "properties": { "agency": "DPR", "street": "16-25 Seagirt Blvd", "station_name": "NYC FLEET / DPRROCKAWAY17ST", "borough": "Queens", "community_district": 414, "type_of_charger": "Level 2 Charger" }, "geometry": { "type": "Point", "coordinates": [ -73.750371, 40.595127 ] } },
{ "type": "Feature", "properties": { "agency": "DPR", "street": "1 Beach 56th Pl", "station_name": "NYC FLEET / DPRROCKAWAY97S1", "borough": "Queens", "community_district": 414, "type_of_charger": "EV Solar Arc Charger" }, "geometry": { "type": "Point", "coordinates": [ -73.786049, 40.590278 ] } },
{ "type": "Feature", "properties": { "agency": "DPR", "street": "9111 Shore Front Pkwy", "station_name": "NYC FLEET / DPRROCKAWAY97S2", "borough": "Queens", "community_district": 414, "type_of_charger": "EV Solar Arc Charger" }, "geometry": { "type": "Point", "coordinates": [ -73.813149, 40.584396 ] } },
{ "type": "Feature", "properties": { "agency": "DPR", "street": "8601 Shore Front Pkwy", "station_name": "NYC FLEET / DPRROCKAWY86-S1", "borough": "Queens", "community_district": 414, "type_of_charger": "EV Solar Arc Charger" }, "geometry": { "type": "Point", "coordinates": [ -73.810876, 40.584972 ] } },
{ "type": "Feature", "properties": { "agency": "DPR", "street": "9701 Shore Front Pkwy", "station_name": "NYC FLEET / DPRROCKAWY97-S1", "borough": "Queens", "community_district": 414, "type_of_charger": "EV Solar Arc Charger" }, "geometry": { "type": "Point", "coordinates": [ -73.817764, 40.583177 ] } },
{ "type": "Feature", "properties": { "agency": "DPR", "street": "405 Father Capodanno Blvd", "station_name": "NYC FLEET / DPRSBLOT4-S1", "borough": "Staten Island", "community_district": 502, "type_of_charger": "EV Solar Arc Charger" }, "geometry": { "type": "Point", "coordinates": [ -74.069261, 40.587755 ] } },
{ "type": "Feature", "properties": { "agency": "DPR", "street": "405 Father Capodanno Blvd", "station_name": "NYC FLEET / DPRSBLOT4-S2", "borough": "Staten Island", "community_district": 502, "type_of_charger": "EV Solar Arc Charger" }, "geometry": { "type": "Point", "coordinates": [ -74.069261, 40.587755 ] } },
{ "type": "Feature", "properties": { "agency": "DPR", "street": "1150 Clove Rd", "station_name": "NYC FLEET / DPRSID1HDQT#1#2", "borough": "Staten Island", "community_district": 501, "type_of_charger": "Level 2 Charger" }, "geometry": { "type": "Point", "coordinates": [ -74.105161, 40.618239 ] } },
{ "type": "Feature", "properties": { "agency": "DPR", "street": "858-918 Victory Blvd", "station_name": "NYC FLEET / DPRSLNURSER1A-B", "borough": "Staten Island", "community_district": 501, "type_of_charger": "Level 2 Charger" }, "geometry": { "type": "Point", "coordinates": [ -74.094745, 40.62368 ] } },
{ "type": "Feature", "properties": { "agency": "DPR", "street": "42 Revere St", "station_name": "NYC FLEET / DPRSLTENNIS-S1", "borough": "Staten Island", "community_district": 501, "type_of_charger": "EV Solar Arc Charger" }, "geometry": { "type": "Point", "coordinates": [ -74.100238, 40.62852 ] } },
{ "type": "Feature", "properties": { "agency": "DPR", "street": "42 Revere St", "station_name": "NYC FLEET / DPRSLTENNIS-S2", "borough": "Staten Island", "community_district": 501, "type_of_charger": "EV Solar Arc Charger" }, "geometry": { "type": "Point", "coordinates": [ -74.100238, 40.62852 ] } },
{ "type": "Feature", "properties": { "agency": "DPR", "street": "42 Revere St", "station_name": "NYC FLEET / DPRSLVRLAKE1A-B", "borough": "Staten Island", "community_district": 501, "type_of_charger": "Level 2 Charger" }, "geometry": { "type": "Point", "coordinates": [ -74.100238, 40.62852 ] } },
{ "type": "Feature", "properties": { "agency": "DPR", "street": "42 Revere St", "station_name": "NYC FLEET / DPRSLVRLAKE1-CP", "borough": "Staten Island", "community_district": 501, "type_of_charger": "Level 2 Charger" }, "geometry": { "type": "Point", "coordinates": [ -74.100238, 40.62852 ] } },
{ "type": "Feature", "properties": { "agency": "DPR", "street": "42 Revere St", "station_name": "NYC FLEET / DPRSLVRLAKE2A-B", "borough": "Staten Island", "community_district": 501, "type_of_charger": "Level 2 Charger" }, "geometry": { "type": "Point", "coordinates": [ -74.100238, 40.62852 ] } },
{ "type": "Feature", "properties": { "agency": "DPR", "street": "42 Revere St", "station_name": "NYC FLEET / DPRSLVRLAKE3A-B", "borough": "Staten Island", "community_district": 501, "type_of_charger": "Level 2 Charger" }, "geometry": { "type": "Point", "coordinates": [ -74.100238, 40.62852 ] } },
{ "type": "Feature", "properties": { "agency": "DPR", "street": "42 Revere St", "station_name": "NYC FLEET / DPRSLVRLAKE4A-B", "borough": "Staten Island", "community_district": 501, "type_of_charger": "Level 2 Charger" }, "geometry": { "type": "Point", "coordinates": [ -74.100238, 40.62852 ] } },
{ "type": "Feature", "properties": { "agency": "DPR", "street": "42 Revere St", "station_name": "NYC FLEET / DPRSLVRLAKE5A-B", "borough": "Staten Island", "community_district": 501, "type_of_charger": "Level 2 Charger" }, "geometry": { "type": "Point", "coordinates": [ -74.100238, 40.62852 ] } },
{ "type": "Feature", "properties": { "agency": "DPR", "street": "1550 Lafayette Ave", "station_name": "NYC FLEET / DPRSOUNDVIEW_#1", "borough": "Bronx", "community_district": 209, "type_of_charger": "Level 2 Charger" }, "geometry": { "type": "Point", "coordinates": [ -73.878396, 40.819343 ] } },
{ "type": "Feature", "properties": { "agency": "DPR", "street": "375 Sand Ln", "station_name": "NYC FLEET / DPRSOUTHBEACH#1", "borough": "Staten Island", "community_district": 502, "type_of_charger": "Level 2 Charger" }, "geometry": { "type": "Point", "coordinates": [ -74.06675, 40.59048 ] } },
{ "type": "Feature", "properties": { "agency": "DPR", "street": "208 Totten Ave", "station_name": "NYC FLEET / DPRTOTTENBLG203", "borough": "Queens", "community_district": 407, "type_of_charger": "Level 2 Charger" }, "geometry": { "type": "Point", "coordinates": [ -73.777563, 40.792442 ] } },
{ "type": "Feature", "properties": { "agency": "DPR", "street": "431 Walter Reed Rd", "station_name": "NYC FLEET / DPRTOTTENBLG431", "borough": "Queens", "community_district": 407, "type_of_charger": "Level 2 Charger" }, "geometry": { "type": "Point", "coordinates": [ -73.775415, 40.794148 ] } },
{ "type": "Feature", "properties": { "agency": "DPR", "street": "1 Marina Rd", "station_name": "NYC FLEET / DPRWFMARINA-S2", "borough": "Queens", "community_district": 403, "type_of_charger": "EV Solar Arc Charger" }, "geometry": { "type": "Point", "coordinates": [ -73.857649, 40.760974 ] } },
{ "type": "Feature", "properties": { "agency": "DSNY", "street": "161 Varick Ave", "station_name": "NYC FLEET / DSNY_BK01-1", "borough": "Brooklyn", "community_district": 301, "type_of_charger": "Level 2 Charger" }, "geometry": { "type": "Point", "coordinates": [ -73.928548, 40.711118 ] } },
{ "type": "Feature", "properties": { "agency": "DSNY", "street": "161 Varick Ave", "station_name": "NYC FLEET / DSNY_BK01-DCFC1", "borough": "Brooklyn", "community_district": 301, "type_of_charger": "Level 3 Fast Charger" }, "geometry": { "type": "Point", "coordinates": [ -73.928548, 40.711118 ] } },
{ "type": "Feature", "properties": { "agency": "DSNY", "street": "161 Varick Avenue", "station_name": "NYC FLEET / DSNY_BK01-DCFC2", "borough": "Brooklyn", "community_district": 301, "type_of_charger": "Level 3 Fast Charger" }, "geometry": { "type": "Point", "coordinates": [ -73.928548, 40.711118 ] } },
{ "type": "Feature", "properties": { "agency": "DSNY", "street": "161 Varick Avenue", "station_name": "NYC FLEET / DSNY_BK01-DCFC3", "borough": "Brooklyn", "community_district": 301, "type_of_charger": "Level 3 Fast Charger" }, "geometry": { "type": "Point", "coordinates": [ -73.928548, 40.711118 ] } },
{ "type": "Feature", "properties": { "agency": "DSNY", "street": "161 Varick Avenue", "station_name": "NYC FLEET / DSNY_BK01-DCFC4", "borough": "Brooklyn", "community_district": 301, "type_of_charger": "Level 3 Fast Charger" }, "geometry": { "type": "Point", "coordinates": [ -73.928548, 40.711118 ] } },
{ "type": "Feature", "properties": { "agency": "DSNY", "street": "161 Varick Avenue", "station_name": "NYC FLEET / DSNY_BK01-DCFC5", "borough": "Brooklyn", "community_district": 301, "type_of_charger": "Level 3 Fast Charger" }, "geometry": { "type": "Point", "coordinates": [ -73.928548, 40.711118 ] } },
{ "type": "Feature", "properties": { "agency": "DSNY", "street": "161 Varick Avenue", "station_name": "NYC FLEET / DSNY_BK01-DCFC6", "borough": "Brooklyn", "community_district": 301, "type_of_charger": "Level 3 Fast Charger" }, "geometry": { "type": "Point", "coordinates": [ -73.928548, 40.711118 ] } },
{ "type": "Feature", "properties": { "agency": "DSNY", "street": "161 Varick Avenue", "station_name": "NYC FLEET / DSNY_BK01-DCFC7", "borough": "Brooklyn", "community_district": 301, "type_of_charger": "Level 3 Fast Charger" }, "geometry": { "type": "Point", "coordinates": [ -73.928548, 40.711118 ] } },
{ "type": "Feature", "properties": { "agency": "DSNY", "street": "52-35 58th St", "station_name": "NYC FLEET / DSNY_BK02", "borough": "Queens", "community_district": 402, "type_of_charger": "Level 2 Charger" }, "geometry": { "type": "Point", "coordinates": [ -73.909957, 40.734883 ] } },
{ "type": "Feature", "properties": { "agency": "DSNY", "street": "525 Johnson Ave", "station_name": "NYC FLEET / DSNY_BK03-1", "borough": "Brooklyn", "community_district": 301, "type_of_charger": "Level 2 Charger" }, "geometry": { "type": "Point", "coordinates": [ -73.926318, 40.708726 ] } },
{ "type": "Feature", "properties": { "agency": "DSNY", "street": "161 Varick Ave", "station_name": "NYC FLEET / DSNY_BK04-1", "borough": "Brooklyn", "community_district": 301, "type_of_charger": "Level 2 Charger" }, "geometry": { "type": "Point", "coordinates": [ -73.928548, 40.711118 ] } },
{ "type": "Feature", "properties": { "agency": "DSNY", "street": "161 Varick Ave", "station_name": "NYC FLEET / DSNY_BK04-2", "borough": "Brooklyn", "community_district": 301, "type_of_charger": "Level 2 Charger" }, "geometry": { "type": "Point", "coordinates": [ -73.928548, 40.711118 ] } },
{ "type": "Feature", "properties": { "agency": "DSNY", "street": "161 Varick Avenue", "station_name": "NYC FLEET / DSNY_BK04-DCFC1", "borough": "Brooklyn", "community_district": 301, "type_of_charger": "Level 3 Fast Charger" }, "geometry": { "type": "Point", "coordinates": [ -73.928548, 40.711118 ] } },
{ "type": "Feature", "properties": { "agency": "DSNY", "street": "161 Varick Avenue", "station_name": "NYC FLEET / DSNY_BK04-DCFC2", "borough": "Brooklyn", "community_district": 301, "type_of_charger": "Level 3 Fast Charger" }, "geometry": { "type": "Point", "coordinates": [ -73.928548, 40.711118 ] } },
{ "type": "Feature", "properties": { "agency": "DSNY", "street": "161 Varick Avenue", "station_name": "NYC FLEET / DSNY_BK04-DCFC3", "borough": "Brooklyn", "community_district": 301, "type_of_charger": "Level 3 Fast Charger" }, "geometry": { "type": "Point", "coordinates": [ -73.928548, 40.711118 ] } },
{ "type": "Feature", "properties": { "agency": "DSNY", "street": "161 Varick Avenue", "station_name": "NYC FLEET / DSNY_BK04-DCFC4", "borough": "Brooklyn", "community_district": 301, "type_of_charger": "Level 3 Fast Charger" }, "geometry": { "type": "Point", "coordinates": [ -73.928548, 40.711118 ] } },
{ "type": "Feature", "properties": { "agency": "DSNY", "street": "161 Varick Avenue", "station_name": "NYC FLEET / DSNY_BK04-DCFC5", "borough": "Brooklyn", "community_district": 301, "type_of_charger": "Level 3 Fast Charger" }, "geometry": { "type": "Point", "coordinates": [ -73.928548, 40.711118 ] } },
{ "type": "Feature", "properties": { "agency": "DSNY", "street": "161 Varick Avenue", "station_name": "NYC FLEET / DSNY_BK04-DCFC6", "borough": "Brooklyn", "community_district": 301, "type_of_charger": "Level 3 Fast Charger" }, "geometry": { "type": "Point", "coordinates": [ -73.928548, 40.711118 ] } },
{ "type": "Feature", "properties": { "agency": "DSNY", "street": "606 Milford Street", "station_name": "NYC FLEET / DSNY_BK05-1", "borough": "Brooklyn", "community_district": 305, "type_of_charger": "Level 2 Charger" }, "geometry": { "type": "Point", "coordinates": [ -73.8697, 40.660832 ] } },
{ "type": "Feature", "properties": { "agency": "DSNY", "street": "127 2Nd Ave", "station_name": "NYC FLEET / DSNY_BK06-1", "borough": "Brooklyn", "community_district": 306, "type_of_charger": "Level 2 Charger" }, "geometry": { "type": "Point", "coordinates": [ -73.994452, 40.671308 ] } },
{ "type": "Feature", "properties": { "agency": "DSNY", "street": "127 2nd Ave", "station_name": "NYC FLEET / DSNY_BK06-2", "borough": "Brooklyn", "community_district": 306, "type_of_charger": "Level 2 Charger" }, "geometry": { "type": "Point", "coordinates": [ -73.994452, 40.671308 ] } },
{ "type": "Feature", "properties": { "agency": "DSNY", "street": "1595 Washington Ave", "station_name": "NYC FLEET / DSNY_BK06A", "borough": "Bronx", "community_district": 203, "type_of_charger": "Level 2 Charger" }, "geometry": { "type": "Point", "coordinates": [ -73.90231, 40.839498 ] } },
{ "type": "Feature", "properties": { "agency": "DSNY", "street": "1755 Pacific St", "station_name": "NYC FLEET / DSNY_BK08-1", "borough": "Brooklyn", "community_district": 308, "type_of_charger": "Level 2 Charger" }, "geometry": { "type": "Point", "coordinates": [ -73.931938, 40.67669 ] } },
{ "type": "Feature", "properties": { "agency": "DSNY", "street": "690 New York Ave", "station_name": "NYC FLEET / DSNY_BK09-1", "borough": "Brooklyn", "community_district": 309, "type_of_charger": "Level 2 Charger" }, "geometry": { "type": "Point", "coordinates": [ -73.947351, 40.657155 ] } },
{ "type": "Feature", "properties": { "agency": "DSNY", "street": "5100 1St Ave", "station_name": "NYC FLEET / DSNY_BK10-1", "borough": "Brooklyn", "community_district": 307, "type_of_charger": "Level 2 Charger" }, "geometry": { "type": "Point", "coordinates": [ -74.02012, 40.649977 ] } },
{ "type": "Feature", "properties": { "agency": "DSNY", "street": "1824 Shore Parkway", "station_name": "NYC FLEET / DSNY_BK11-1", "borough": "Brooklyn", "community_district": 311, "type_of_charger": "Level 2 Charger" }, "geometry": { "type": "Point", "coordinates": [ -73.994488, 40.591314 ] } },
{ "type": "Feature", "properties": { "agency": "DSNY", "street": "1824 Shore Pkwy", "station_name": "NYC FLEET / DSNY_BK11-S1", "borough": "Brooklyn", "community_district": 311, "type_of_charger": "EV Solar Arc Charger" }, "geometry": { "type": "Point", "coordinates": [ -73.994488, 40.591314 ] } },
{ "type": "Feature", "properties": { "agency": "DSNY", "street": "1824 Shore Pkwy", "station_name": "NYC FLEET / DSNY_BK11-S2", "borough": "Brooklyn", "community_district": 311, "type_of_charger": "EV Solar Arc Charger" }, "geometry": { "type": "Point", "coordinates": [ -73.994488, 40.591314 ] } },
{ "type": "Feature", "properties": { "agency": "DSNY", "street": "1824 Shore Pkwy", "station_name": "NYC FLEET / DSNY_BK11-S3", "borough": "Brooklyn", "community_district": 311, "type_of_charger": "EV Solar Arc Charger" }, "geometry": { "type": "Point", "coordinates": [ -73.994488, 40.591314 ] } },
{ "type": "Feature", "properties": { "agency": "DSNY", "street": "1824 Shore Pkwy", "station_name": "NYC FLEET / DSNY_BK11-S4", "borough": "Brooklyn", "community_district": 311, "type_of_charger": "EV Solar Arc Charger" }, "geometry": { "type": "Point", "coordinates": [ -73.994488, 40.591314 ] } },
{ "type": "Feature", "properties": { "agency": "DSNY", "street": "5602 19th Ave", "station_name": "NYC FLEET / DSNY_BK12-S1", "borough": "Brooklyn", "community_district": 312, "type_of_charger": "EV Solar Arc Charger" }, "geometry": { "type": "Point", "coordinates": [ -73.982824, 40.622889 ] } },
{ "type": "Feature", "properties": { "agency": "DSNY", "street": "5602 19th Ave", "station_name": "NYC FLEET / DSNY_BK12-S2", "borough": "Brooklyn", "community_district": 312, "type_of_charger": "EV Solar Arc Charger" }, "geometry": { "type": "Point", "coordinates": [ -73.982824, 40.622889 ] } },
{ "type": "Feature", "properties": { "agency": "DSNY", "street": "2012 Neptune Ave", "station_name": "NYC FLEET / DSNY_BK13_S1", "borough": "Brooklyn", "community_district": 313, "type_of_charger": "EV Solar Arc Charger" }, "geometry": { "type": "Point", "coordinates": [ -73.987588, 40.578665 ] } },
{ "type": "Feature", "properties": { "agency": "DSNY", "street": "1397 Ralph Ave", "station_name": "NYC FLEET / DSNY_BK14-1", "borough": "Brooklyn", "community_district": 318, "type_of_charger": "Level 2 Charger" }, "geometry": { "type": "Point", "coordinates": [ -73.919717, 40.642674 ] } },
{ "type": "Feature", "properties": { "agency": "DSNY", "street": "50 Wortman Ave", "station_name": "NYC FLEET / DSNY_BK16-DCFC1", "borough": "Brooklyn", "community_district": 305, "type_of_charger": "Level 3 Fast Charger" }, "geometry": { "type": "Point", "coordinates": [ -73.890676, 40.654488 ] } },
{ "type": "Feature", "properties": { "agency": "DSNY", "street": "50-72 Wortman Ave", "station_name": "NYC FLEET / DSNY_BK16-DCFC2", "borough": "Brooklyn", "community_district": 305, "type_of_charger": "Level 3 Fast Charger" }, "geometry": { "type": "Point", "coordinates": [ -73.890676, 40.654488 ] } },
{ "type": "Feature", "properties": { "agency": "DSNY", "street": "10502 Avenue D", "station_name": "NYC FLEET / DSNY_BK17-1", "borough": "Brooklyn", "community_district": 318, "type_of_charger": "Level 2 Charger" }, "geometry": { "type": "Point", "coordinates": [ -73.901511, 40.653831 ] } },
{ "type": "Feature", "properties": { "agency": "DSNY", "street": "10502 Avenue D", "station_name": "NYC FLEET / DSNY_BK17-2", "borough": "Brooklyn", "community_district": 318, "type_of_charger": "Level 2 Charger" }, "geometry": { "type": "Point", "coordinates": [ -73.901511, 40.653831 ] } },
{ "type": "Feature", "properties": { "agency": "DSNY", "street": "10502 Avenue D", "station_name": "NYC FLEET / DSNY_BK17-DCFC1", "borough": "Brooklyn", "community_district": 318, "type_of_charger": "Level 3 Fast Charger" }, "geometry": { "type": "Point", "coordinates": [ -73.901511, 40.653831 ] } },
{ "type": "Feature", "properties": { "agency": "DSNY", "street": "105-01 Foster Ave", "station_name": "NYC FLEET / DSNY_BK18-1", "borough": "Brooklyn", "community_district": 314, "type_of_charger": "Level 2 Charger" }, "geometry": { "type": "Point", "coordinates": [ -73.976281, 40.627727 ] } },
{ "type": "Feature", "properties": { "agency": "DSNY", "street": "105-01 Foster Ave", "station_name": "NYC FLEET / DSNY_BK18-2", "borough": "Brooklyn", "community_district": 314, "type_of_charger": "Level 2 Charger" }, "geometry": { "type": "Point", "coordinates": [ -73.976281, 40.627727 ] } },
{ "type": "Feature", "properties": { "agency": "DSNY", "street": "105-01 Foster Ave", "station_name": "NYC FLEET / DSNY_BK18-DCFC1", "borough": "Brooklyn", "community_district": 314, "type_of_charger": "Level 3 Fast Charger" }, "geometry": { "type": "Point", "coordinates": [ -73.976281, 40.627727 ] } },
{ "type": "Feature", "properties": { "agency": "DSNY", "street": "105-01 Foster Ave", "station_name": "NYC FLEET / DSNY_BK18-DCFC2", "borough": "Brooklyn", "community_district": 314, "type_of_charger": "Level 3 Fast Charger" }, "geometry": { "type": "Point", "coordinates": [ -73.976281, 40.627727 ] } },
{ "type": "Feature", "properties": { "agency": "DSNY", "street": "110 E 131st St", "station_name": "NYC FLEET / DSNY_BKLCU-1", "borough": "Manhattan", "community_district": 111, "type_of_charger": "Level 2 Charger" }, "geometry": { "type": "Point", "coordinates": [ -73.935809, 40.808657 ] } },
{ "type": "Feature", "properties": { "agency": "DSNY", "street": "650 Casanova St", "station_name": "NYC FLEET / DSNY_BX02-1", "borough": "Bronx", "community_district": 202, "type_of_charger": "Level 2 Charger" }, "geometry": { "type": "Point", "coordinates": [ -73.889857, 40.812786 ] } },
{ "type": "Feature", "properties": { "agency": "DSNY", "street": "525 Johnson Ave", "station_name": "NYC FLEET / DSNY_BX04-1", "borough": "Brooklyn", "community_district": 301, "type_of_charger": "Level 2 Charger" }, "geometry": { "type": "Point", "coordinates": [ -73.926318, 40.708726 ] } },
{ "type": "Feature", "properties": { "agency": "DSNY", "street": "1331 Cromwell Ave", "station_name": "NYC FLEET / DSNY_BX05-1", "borough": "Bronx", "community_district": 204, "type_of_charger": "Level 2 Charger" }, "geometry": { "type": "Point", "coordinates": [ -73.920629, 40.839273 ] } },
{ "type": "Feature", "properties": { "agency": "DSNY", "street": "465 Hamilton Ave", "station_name": "NYC FLEET / DSNY_BX05-2", "borough": "Brooklyn", "community_district": 306, "type_of_charger": "Level 2 Charger" }, "geometry": { "type": "Point", "coordinates": [ -73.996907, 40.669156 ] } },
{ "type": "Feature", "properties": { "agency": "DSNY", "street": "800 E 176Th St", "station_name": "NYC FLEET / DSNY_BX06-2", "borough": "Bronx", "community_district": 206, "type_of_charger": "Level 2 Charger" }, "geometry": { "type": "Point", "coordinates": [ -73.889504, 40.842053 ] } },
{ "type": "Feature", "properties": { "agency": "DSNY", "street": "850 Zerega Ave", "station_name": "NYC FLEET / DSNY_BX10-1", "borough": "Bronx", "community_district": 209, "type_of_charger": "Level 2 Charger" }, "geometry": { "type": "Point", "coordinates": [ -73.843139, 40.825144 ] } },
{ "type": "Feature", "properties": { "agency": "DSNY", "street": "1635 E 233Rd St", "station_name": "NYC FLEET / DSNY_BX12-1", "borough": "Bronx", "community_district": 212, "type_of_charger": "Level 2 Charger" }, "geometry": { "type": "Point", "coordinates": [ -73.826903, 40.888188 ] } },
{ "type": "Feature", "properties": { "agency": "DSNY", "street": "1635 E 233Rd St", "station_name": "NYC FLEET / DSNY_BX12-2", "borough": "Bronx", "community_district": 212, "type_of_charger": "Level 2 Charger" }, "geometry": { "type": "Point", "coordinates": [ -73.826903, 40.888188 ] } },
{ "type": "Feature", "properties": { "agency": "DSNY", "street": "1635 E 233Rd St", "station_name": "NYC FLEET / DSNY_BX12-3", "borough": "Bronx", "community_district": 212, "type_of_charger": "Level 2 Charger" }, "geometry": { "type": "Point", "coordinates": [ -73.826903, 40.888188 ] } },
{ "type": "Feature", "properties": { "agency": "DSNY", "street": "1635 E 233Rd St", "station_name": "NYC FLEET / DSNY_BX12-4", "borough": "Bronx", "community_district": 212, "type_of_charger": "Level 2 Charger" }, "geometry": { "type": "Point", "coordinates": [ -73.826903, 40.888188 ] } },
{ "type": "Feature", "properties": { "agency": "DSNY", "street": "1595 Washington Ave", "station_name": "NYC FLEET / DSNY_BXENF-WASH", "borough": "Bronx", "community_district": 203, "type_of_charger": "Level 2 Charger" }, "geometry": { "type": "Point", "coordinates": [ -73.90231, 40.839498 ] } },
{ "type": "Feature", "properties": { "agency": "DSNY", "street": "10601 Avenue D", "station_name": "NYC FLEET / DSNY_CBS-1", "borough": "Brooklyn", "community_district": 318, "type_of_charger": "Level 2 Charger" }, "geometry": { "type": "Point", "coordinates": [ -73.900725, 40.654363 ] } },
{ "type": "Feature", "properties": { "agency": "DSNY", "street": "401 E 105th St", "station_name": "NYC FLEET / DSNY_CBS-2", "borough": "Brooklyn", "community_district": 318, "type_of_charger": "Level 2 Charger" }, "geometry": { "type": "Point", "coordinates": [ -73.901371, 40.653513 ] } },
{ "type": "Feature", "properties": { "agency": "DSNY", "street": "52-35 58Th St", "station_name": "NYC FLEET / DSNY_CRS_MM-1", "borough": "Queens", "community_district": 402, "type_of_charger": "Level 2 Charger" }, "geometry": { "type": "Point", "coordinates": [ -73.909957, 40.734883 ] } },
{ "type": "Feature", "properties": { "agency": "DSNY", "street": "52-35 58Th Street", "station_name": "NYC FLEET / DSNY_CRS_PC-1", "borough": "Queens", "community_district": 402, "type_of_charger": "Level 2 Charger" }, "geometry": { "type": "Point", "coordinates": [ -73.909957, 40.734883 ] } },
{ "type": "Feature", "properties": { "agency": "DSNY", "street": "52-35 58th St", "station_name": "NYC FLEET / DSNY_CRS_VAWNE1", "borough": "Queens", "community_district": 402, "type_of_charger": "Level 2 Charger" }, "geometry": { "type": "Point", "coordinates": [ -73.909957, 40.734883 ] } },
{ "type": "Feature", "properties": { "agency": "DSNY", "street": "52-35 58th St", "station_name": "NYC FLEET / DSNY_CRS_VAWNE2", "borough": "Queens", "community_district": 402, "type_of_charger": "Level 2 Charger" }, "geometry": { "type": "Point", "coordinates": [ -73.909957, 40.734883 ] } },
{ "type": "Feature", "properties": { "agency": "DSNY", "street": "52-35 58th St", "station_name": "NYC FLEET / DSNY_CRSBBMDCFC", "borough": "Queens", "community_district": 402, "type_of_charger": "Level 3 Fast Charger" }, "geometry": { "type": "Point", "coordinates": [ -73.909957, 40.734883 ] } },
{ "type": "Feature", "properties": { "agency": "DSNY", "street": "52-35 58th St", "station_name": "NYC FLEET / DSNY_CRSNEDCFC1", "borough": "Queens", "community_district": 402, "type_of_charger": "Level 3 Fast Charger" }, "geometry": { "type": "Point", "coordinates": [ -73.909957, 40.734883 ] } },
{ "type": "Feature", "properties": { "agency": "DSNY", "street": "52-35 58th St", "station_name": "NYC FLEET / DSNY_CRSNEDCFC2", "borough": "Queens", "community_district": 402, "type_of_charger": "Level 3 Fast Charger" }, "geometry": { "type": "Point", "coordinates": [ -73.909957, 40.734883 ] } },
{ "type": "Feature", "properties": { "agency": "DSNY", "street": "52-35 58th St", "station_name": "NYC FLEET / DSNY_CRSPCDCFC", "borough": "Queens", "community_district": 402, "type_of_charger": "Level 3 Fast Charger" }, "geometry": { "type": "Point", "coordinates": [ -73.909957, 40.734883 ] } },
{ "type": "Feature", "properties": { "agency": "DSNY", "street": "52-35 58th St", "station_name": "NYC FLEET / DSNY_CRSPSDCFC1", "borough": "Queens", "community_district": 402, "type_of_charger": "Level 3 Fast Charger" }, "geometry": { "type": "Point", "coordinates": [ -73.909957, 40.734883 ] } },
{ "type": "Feature", "properties": { "agency": "DSNY", "street": "52-35 58th St", "station_name": "NYC FLEET / DSNY_CRSQWDCFC1", "borough": "Queens", "community_district": 402, "type_of_charger": "Level 3 Fast Charger" }, "geometry": { "type": "Point", "coordinates": [ -73.909957, 40.734883 ] } },
{ "type": "Feature", "properties": { "agency": "DSNY", "street": "52-35 58th St", "station_name": "NYC FLEET / DSNY_CRSQWDCFC2", "borough": "Queens", "community_district": 402, "type_of_charger": "Level 3 Fast Charger" }, "geometry": { "type": "Point", "coordinates": [ -73.909957, 40.734883 ] } },
{ "type": "Feature", "properties": { "agency": "DSNY", "street": "50 Aviation Rd", "station_name": "NYC FLEET / DSNY_FBF-S1", "borough": "Brooklyn", "community_district": 356, "type_of_charger": "EV Solar Arc Charger" }, "geometry": { "type": "Point", "coordinates": [ -73.882699, 40.591839 ] } },
{ "type": "Feature", "properties": { "agency": "DSNY", "street": "50 Aviation Rd", "station_name": "NYC FLEET / DSNY_FBF-S2", "borough": "Brooklyn", "community_district": 356, "type_of_charger": "EV Solar Arc Charger" }, "geometry": { "type": "Point", "coordinates": [ -73.882699, 40.591839 ] } },
{ "type": "Feature", "properties": { "agency": "DSNY", "street": "50 Aviation Rd", "station_name": "NYC FLEET / DSNY_FBF-S3", "borough": "Brooklyn", "community_district": 356, "type_of_charger": "EV Solar Arc Charger" }, "geometry": { "type": "Point", "coordinates": [ -73.882699, 40.591839 ] } },
{ "type": "Feature", "properties": { "agency": "DSNY", "street": "80 Henry Street", "station_name": "NYC FLEET / DSNY_HENRY-1", "borough": "Manhattan", "community_district": 103, "type_of_charger": "Level 2 Charger" }, "geometry": { "type": "Point", "coordinates": [ -73.993821, 40.71307 ] } },
{ "type": "Feature", "properties": { "agency": "DSNY", "street": "80 Henry Street", "station_name": "NYC FLEET / DSNY_HENRY-2", "borough": "Manhattan", "community_district": 103, "type_of_charger": "Level 2 Charger" }, "geometry": { "type": "Point", "coordinates": [ -73.993821, 40.71307 ] } },
{ "type": "Feature", "properties": { "agency": "DSNY", "street": "80 Henry Street", "station_name": "NYC FLEET / DSNY_HENRY-4", "borough": "Manhattan", "community_district": 103, "type_of_charger": "Level 2 Charger" }, "geometry": { "type": "Point", "coordinates": [ -73.993821, 40.71307 ] } },
{ "type": "Feature", "properties": { "agency": "DSNY", "street": "640 West 26Th Street", "station_name": "NYC FLEET / DSNY_MBS-1", "borough": "Manhattan", "community_district": 104, "type_of_charger": "Level 2 Charger" }, "geometry": { "type": "Point", "coordinates": [ -74.006594, 40.751183 ] } },
{ "type": "Feature", "properties": { "agency": "DSNY", "street": "640 W 26th St", "station_name": "NYC FLEET / DSNY_MBS-DCFC1", "borough": "Manhattan", "community_district": 104, "type_of_charger": "Level 3 Fast Charger" }, "geometry": { "type": "Point", "coordinates": [ -74.006594, 40.751183 ] } },
{ "type": "Feature", "properties": { "agency": "DSNY", "street": "640 W 26th St", "station_name": "NYC FLEET / DSNY_MBS-DCFC2", "borough": "Manhattan", "community_district": 104, "type_of_charger": "Level 3 Fast Charger" }, "geometry": { "type": "Point", "coordinates": [ -74.006594, 40.751183 ] } },
{ "type": "Feature", "properties": { "agency": "DSNY", "street": "640 W 26th St", "station_name": "NYC FLEET / DSNY_MBS-DCFC3", "borough": "Manhattan", "community_district": 104, "type_of_charger": "Level 3 Fast Charger" }, "geometry": { "type": "Point", "coordinates": [ -74.006594, 40.751183 ] } },
{ "type": "Feature", "properties": { "agency": "DSNY", "street": "640 W 26th St", "station_name": "NYC FLEET / DSNY_MBS-DCFC4", "borough": "Manhattan", "community_district": 104, "type_of_charger": "Level 3 Fast Charger" }, "geometry": { "type": "Point", "coordinates": [ -74.006594, 40.751183 ] } },
{ "type": "Feature", "properties": { "agency": "DSNY", "street": "640 W 26th St", "station_name": "NYC FLEET / DSNY_MBS-DCFC5", "borough": "Manhattan", "community_district": 104, "type_of_charger": "Level 3 Fast Charger" }, "geometry": { "type": "Point", "coordinates": [ -74.006594, 40.751183 ] } },
{ "type": "Feature", "properties": { "agency": "DSNY", "street": "640 W 26th St", "station_name": "NYC FLEET / DSNY_MBS-DCFC6", "borough": "Manhattan", "community_district": 104, "type_of_charger": "Level 3 Fast Charger" }, "geometry": { "type": "Point", "coordinates": [ -74.006594, 40.751183 ] } },
{ "type": "Feature", "properties": { "agency": "DSNY", "street": "640 W 26th St", "station_name": "NYC FLEET / DSNY_MBS-DCFC7", "borough": "Manhattan", "community_district": 104, "type_of_charger": "Level 3 Fast Charger" }, "geometry": { "type": "Point", "coordinates": [ -74.006594, 40.751183 ] } },
{ "type": "Feature", "properties": { "agency": "DSNY", "street": "353 Spring St", "station_name": "NYC FLEET / DSNY_MN01-1", "borough": "Manhattan", "community_district": 102, "type_of_charger": "Level 2 Charger" }, "geometry": { "type": "Point", "coordinates": [ -74.010712, 40.726159 ] } },
{ "type": "Feature", "properties": { "agency": "DSNY", "street": "353 Spring St", "station_name": "NYC FLEET / DSNY_MN02_DCFC1", "borough": "Manhattan", "community_district": 102, "type_of_charger": "Level 3 Fast Charger" }, "geometry": { "type": "Point", "coordinates": [ -74.010712, 40.726159 ] } },
{ "type": "Feature", "properties": { "agency": "DSNY", "street": "353 Spring St", "station_name": "NYC FLEET / DSNY_MN02_DCFC2", "borough": "Manhattan", "community_district": 102, "type_of_charger": "Level 3 Fast Charger" }, "geometry": { "type": "Point", "coordinates": [ -74.010712, 40.726159 ] } },
{ "type": "Feature", "properties": { "agency": "DSNY", "street": "353 Spring St", "station_name": "NYC FLEET / DSNY_MN02-1", "borough": "Manhattan", "community_district": 102, "type_of_charger": "Level 2 Charger" }, "geometry": { "type": "Point", "coordinates": [ -74.010712, 40.726159 ] } },
{ "type": "Feature", "properties": { "agency": "DSNY", "street": "299 South St", "station_name": "NYC FLEET / DSNY_MN03-DCFC1", "borough": "Manhattan", "community_district": 103, "type_of_charger": "Level 3 Fast Charger" }, "geometry": { "type": "Point", "coordinates": [ -73.986196, 40.710508 ] } },
{ "type": "Feature", "properties": { "agency": "DSNY", "street": "299 South St", "station_name": "NYC FLEET / DSNY_MN03-DCFC2", "borough": "Manhattan", "community_district": 103, "type_of_charger": "Level 3 Fast Charger" }, "geometry": { "type": "Point", "coordinates": [ -73.986196, 40.710508 ] } },
{ "type": "Feature", "properties": { "agency": "DSNY", "street": "353 Spring St", "station_name": "NYC FLEET / DSNY_MN05_DCFC1", "borough": "Manhattan", "community_district": 102, "type_of_charger": "Level 3 Fast Charger" }, "geometry": { "type": "Point", "coordinates": [ -74.010712, 40.726159 ] } },
{ "type": "Feature", "properties": { "agency": "DSNY", "street": "353 Spring St", "station_name": "NYC FLEET / DSNY_MN05_DCFC2", "borough": "Manhattan", "community_district": 102, "type_of_charger": "Level 3 Fast Charger" }, "geometry": { "type": "Point", "coordinates": [ -74.010712, 40.726159 ] } },
{ "type": "Feature", "properties": { "agency": "DSNY", "street": "299 South St", "station_name": "NYC FLEET / DSNY_MN06-DCFC1", "borough": "Manhattan", "community_district": 103, "type_of_charger": "Level 3 Fast Charger" }, "geometry": { "type": "Point", "coordinates": [ -73.986196, 40.710508 ] } },
{ "type": "Feature", "properties": { "agency": "DSNY", "street": "299 South St", "station_name": "NYC FLEET / DSNY_MN06-DCFC2", "borough": "Manhattan", "community_district": 103, "type_of_charger": "Level 3 Fast Charger" }, "geometry": { "type": "Point", "coordinates": [ -73.986196, 40.710508 ] } },
{ "type": "Feature", "properties": { "agency": "DSNY", "street": "1787 W Farms Rd", "station_name": "NYC FLEET / DSNY_MN07-1", "borough": "Bronx", "community_district": 203, "type_of_charger": "Level 2 Charger" }, "geometry": { "type": "Point", "coordinates": [ -73.882066, 40.836086 ] } },
{ "type": "Feature", "properties": { "agency": "DSNY", "street": "650 W 57Th St", "station_name": "NYC FLEET / DSNY_MN07-3", "borough": "Manhattan", "community_district": 104, "type_of_charger": "Level 2 Charger" }, "geometry": { "type": "Point", "coordinates": [ -73.993415, 40.771149 ] } },
{ "type": "Feature", "properties": { "agency": "DSNY", "street": "650 W 57Th St", "station_name": "NYC FLEET / DSNY_MN07-4", "borough": "Manhattan", "community_district": 104, "type_of_charger": "Level 2 Charger" }, "geometry": { "type": "Point", "coordinates": [ -73.993415, 40.771149 ] } },
{ "type": "Feature", "properties": { "agency": "DSNY", "street": "650 W 57Th St", "station_name": "NYC FLEET / DSNY_MN07-5", "borough": "Manhattan", "community_district": 104, "type_of_charger": "Level 2 Charger" }, "geometry": { "type": "Point", "coordinates": [ -73.993415, 40.771149 ] } },
{ "type": "Feature", "properties": { "agency": "DSNY", "street": "650 W 57th St", "station_name": "NYC FLEET / DSNY_MN07-DCFC1", "borough": "Manhattan", "community_district": 104, "type_of_charger": "Level 3 Fast Charger" }, "geometry": { "type": "Point", "coordinates": [ -73.993415, 40.771149 ] } },
{ "type": "Feature", "properties": { "agency": "DSNY", "street": "650 W 57th St", "station_name": "NYC FLEET / DSNY_MN07-DCFC2", "borough": "Manhattan", "community_district": 104, "type_of_charger": "Level 3 Fast Charger" }, "geometry": { "type": "Point", "coordinates": [ -73.993415, 40.771149 ] } },
{ "type": "Feature", "properties": { "agency": "DSNY", "street": "650 W 57th St", "station_name": "NYC FLEET / DSNY_MN07-DCFC3", "borough": "Manhattan", "community_district": 104, "type_of_charger": "Level 3 Fast Charger" }, "geometry": { "type": "Point", "coordinates": [ -73.993415, 40.771149 ] } },
{ "type": "Feature", "properties": { "agency": "DSNY", "street": "650 W 57th St", "station_name": "NYC FLEET / DSNY_MN07-DCFC4", "borough": "Manhattan", "community_district": 104, "type_of_charger": "Level 3 Fast Charger" }, "geometry": { "type": "Point", "coordinates": [ -73.993415, 40.771149 ] } },
{ "type": "Feature", "properties": { "agency": "DSNY", "street": "4036 9th Ave", "station_name": "NYC FLEET / DSNY_MN08-1", "borough": "Manhattan", "community_district": 112, "type_of_charger": "Level 2 Charger" }, "geometry": { "type": "Point", "coordinates": [ -73.913033, 40.869218 ] } },
{ "type": "Feature", "properties": { "agency": "DSNY", "street": "125 E 149th St", "station_name": "NYC FLEET / DSNY_MN09-1", "borough": "Bronx", "community_district": 204, "type_of_charger": "Level 2 Charger" }, "geometry": { "type": "Point", "coordinates": [ -73.928909, 40.818987 ] } },
{ "type": "Feature", "properties": { "agency": "DSNY", "street": "110 E 131St St", "station_name": "NYC FLEET / DSNY_MN10-1", "borough": "Manhattan", "community_district": 111, "type_of_charger": "Level 2 Charger" }, "geometry": { "type": "Point", "coordinates": [ -73.935809, 40.808657 ] } },
{ "type": "Feature", "properties": { "agency": "DSNY", "street": "1921 Park Ave", "station_name": "NYC FLEET / DSNY_MN10-2", "borough": "Manhattan", "community_district": 111, "type_of_charger": "Level 2 Charger" }, "geometry": { "type": "Point", "coordinates": [ -73.936604, 40.808361 ] } },
{ "type": "Feature", "properties": { "agency": "DSNY", "street": "110 E 131St St", "station_name": "NYC FLEET / DSNY_MN10-3", "borough": "Manhattan", "community_district": 111, "type_of_charger": "Level 2 Charger" }, "geometry": { "type": "Point", "coordinates": [ -73.935809, 40.808657 ] } },
{ "type": "Feature", "properties": { "agency": "DSNY", "street": "110 E 130th St", "station_name": "NYC FLEET / DSNY_MN10-4-ENF", "borough": "Manhattan", "community_district": 111, "type_of_charger": "Level 2 Charger" }, "geometry": { "type": "Point", "coordinates": [ -73.936268, 40.808023 ] } },
{ "type": "Feature", "properties": { "agency": "DSNY", "street": "110 E 131st St", "station_name": "NYC FLEET / DSNY_MN10-5-ENF", "borough": "Manhattan", "community_district": 111, "type_of_charger": "Level 2 Charger" }, "geometry": { "type": "Point", "coordinates": [ -73.935809, 40.808657 ] } },
{ "type": "Feature", "properties": { "agency": "DSNY", "street": "217 E 127th St", "station_name": "NYC FLEET / DSNY_MN11-1", "borough": "Manhattan", "community_district": 111, "type_of_charger": "Level 2 Charger" }, "geometry": { "type": "Point", "coordinates": [ -73.934281, 40.804756 ] } },
{ "type": "Feature", "properties": { "agency": "DSNY", "street": "217 E 127th St", "station_name": "NYC FLEET / DSNY_MN11-2", "borough": "Manhattan", "community_district": 111, "type_of_charger": "Level 2 Charger" }, "geometry": { "type": "Point", "coordinates": [ -73.934281, 40.804756 ] } },
{ "type": "Feature", "properties": { "agency": "DSNY", "street": "217 E 127th St", "station_name": "NYC FLEET / DSNY_MN11-3", "borough": "Manhattan", "community_district": 111, "type_of_charger": "Level 2 Charger" }, "geometry": { "type": "Point", "coordinates": [ -73.934281, 40.804756 ] } },
{ "type": "Feature", "properties": { "agency": "DSNY", "street": "301 W 215 St", "station_name": "NYC FLEET / DSNY_MN12_DCFC1", "borough": "Manhattan", "community_district": 112, "type_of_charger": "Level 3 Fast Charger" }, "geometry": { "type": "Point", "coordinates": [ -73.911997, 40.868199 ] } },
{ "type": "Feature", "properties": { "agency": "DSNY", "street": "301 W 215 St", "station_name": "NYC FLEET / DSNY_MN12_DCFC2", "borough": "Manhattan", "community_district": 112, "type_of_charger": "Level 3 Fast Charger" }, "geometry": { "type": "Point", "coordinates": [ -73.911997, 40.868199 ] } },
{ "type": "Feature", "properties": { "agency": "DSNY", "street": "301 West 215 Street", "station_name": "NYC FLEET / DSNY_MN12-1", "borough": "Manhattan", "community_district": 112, "type_of_charger": "Level 2 Charger" }, "geometry": { "type": "Point", "coordinates": [ -73.911997, 40.868199 ] } },
{ "type": "Feature", "properties": { "agency": "DSNY", "street": "34-28 21st St", "station_name": "NYC FLEET / DSNY_Q01-DCFC1", "borough": "Queens", "community_district": 401, "type_of_charger": "Level 3 Fast Charger" }, "geometry": { "type": "Point", "coordinates": [ -73.934464, 40.762336 ] } },
{ "type": "Feature", "properties": { "agency": "DSNY", "street": "34-28 21st St", "station_name": "NYC FLEET / DSNY_Q01-DCFC2", "borough": "Queens", "community_district": 401, "type_of_charger": "Level 3 Fast Charger" }, "geometry": { "type": "Point", "coordinates": [ -73.934464, 40.762336 ] } },
{ "type": "Feature", "properties": { "agency": "DSNY", "street": "58-1 52 Rd", "station_name": "NYC FLEET / DSNY_Q02-1", "borough": "Queens", "community_district": 402, "type_of_charger": "Level 2 Charger" }, "geometry": { "type": "Point", "coordinates": [ -73.909719, 40.734957 ] } },
{ "type": "Feature", "properties": { "agency": "DSNY", "street": "52-35 58Th Street", "station_name": "NYC FLEET / DSNY_Q02-2", "borough": "Queens", "community_district": 402, "type_of_charger": "Level 2 Charger" }, "geometry": { "type": "Point", "coordinates": [ -73.909957, 40.734883 ] } },
{ "type": "Feature", "properties": { "agency": "DSNY", "street": "52-35 58Th St", "station_name": "NYC FLEET / DSNY_Q03-1", "borough": "Queens", "community_district": 402, "type_of_charger": "Level 2 Charger" }, "geometry": { "type": "Point", "coordinates": [ -73.909957, 40.734883 ] } },
{ "type": "Feature", "properties": { "agency": "DSNY", "street": "52-35 58Th St", "station_name": "NYC FLEET / DSNY_Q04-1", "borough": "Queens", "community_district": 402, "type_of_charger": "Level 2 Charger" }, "geometry": { "type": "Point", "coordinates": [ -73.909957, 40.734883 ] } },
{ "type": "Feature", "properties": { "agency": "DSNY", "street": "52-35 58Th Street", "station_name": "NYC FLEET / DSNY_Q04-2", "borough": "Queens", "community_district": 402, "type_of_charger": "Level 2 Charger" }, "geometry": { "type": "Point", "coordinates": [ -73.909957, 40.734883 ] } },
{ "type": "Feature", "properties": { "agency": "DSNY", "street": "48-01 58 Rd", "station_name": "NYC FLEET / DSNY_Q05_DCFC1", "borough": "Queens", "community_district": 405, "type_of_charger": "Level 3 Fast Charger" }, "geometry": { "type": "Point", "coordinates": [ -73.922845, 40.720249 ] } },
{ "type": "Feature", "properties": { "agency": "DSNY", "street": "48-01 58 Rd", "station_name": "NYC FLEET / DSNY_Q05_DCFC2", "borough": "Queens", "community_district": 405, "type_of_charger": "Level 3 Fast Charger" }, "geometry": { "type": "Point", "coordinates": [ -73.922845, 40.720249 ] } },
{ "type": "Feature", "properties": { "agency": "DSNY", "street": "120-15 31St Ave", "station_name": "NYC FLEET / DSNY_Q07-1", "borough": "Queens", "community_district": 407, "type_of_charger": "Level 2 Charger" }, "geometry": { "type": "Point", "coordinates": [ -73.847197, 40.769692 ] } },
{ "type": "Feature", "properties": { "agency": "DSNY", "street": "120-15 31St Ave", "station_name": "NYC FLEET / DSNY_Q07-2", "borough": "Queens", "community_district": 407, "type_of_charger": "Level 2 Charger" }, "geometry": { "type": "Point", "coordinates": [ -73.847197, 40.769692 ] } },
{ "type": "Feature", "properties": { "agency": "DSNY", "street": "30-19 122Nd St", "station_name": "NYC FLEET / DSNY_Q07-3", "borough": "Queens", "community_district": 407, "type_of_charger": "Level 2 Charger" }, "geometry": { "type": "Point", "coordinates": [ -73.846552, 40.770849 ] } },
{ "type": "Feature", "properties": { "agency": "DSNY", "street": "30-19 122Nd St", "station_name": "NYC FLEET / DSNY_Q07A-1", "borough": "Queens", "community_district": 407, "type_of_charger": "Level 2 Charger" }, "geometry": { "type": "Point", "coordinates": [ -73.846552, 40.770849 ] } },
{ "type": "Feature", "properties": { "agency": "DSNY", "street": "30-19 122Nd St", "station_name": "NYC FLEET / DSNY_Q07A-2", "borough": "Queens", "community_district": 407, "type_of_charger": "Level 2 Charger" }, "geometry": { "type": "Point", "coordinates": [ -73.846552, 40.770849 ] } },
{ "type": "Feature", "properties": { "agency": "DSNY", "street": "13287 Atlantic Ave", "station_name": "NYC FLEET / DSNY_Q09-1", "borough": "Queens", "community_district": 409, "type_of_charger": "Level 2 Charger" }, "geometry": { "type": "Point", "coordinates": [ -73.816405, 40.69657 ] } },
{ "type": "Feature", "properties": { "agency": "DSNY", "street": "133-20 Atlantic Ave", "station_name": "NYC FLEET / DSNY_Q09-2", "borough": "Queens", "community_district": 409, "type_of_charger": "Level 2 Charger" }, "geometry": { "type": "Point", "coordinates": [ -73.81595, 40.696682 ] } },
{ "type": "Feature", "properties": { "agency": "DSNY", "street": "13287 Atlantic Ave", "station_name": "NYC FLEET / DSNY_Q09-DCFC1", "borough": "Queens", "community_district": 409, "type_of_charger": "Level 3 Fast Charger" }, "geometry": { "type": "Point", "coordinates": [ -73.816405, 40.69657 ] } },
{ "type": "Feature", "properties": { "agency": "DSNY", "street": "130-23 150Th Ave", "station_name": "NYC FLEET / DSNY_Q10-1", "borough": "Queens", "community_district": 410, "type_of_charger": "Level 2 Charger" }, "geometry": { "type": "Point", "coordinates": [ -73.810159, 40.664778 ] } },
{ "type": "Feature", "properties": { "agency": "DSNY", "street": "153-67 146Th Ave", "station_name": "NYC FLEET / DSNY_Q13J-1", "borough": "Queens", "community_district": 413, "type_of_charger": "Level 2 Charger" }, "geometry": { "type": "Point", "coordinates": [ -73.784675, 40.664629 ] } },
{ "type": "Feature", "properties": { "agency": "DSNY", "street": "153-67 146 Ave", "station_name": "NYC FLEET / DSNY_Q13J-2", "borough": "Queens", "community_district": 413, "type_of_charger": "Level 2 Charger" }, "geometry": { "type": "Point", "coordinates": [ -73.784675, 40.664629 ] } },
{ "type": "Feature", "properties": { "agency": "DSNY", "street": "74-75 Douglaston Parkway", "station_name": "NYC FLEET / DSNY_Q13W-DCFC1", "borough": "Queens", "community_district": 411, "type_of_charger": "Level 3 Fast Charger" }, "geometry": { "type": "Point", "coordinates": [ -73.734509, 40.743829 ] } },
{ "type": "Feature", "properties": { "agency": "DSNY", "street": "51-10 Almeda Ave", "station_name": "NYC FLEET / DSNY_Q14_DCFC1", "borough": "Queens", "community_district": 414, "type_of_charger": "Level 3 Fast Charger" }, "geometry": { "type": "Point", "coordinates": [ -73.782485, 40.597844 ] } },
{ "type": "Feature", "properties": { "agency": "DSNY", "street": "51-10 Almeda Ave", "station_name": "NYC FLEET / DSNY_Q14-1", "borough": "Queens", "community_district": 414, "type_of_charger": "Level 2 Charger" }, "geometry": { "type": "Point", "coordinates": [ -73.782485, 40.597844 ] } },
{ "type": "Feature", "properties": { "agency": "DSNY", "street": "51-10 Almeda Ave", "station_name": "NYC FLEET / DSNY_Q14-2", "borough": "Queens", "community_district": 414, "type_of_charger": "Level 2 Charger" }, "geometry": { "type": "Point", "coordinates": [ -73.782485, 40.597844 ] } },
{ "type": "Feature", "properties": { "agency": "DSNY", "street": "51-10 Almeda Ave", "station_name": "NYC FLEET / DSNY_Q14-3", "borough": "Queens", "community_district": 414, "type_of_charger": "Level 2 Charger" }, "geometry": { "type": "Point", "coordinates": [ -73.782485, 40.597844 ] } },
{ "type": "Feature", "properties": { "agency": "DSNY", "street": "52-07 58th St", "station_name": "NYC FLEET / DSNY_QBS-DCFC1", "borough": "Queens", "community_district": 402, "type_of_charger": "Level 3 Fast Charger" }, "geometry": { "type": "Point", "coordinates": [ -73.909675, 40.735462 ] } },
{ "type": "Feature", "properties": { "agency": "DSNY", "street": "52-07 58th St", "station_name": "NYC FLEET / DSNY_QBS-DCFC2", "borough": "Queens", "community_district": 402, "type_of_charger": "Level 3 Fast Charger" }, "geometry": { "type": "Point", "coordinates": [ -73.909675, 40.735462 ] } },
{ "type": "Feature", "properties": { "agency": "DSNY", "street": "52-07 58th St", "station_name": "NYC FLEET / DSNY_QBS-DCFC3", "borough": "Queens", "community_district": 402, "type_of_charger": "Level 3 Fast Charger" }, "geometry": { "type": "Point", "coordinates": [ -73.909675, 40.735462 ] } },
{ "type": "Feature", "properties": { "agency": "DSNY", "street": "52-07 58th St", "station_name": "NYC FLEET / DSNY_QBS-DCFC4", "borough": "Queens", "community_district": 402, "type_of_charger": "Level 3 Fast Charger" }, "geometry": { "type": "Point", "coordinates": [ -73.909675, 40.735462 ] } },
{ "type": "Feature", "properties": { "agency": "DSNY", "street": "52-07 58th St", "station_name": "NYC FLEET / DSNY_QBS-DCFC5", "borough": "Queens", "community_district": 402, "type_of_charger": "Level 3 Fast Charger" }, "geometry": { "type": "Point", "coordinates": [ -73.909675, 40.735462 ] } },
{ "type": "Feature", "properties": { "agency": "DSNY", "street": "52-07 58th St", "station_name": "NYC FLEET / DSNY_QBS-DCFC6", "borough": "Queens", "community_district": 402, "type_of_charger": "Level 3 Fast Charger" }, "geometry": { "type": "Point", "coordinates": [ -73.909675, 40.735462 ] } },
{ "type": "Feature", "properties": { "agency": "DSNY", "street": "52-07 58Th St", "station_name": "NYC FLEET / DSNY_QBSROOF-1", "borough": "Queens", "community_district": 402, "type_of_charger": "Level 2 Charger" }, "geometry": { "type": "Point", "coordinates": [ -73.909675, 40.735462 ] } },
{ "type": "Feature", "properties": { "agency": "DSNY", "street": "52-07 58Th St", "station_name": "NYC FLEET / DSNY_QBSROOF-4", "borough": "Queens", "community_district": 402, "type_of_charger": "Level 2 Charger" }, "geometry": { "type": "Point", "coordinates": [ -73.909675, 40.735462 ] } },
{ "type": "Feature", "properties": { "agency": "DSNY", "street": "52-07 58Th St", "station_name": "NYC FLEET / DSNY_QBSSHOP-1", "borough": "Queens", "community_district": 402, "type_of_charger": "Level 2 Charger" }, "geometry": { "type": "Point", "coordinates": [ -73.909675, 40.735462 ] } },
{ "type": "Feature", "properties": { "agency": "DSNY", "street": "52-07 58Th St", "station_name": "NYC FLEET / DSNY_QBSSHOP-2", "borough": "Queens", "community_district": 402, "type_of_charger": "Level 2 Charger" }, "geometry": { "type": "Point", "coordinates": [ -73.909675, 40.735462 ] } },
{ "type": "Feature", "properties": { "agency": "DSNY", "street": "2 Muldoon Ave", "station_name": "NYC FLEET / DSNY_RBS-1", "borough": "Staten Island", "community_district": 503, "type_of_charger": "Level 2 Charger" }, "geometry": { "type": "Point", "coordinates": [ -74.196645, 40.575017 ] } },
{ "type": "Feature", "properties": { "agency": "DSNY", "street": "1000 W. Service RD", "station_name": "NYC FLEET / DSNY_RBS-2", "borough": "Staten Island", "community_district": 503, "type_of_charger": "Level 2 Charger" }, "geometry": { "type": "Point", "coordinates": [ -74.195327, 40.571144 ] } },
{ "type": "Feature", "properties": { "agency": "DSNY", "street": "1000 West Service Road", "station_name": "NYC FLEET / DSNY_RBS-3", "borough": "Staten Island", "community_district": 503, "type_of_charger": "Level 2 Charger" }, "geometry": { "type": "Point", "coordinates": [ -74.195327, 40.571144 ] } },
{ "type": "Feature", "properties": { "agency": "DSNY", "street": "2538 Richmond Ave", "station_name": "NYC FLEET / DSNY_SI02-S1", "borough": "Staten Island", "community_district": 502, "type_of_charger": "EV Solar Arc Charger" }, "geometry": { "type": "Point", "coordinates": [ -74.168484, 40.586223 ] } },
{ "type": "Feature", "properties": { "agency": "DSNY", "street": "3 Muldoon Ave", "station_name": "NYC FLEET / DSNY_SI1A-S1", "borough": "Staten Island", "community_district": 503, "type_of_charger": "EV Solar Arc Charger" }, "geometry": { "type": "Point", "coordinates": [ -74.196696, 40.575234 ] } },
{ "type": "Feature", "properties": { "agency": "DSNY", "street": "3 Muldoon Ave", "station_name": "NYC FLEET / DSNY_SI1A-S2", "borough": "Staten Island", "community_district": 503, "type_of_charger": "EV Solar Arc Charger" }, "geometry": { "type": "Point", "coordinates": [ -74.196696, 40.575234 ] } },
{ "type": "Feature", "properties": { "agency": "DSNY", "street": "2538 Richmond Ave", "station_name": "NYC FLEET / DSNY_SI2_DCFC1", "borough": "Staten Island", "community_district": 502, "type_of_charger": "Level 3 Fast Charger" }, "geometry": { "type": "Point", "coordinates": [ -74.168484, 40.586223 ] } },
{ "type": "Feature", "properties": { "agency": "DSNY", "street": "2538 Richmond Ave", "station_name": "NYC FLEET / DSNY_SI2_DCFC2", "borough": "Staten Island", "community_district": 502, "type_of_charger": "Level 3 Fast Charger" }, "geometry": { "type": "Point", "coordinates": [ -74.168484, 40.586223 ] } },
{ "type": "Feature", "properties": { "agency": "DSNY", "street": "2500 Richmond Ave", "station_name": "NYC FLEET / DSNY_SI2-1", "borough": "Staten Island", "community_district": 502, "type_of_charger": "Level 2 Charger" }, "geometry": { "type": "Point", "coordinates": [ -74.168316, 40.586997 ] } },
{ "type": "Feature", "properties": { "agency": "DSNY", "street": "2500 Richmond Ave", "station_name": "NYC FLEET / DSNY_SI2-2", "borough": "Staten Island", "community_district": 502, "type_of_charger": "Level 2 Charger" }, "geometry": { "type": "Point", "coordinates": [ -74.168316, 40.586997 ] } },
{ "type": "Feature", "properties": { "agency": "DSNY", "street": "1323 Muldoon Ave", "station_name": "NYC FLEET / DSNY_SI3-1", "borough": "Staten Island", "community_district": 503, "type_of_charger": "Level 2 Charger" }, "geometry": { "type": "Point", "coordinates": [ -74.195327, 40.571144 ] } },
{ "type": "Feature", "properties": { "agency": "DSNY", "street": "3 Muldoon Ave", "station_name": "NYC FLEET / DSNY_SI3A-S1", "borough": "Staten Island", "community_district": 503, "type_of_charger": "EV Solar Arc Charger" }, "geometry": { "type": "Point", "coordinates": [ -74.196696, 40.575234 ] } },
{ "type": "Feature", "properties": { "agency": "DSNY", "street": "3 Muldoon Ave", "station_name": "NYC FLEET / DSNY_SI3A-S2", "borough": "Staten Island", "community_district": 503, "type_of_charger": "EV Solar Arc Charger" }, "geometry": { "type": "Point", "coordinates": [ -74.196696, 40.575234 ] } },
{ "type": "Feature", "properties": { "agency": "DSNY", "street": "1000 West Service Road", "station_name": "NYC FLEET / DSNY_SI3A-S3", "borough": "Staten Island", "community_district": 503, "type_of_charger": "EV Solar Arc Charger" }, "geometry": { "type": "Point", "coordinates": [ -74.195327, 40.571144 ] } },
{ "type": "Feature", "properties": { "agency": "DSNY", "street": "450 West Service Road", "station_name": "NYC FLEET / DSNY_SITS", "borough": "Staten Island", "community_district": 502, "type_of_charger": "Level 2 Charger" }, "geometry": { "type": "Point", "coordinates": [ -74.193041, 40.583744 ] } },
{ "type": "Feature", "properties": { "agency": "DSNY", "street": "600 West Service Road", "station_name": "NYC FLEET / DSNY_SITS-S1", "borough": "Staten Island", "community_district": 502, "type_of_charger": "EV Solar Arc Charger" }, "geometry": { "type": "Point", "coordinates": [ -74.192892, 40.583069 ] } },
{ "type": "Feature", "properties": { "agency": "DSNY", "street": "640 west 26th street", "station_name": "NYC FLEET / DSNY_SPARE", "borough": "Manhattan", "community_district": 104, "type_of_charger": "Level 2 Charger" }, "geometry": { "type": "Point", "coordinates": [ -74.006594, 40.751183 ] } },
{ "type": "Feature", "properties": { "agency": "DSNY", "street": "52-35 58th street", "station_name": "NYC FLEET / DSNY_SPARE-3", "borough": "Queens", "community_district": 402, "type_of_charger": "Level 2 Charger" }, "geometry": { "type": "Point", "coordinates": [ -73.909957, 40.734883 ] } },
{ "type": "Feature", "properties": { "agency": "DSNY", "street": "353 Spring Street", "station_name": "NYC FLEET / DSNY_SPRSTLOT-1", "borough": "Manhattan", "community_district": 102, "type_of_charger": "Level 2 Charger" }, "geometry": { "type": "Point", "coordinates": [ -74.010712, 40.726159 ] } },
{ "type": "Feature", "properties": { "agency": "DSNY", "street": "353 Spring Street", "station_name": "NYC FLEET / DSNY_SPRSTLOT-2", "borough": "Manhattan", "community_district": 102, "type_of_charger": "Level 2 Charger" }, "geometry": { "type": "Point", "coordinates": [ -74.010712, 40.726159 ] } },
{ "type": "Feature", "properties": { "agency": "DSNY", "street": "3 Muldoon Ave", "station_name": "NYC FLEET / DSNY_SWM-S1", "borough": "Staten Island", "community_district": 503, "type_of_charger": "EV Solar Arc Charger" }, "geometry": { "type": "Point", "coordinates": [ -74.196696, 40.575234 ] } },
{ "type": "Feature", "properties": { "agency": "DSNY", "street": "3 Muldoon Ave", "station_name": "NYC FLEET / DSNY_SWM-S2", "borough": "Staten Island", "community_district": 503, "type_of_charger": "EV Solar Arc Charger" }, "geometry": { "type": "Point", "coordinates": [ -74.196696, 40.575234 ] } },
{ "type": "Feature", "properties": { "agency": "FDNY", "street": "48-34 35Th St", "station_name": "NYC FLEET / FDNY 35ST LIC1", "borough": "Queens", "community_district": 402, "type_of_charger": "Level 2 Charger" }, "geometry": { "type": "Point", "coordinates": [ -73.930693, 40.740165 ] } },
{ "type": "Feature", "properties": { "agency": "FDNY", "street": "48-34 35Th St", "station_name": "NYC FLEET / FDNY 35ST LIC2", "borough": "Queens", "community_district": 402, "type_of_charger": "Level 2 Charger" }, "geometry": { "type": "Point", "coordinates": [ -73.930693, 40.740165 ] } },
{ "type": "Feature", "properties": { "agency": "FDNY", "street": "48-34 35Th St", "station_name": "NYC FLEET / FDNY 35ST LIC3", "borough": "Queens", "community_district": 402, "type_of_charger": "Level 2 Charger" }, "geometry": { "type": "Point", "coordinates": [ -73.930693, 40.740165 ] } },
{ "type": "Feature", "properties": { "agency": "FDNY", "street": "48-58 35Th St", "station_name": "NYC FLEET / FDNY 35ST LIC4", "borough": "Queens", "community_district": 402, "type_of_charger": "Level 2 Charger" }, "geometry": { "type": "Point", "coordinates": [ -73.9307, 40.740126 ] } },
{ "type": "Feature", "properties": { "agency": "FDNY", "street": "35 Empire Blvd", "station_name": "NYC FLEET / FDNY_35EMPIRE#1", "borough": "Brooklyn", "community_district": 355, "type_of_charger": "Level 2 Charger" }, "geometry": { "type": "Point", "coordinates": [ -73.961227, 40.663276 ] } },
{ "type": "Feature", "properties": { "agency": "FDNY", "street": "418 A Weaver Ave", "station_name": "NYC FLEET / FDNY_405LOT#1", "borough": "Queens", "community_district": 407, "type_of_charger": "Level 2 Charger" }, "geometry": { "type": "Point", "coordinates": [ -73.775096, 40.793414 ] } },
{ "type": "Feature", "properties": { "agency": "FDNY", "street": "5600 1st Ave", "station_name": "NYC FLEET / FDNY_BFIBK#1", "borough": "Brooklyn", "community_district": 307, "type_of_charger": "Level 2 Charger" }, "geometry": { "type": "Point", "coordinates": [ -74.022721, 40.646985 ] } },
{ "type": "Feature", "properties": { "agency": "FDNY", "street": "453 E 176th St", "station_name": "NYC FLEET / FDNY_E176#1", "borough": "Bronx", "community_district": 206, "type_of_charger": "Level 2 Charger" }, "geometry": { "type": "Point", "coordinates": [ -73.899394, 40.846206 ] } },
{ "type": "Feature", "properties": { "agency": "FDNY", "street": "1647 Washington Ave", "station_name": "NYC FLEET / FDNY_EMS18_1_L3", "borough": "Bronx", "community_district": 203, "type_of_charger": "Level 3 Fast Charger" }, "geometry": { "type": "Point", "coordinates": [ -73.901556, 40.840839 ] } },
{ "type": "Feature", "properties": { "agency": "FDNY", "street": "100 Duane Street", "station_name": "NYC FLEET / FDNY_EMS7-1", "borough": "Manhattan", "community_district": 101, "type_of_charger": "Level 2 Charger" }, "geometry": { "type": "Point", "coordinates": [ -74.005938, 40.715463 ] } },
{ "type": "Feature", "properties": { "agency": "FDNY", "street": "Randalls Island Fire Academy", "station_name": "NYC FLEET / FDNY_FAB14-1", "borough": "Manhattan", "community_district": 111, "type_of_charger": "Level 2 Charger" }, "geometry": { "type": "Point", "coordinates": [ -73.922671, 40.795535 ] } },
{ "type": "Feature", "properties": { "agency": "FDNY", "street": "Randalls Island Fire Academy", "station_name": "NYC FLEET / FDNY_FAB9-1", "borough": "Manhattan", "community_district": 111, "type_of_charger": "Level 2 Charger" }, "geometry": { "type": "Point", "coordinates": [ -73.922671, 40.795535 ] } },
{ "type": "Feature", "properties": { "agency": "FDNY", "street": "400 Murray Ave", "station_name": "NYC FLEET / FDNY_FTB400B-1", "borough": "Queens", "community_district": 407, "type_of_charger": "Level 2 Charger" }, "geometry": { "type": "Point", "coordinates": [ -73.777616, 40.79273 ] } },
{ "type": "Feature", "properties": { "agency": "FDNY", "street": "402 Murray Ave", "station_name": "NYC FLEET / FDNY_FTOTTEN#1", "borough": "Queens", "community_district": 407, "type_of_charger": "Level 2 Charger" }, "geometry": { "type": "Point", "coordinates": [ -73.777925, 40.79314 ] } },
{ "type": "Feature", "properties": { "agency": "FDNY", "street": "402 Murray Ave", "station_name": "NYC FLEET / FDNY_FTOTTEN#2", "borough": "Queens", "community_district": 407, "type_of_charger": "Level 2 Charger" }, "geometry": { "type": "Point", "coordinates": [ -73.777925, 40.79314 ] } },
{ "type": "Feature", "properties": { "agency": "FDNY", "street": "30-30 Review Ave", "station_name": "NYC FLEET / FDNY_REVIEW-1", "borough": "Queens", "community_district": 402, "type_of_charger": "Level 2 Charger" }, "geometry": { "type": "Point", "coordinates": [ -73.939753, 40.736818 ] } },
{ "type": "Feature", "properties": { "agency": "FDNY", "street": "30-30 Review Ave", "station_name": "NYC FLEET / FDNY_REVIEW-2", "borough": "Queens", "community_district": 402, "type_of_charger": "Level 2 Charger" }, "geometry": { "type": "Point", "coordinates": [ -73.939753, 40.736818 ] } },
{ "type": "Feature", "properties": { "agency": "FDNY", "street": "9 Metrotech Center", "station_name": "NYC FLEET / FDNY9METROTECH1", "borough": "Brooklyn", "community_district": 302, "type_of_charger": "Level 2 Charger" }, "geometry": { "type": "Point", "coordinates": [ -73.984674, 40.69486 ] } },
{ "type": "Feature", "properties": { "agency": "FDNY", "street": "9 Metrotech Center", "station_name": "NYC FLEET / FDNY9METROTECH2", "borough": "Brooklyn", "community_district": 302, "type_of_charger": "Level 2 Charger" }, "geometry": { "type": "Point", "coordinates": [ -73.984674, 40.69486 ] } },
{ "type": "Feature", "properties": { "agency": "FDNY", "street": "9 Metrotech Center", "station_name": "NYC FLEET / FDNY9METROTECH3", "borough": "Brooklyn", "community_district": 302, "type_of_charger": "Level 2 Charger" }, "geometry": { "type": "Point", "coordinates": [ -73.984674, 40.69486 ] } },
{ "type": "Feature", "properties": { "agency": "FDNY", "street": "9 Metrotech Center", "station_name": "NYC FLEET / FDNY9METROTECH4", "borough": "Brooklyn", "community_district": 302, "type_of_charger": "Level 2 Charger" }, "geometry": { "type": "Point", "coordinates": [ -73.984674, 40.69486 ] } },
{ "type": "Feature", "properties": { "agency": "FDNY", "street": "9 Metrotech Center", "station_name": "NYC FLEET / FDNY9METROTECH5", "borough": "Brooklyn", "community_district": 302, "type_of_charger": "Level 2 Charger" }, "geometry": { "type": "Point", "coordinates": [ -73.984674, 40.69486 ] } },
{ "type": "Feature", "properties": { "agency": "FDNY", "street": "9 Metrotech Center", "station_name": "NYC FLEET / FDNY9METROTECH6", "borough": "Brooklyn", "community_district": 302, "type_of_charger": "Level 2 Charger" }, "geometry": { "type": "Point", "coordinates": [ -73.984674, 40.69486 ] } },
{ "type": "Feature", "properties": { "agency": "FDNY", "street": "9 Metrotech Center", "station_name": "NYC FLEET / FDNY9METROTECH7", "borough": "Brooklyn", "community_district": 302, "type_of_charger": "Level 2 Charger" }, "geometry": { "type": "Point", "coordinates": [ -73.984674, 40.69486 ] } },
{ "type": "Feature", "properties": { "agency": "FDNY", "street": "9 MetroTech Center", "station_name": "NYC FLEET / FDNY9METROTECH8", "borough": "Brooklyn", "community_district": 302, "type_of_charger": "Level 2 Charger" }, "geometry": { "type": "Point", "coordinates": [ -73.984674, 40.69486 ] } },
{ "type": "Feature", "properties": { "agency": "FDNY", "street": "9 MetroTech Center", "station_name": "NYC FLEET / FDNY9METROTECH9", "borough": "Brooklyn", "community_district": 302, "type_of_charger": "Level 2 Charger" }, "geometry": { "type": "Point", "coordinates": [ -73.984674, 40.69486 ] } },
{ "type": "Feature", "properties": { "agency": "FDNY", "street": "475 Brielle Ave", "station_name": "NYC FLEET / FDNYBRIELLESSI", "borough": "Staten Island", "community_district": 502, "type_of_charger": "Level 2 Charger" }, "geometry": { "type": "Point", "coordinates": [ -74.135732, 40.593273 ] } },
{ "type": "Feature", "properties": { "agency": "FDNY", "street": "135-16 38th Ave", "station_name": "NYC FLEET / FDNYMS ST1", "borough": "Queens", "community_district": 407, "type_of_charger": "Level 2 Charger" }, "geometry": { "type": "Point", "coordinates": [ -73.832112, 40.760328 ] } },
{ "type": "Feature", "properties": { "agency": "HPD", "street": "701 Euclid Ave", "station_name": "NYC FLEET / HPD_BK_ENF_1_L3", "borough": "Brooklyn", "community_district": 305, "type_of_charger": "Level 3 Fast Charger" }, "geometry": { "type": "Point", "coordinates": [ -73.870515, 40.669676 ] } },
{ "type": "Feature", "properties": { "agency": "HPD", "street": "701 Euclid Ave", "station_name": "NYC FLEET / HPD_BK_ENF_2_L3", "borough": "Brooklyn", "community_district": 305, "type_of_charger": "Level 3 Fast Charger" }, "geometry": { "type": "Point", "coordinates": [ -73.870515, 40.669676 ] } },
{ "type": "Feature", "properties": { "agency": "HRA", "street": "260 11th Ave", "station_name": "NYC FLEET / HRA_11THAVE-1", "borough": "Manhattan", "community_district": 104, "type_of_charger": "Level 2 Charger" }, "geometry": { "type": "Point", "coordinates": [ -74.005233, 40.75131 ] } },
{ "type": "Feature", "properties": { "agency": "HRA", "street": "260 11th Ave", "station_name": "NYC FLEET / HRA_11THAVE-2", "borough": "Manhattan", "community_district": 104, "type_of_charger": "Level 2 Charger" }, "geometry": { "type": "Point", "coordinates": [ -74.005233, 40.75131 ] } },
{ "type": "Feature", "properties": { "agency": "HRA", "street": "260 11th Ave", "station_name": "NYC FLEET / HRA_11THAVE-3", "borough": "Manhattan", "community_district": 104, "type_of_charger": "Level 2 Charger" }, "geometry": { "type": "Point", "coordinates": [ -74.005233, 40.75131 ] } },
{ "type": "Feature", "properties": { "agency": "HRA", "street": "260 11th Ave", "station_name": "NYC FLEET / HRA_11THAVE-4", "borough": "Manhattan", "community_district": 104, "type_of_charger": "Level 2 Charger" }, "geometry": { "type": "Point", "coordinates": [ -74.005233, 40.75131 ] } },
{ "type": "Feature", "properties": { "agency": "HRA", "street": "260 11th Ave", "station_name": "NYC FLEET / HRA_11THAVE-5", "borough": "Manhattan", "community_district": 104, "type_of_charger": "Level 2 Charger" }, "geometry": { "type": "Point", "coordinates": [ -74.005233, 40.75131 ] } },
{ "type": "Feature", "properties": { "agency": "HRA", "street": "260 11th Ave", "station_name": "NYC FLEET / HRA_11THAVE-6", "borough": "Manhattan", "community_district": 104, "type_of_charger": "Level 2 Charger" }, "geometry": { "type": "Point", "coordinates": [ -74.005233, 40.75131 ] } },
{ "type": "Feature", "properties": { "agency": "HRA", "street": "260 11th Ave", "station_name": "NYC FLEET / HRA_11THAVE-7", "borough": "Manhattan", "community_district": 104, "type_of_charger": "Level 2 Charger" }, "geometry": { "type": "Point", "coordinates": [ -74.005233, 40.75131 ] } },
{ "type": "Feature", "properties": { "agency": "HRA", "street": "260 11th Ave", "station_name": "NYC FLEET / HRA_11THAVE-8", "borough": "Manhattan", "community_district": 104, "type_of_charger": "Level 2 Charger" }, "geometry": { "type": "Point", "coordinates": [ -74.005233, 40.75131 ] } },
{ "type": "Feature", "properties": { "agency": "HRA", "street": "95 Evergreen Avenue", "station_name": "NYC FLEET / HRA_BSHWCK_1_L3", "borough": "Brooklyn", "community_district": 304, "type_of_charger": "Level 3 Fast Charger" }, "geometry": { "type": "Point", "coordinates": [ -73.932531, 40.699927 ] } },
{ "type": "Feature", "properties": { "agency": "HRA", "street": "95 Evergreen Avenue", "station_name": "NYC FLEET / HRA_BSHWCK_2_L3", "borough": "Brooklyn", "community_district": 304, "type_of_charger": "Level 3 Fast Charger" }, "geometry": { "type": "Point", "coordinates": [ -73.932531, 40.699927 ] } },
{ "type": "Feature", "properties": { "agency": "HRA", "street": "10300 Foster Avenue", "station_name": "NYC FLEET / HRA_FOSTER-S1", "borough": "Brooklyn", "community_district": 318, "type_of_charger": "EV Solar Arc Charger" }, "geometry": { "type": "Point", "coordinates": [ -73.901274, 40.651177 ] } },
{ "type": "Feature", "properties": { "agency": "NYCHA", "street": "23 Ash St", "station_name": "NYC FLEET / NYCHA 23ASH1A B", "borough": "Brooklyn", "community_district": 301, "type_of_charger": "Level 2 Charger" }, "geometry": { "type": "Point", "coordinates": [ -73.954533, 40.738096 ] } },
{ "type": "Feature", "properties": { "agency": "NYCHA", "street": "23 Ash St", "station_name": "NYC FLEET / NYCHA 23ASH2A B", "borough": "Brooklyn", "community_district": 301, "type_of_charger": "Level 2 Charger" }, "geometry": { "type": "Point", "coordinates": [ -73.954533, 40.738096 ] } },
{ "type": "Feature", "properties": { "agency": "NYCHA", "street": "23 Ash St", "station_name": "NYC FLEET / NYCHA 23ASH3A B", "borough": "Brooklyn", "community_district": 301, "type_of_charger": "Level 2 Charger" }, "geometry": { "type": "Point", "coordinates": [ -73.954533, 40.738096 ] } },
{ "type": "Feature", "properties": { "agency": "NYCHA", "street": "1260 Sutter Ave", "station_name": "NYC FLEET / NYCHA_CYPRHL-S1", "borough": "Brooklyn", "community_district": 305, "type_of_charger": "EV Solar Arc Charger" }, "geometry": { "type": "Point", "coordinates": [ -73.871627, 40.672807 ] } },
{ "type": "Feature", "properties": { "agency": "NYCHA", "street": "67 35th St", "station_name": "NYC FLEET / NYCHA_LEX-S1", "borough": "Brooklyn", "community_district": 307, "type_of_charger": "EV Solar Arc Charger" }, "geometry": { "type": "Point", "coordinates": [ -74.006815, 40.656695 ] } },
{ "type": "Feature", "properties": { "agency": "NYCHA", "street": "1980 Lexington Ave", "station_name": "NYC FLEET / NYCHA_MBMO_1", "borough": "Manhattan", "community_district": 111, "type_of_charger": "Level 2 Charger" }, "geometry": { "type": "Point", "coordinates": [ -73.939319, 40.801789 ] } },
{ "type": "Feature", "properties": { "agency": "NYCHA", "street": "90-20 170Th St", "station_name": "NYC FLEET / NYCHA_QSIPRMG_1", "borough": "Queens", "community_district": 412, "type_of_charger": "Level 2 Charger" }, "geometry": { "type": "Point", "coordinates": [ -73.790579, 40.708578 ] } },
{ "type": "Feature", "properties": { "agency": "NYCHA", "street": "35-35 21st St", "station_name": "NYC FLEET / NYCHA_RAVENS-S1", "borough": "Queens", "community_district": 401, "type_of_charger": "EV Solar Arc Charger" }, "geometry": { "type": "Point", "coordinates": [ -73.935819, 40.760888 ] } },
{ "type": "Feature", "properties": { "agency": "NYCHA", "street": "1741 Bruckner Blvd", "station_name": "NYC FLEET / NYCHA_SOTOMY-S1", "borough": "Bronx", "community_district": 209, "type_of_charger": "EV Solar Arc Charger" }, "geometry": { "type": "Point", "coordinates": [ -73.867481, 40.825243 ] } },
{ "type": "Feature", "properties": { "agency": "NYCHA", "street": "3 St. James Pl", "station_name": "NYC FLEET / NYCHAALSMITH_S1", "borough": "Manhattan", "community_district": 103, "type_of_charger": "EV Solar Arc Charger" }, "geometry": { "type": "Point", "coordinates": [ -74.000397, 40.71108 ] } },
{ "type": "Feature", "properties": { "agency": "NYCHA", "street": "3 St. James Pl", "station_name": "NYC FLEET / NYCHAALSMITH02", "borough": "Manhattan", "community_district": 103, "type_of_charger": "Level 2 Charger" }, "geometry": { "type": "Point", "coordinates": [ -74.000397, 40.71108 ] } },
{ "type": "Feature", "properties": { "agency": "NYPD", "street": "87-34 118th St", "station_name": "NYC FLEET / NYPD_102PCT-1", "borough": "Queens", "community_district": 409, "type_of_charger": "Level 2 Charger" }, "geometry": { "type": "Point", "coordinates": [ -73.83157, 40.699311 ] } },
{ "type": "Feature", "properties": { "agency": "NYPD", "street": "87-34 118th St", "station_name": "NYC FLEET / NYPD_102PCT-2", "borough": "Queens", "community_district": 409, "type_of_charger": "Level 2 Charger" }, "geometry": { "type": "Point", "coordinates": [ -73.83157, 40.699311 ] } },
{ "type": "Feature", "properties": { "agency": "NYPD", "street": "103-53 101st St", "station_name": "NYC FLEET / NYPD_106PCT-1", "borough": "Queens", "community_district": 410, "type_of_charger": "Level 2 Charger" }, "geometry": { "type": "Point", "coordinates": [ -73.840046, 40.682344 ] } },
{ "type": "Feature", "properties": { "agency": "NYPD", "street": "71-01 Parsons Blvd", "station_name": "NYC FLEET / NYPD_107PCT-1", "borough": "Queens", "community_district": 408, "type_of_charger": "Level 2 Charger" }, "geometry": { "type": "Point", "coordinates": [ -73.810908, 40.7301 ] } },
{ "type": "Feature", "properties": { "agency": "NYPD", "street": "68-40 Austin St", "station_name": "NYC FLEET / NYPD_112PCT-1", "borough": "Queens", "community_district": 406, "type_of_charger": "Level 2 Charger" }, "geometry": { "type": "Point", "coordinates": [ -73.850982, 40.722429 ] } },
{ "type": "Feature", "properties": { "agency": "NYPD", "street": "167-02 Baisley Blvd", "station_name": "NYC FLEET / NYPD_113PCT-1", "borough": "Queens", "community_district": 412, "type_of_charger": "Level 2 Charger" }, "geometry": { "type": "Point", "coordinates": [ -73.776214, 40.679976 ] } },
{ "type": "Feature", "properties": { "agency": "NYPD", "street": "3416 Astoria Blvd", "station_name": "NYC FLEET / NYPD_114P_1_L3", "borough": "Queens", "community_district": 401, "type_of_charger": "Level 3 Fast Charger" }, "geometry": { "type": "Point", "coordinates": [ -73.915593, 40.769581 ] } },
{ "type": "Feature", "properties": { "agency": "NYPD", "street": "92-01 Northern Blvd", "station_name": "NYC FLEET / NYPD_115P_1_L3", "borough": "Queens", "community_district": 403, "type_of_charger": "Level 3 Fast Charger" }, "geometry": { "type": "Point", "coordinates": [ -73.87593, 40.75656 ] } },
{ "type": "Feature", "properties": { "agency": "NYPD", "street": "244-04 North Conduit Avenue", "station_name": "NYC FLEET / NYPD_116TH_1_L3", "borough": "Queens", "community_district": 413, "type_of_charger": "Level 3 Fast Charger" }, "geometry": { "type": "Point", "coordinates": [ -73.733465, 40.666567 ] } },
{ "type": "Feature", "properties": { "agency": "NYPD", "street": "244-04 North Conduit Avenue", "station_name": "NYC FLEET / NYPD_116TH_2_L3", "borough": "Queens", "community_district": 413, "type_of_charger": "Level 3 Fast Charger" }, "geometry": { "type": "Point", "coordinates": [ -73.733465, 40.666567 ] } },
{ "type": "Feature", "properties": { "agency": "NYPD", "street": "244-04 North Conduit Avenue", "station_name": "NYC FLEET / NYPD_116TH_3_L3", "borough": "Queens", "community_district": 413, "type_of_charger": "Level 3 Fast Charger" }, "geometry": { "type": "Point", "coordinates": [ -73.733465, 40.666567 ] } },
{ "type": "Feature", "properties": { "agency": "NYPD", "street": "244-04 North Conduit Avenue", "station_name": "NYC FLEET / NYPD_116TH_4_L3", "borough": "Queens", "community_district": 413, "type_of_charger": "Level 3 Fast Charger" }, "geometry": { "type": "Point", "coordinates": [ -73.733465, 40.666567 ] } },
{ "type": "Feature", "properties": { "agency": "NYPD", "street": "244-04 North Conduit Avenue", "station_name": "NYC FLEET / NYPD_116TH_5_L3", "borough": "Queens", "community_district": 413, "type_of_charger": "Level 3 Fast Charger" }, "geometry": { "type": "Point", "coordinates": [ -73.733465, 40.666567 ] } },
{ "type": "Feature", "properties": { "agency": "NYPD", "street": "244-04 North Conduit Avenue", "station_name": "NYC FLEET / NYPD_116TH_6_L3", "borough": "Queens", "community_district": 413, "type_of_charger": "Level 3 Fast Charger" }, "geometry": { "type": "Point", "coordinates": [ -73.733465, 40.666567 ] } },
{ "type": "Feature", "properties": { "agency": "NYPD", "street": "244-04 North Conduit Avenue", "station_name": "NYC FLEET / NYPD_116TH_7_L3", "borough": "Queens", "community_district": 413, "type_of_charger": "Level 3 Fast Charger" }, "geometry": { "type": "Point", "coordinates": [ -73.733465, 40.666567 ] } },
{ "type": "Feature", "properties": { "agency": "NYPD", "street": "244-04 North Conduit Avenue", "station_name": "NYC FLEET / NYPD_116TH_8_L3", "borough": "Queens", "community_district": 413, "type_of_charger": "Level 3 Fast Charger" }, "geometry": { "type": "Point", "coordinates": [ -73.733465, 40.666567 ] } },
{ "type": "Feature", "properties": { "agency": "NYPD", "street": "244-04 N Conduit Ave", "station_name": "NYC FLEET / NYPD_116THPCT_1", "borough": "Queens", "community_district": 413, "type_of_charger": "Level 2 Charger" }, "geometry": { "type": "Point", "coordinates": [ -73.733465, 40.666567 ] } },
{ "type": "Feature", "properties": { "agency": "NYPD", "street": "242-20 N Conduit Ave", "station_name": "NYC FLEET / NYPD_116THPCT_2", "borough": "Queens", "community_district": 413, "type_of_charger": "Level 2 Charger" }, "geometry": { "type": "Point", "coordinates": [ -73.735563, 40.666572 ] } },
{ "type": "Feature", "properties": { "agency": "NYPD", "street": "970 Richmond Ave", "station_name": "NYC FLEET / NYPD_121PCT#1", "borough": "Staten Island", "community_district": 501, "type_of_charger": "Level 2 Charger" }, "geometry": { "type": "Point", "coordinates": [ -74.149133, 40.623595 ] } },
{ "type": "Feature", "properties": { "agency": "NYPD", "street": "970 Richmond Ave", "station_name": "NYC FLEET / NYPD_121PCT#2", "borough": "Staten Island", "community_district": 501, "type_of_charger": "Level 2 Charger" }, "geometry": { "type": "Point", "coordinates": [ -74.149133, 40.623595 ] } },
{ "type": "Feature", "properties": { "agency": "NYPD", "street": "970 Richmond Ave", "station_name": "NYC FLEET / NYPD_121PCT#4", "borough": "Staten Island", "community_district": 501, "type_of_charger": "Level 2 Charger" }, "geometry": { "type": "Point", "coordinates": [ -74.149133, 40.623595 ] } },
{ "type": "Feature", "properties": { "agency": "NYPD", "street": "970 Richmond Ave", "station_name": "NYC FLEET / NYPD_121PCT#5", "borough": "Staten Island", "community_district": 501, "type_of_charger": "Level 2 Charger" }, "geometry": { "type": "Point", "coordinates": [ -74.149133, 40.623595 ] } },
{ "type": "Feature", "properties": { "agency": "NYPD", "street": "970 Richmond Ave", "station_name": "NYC FLEET / NYPD_121PCT#6", "borough": "Staten Island", "community_district": 501, "type_of_charger": "Level 2 Charger" }, "geometry": { "type": "Point", "coordinates": [ -74.149133, 40.623595 ] } },
{ "type": "Feature", "properties": { "agency": "NYPD", "street": "116 Main St", "station_name": "NYC FLEET / NYPD_123PCT-#1", "borough": "Staten Island", "community_district": 503, "type_of_charger": "Level 2 Charger" }, "geometry": { "type": "Point", "coordinates": [ -74.249725, 40.512 ] } },
{ "type": "Feature", "properties": { "agency": "NYPD", "street": "167 E 51st St", "station_name": "NYC FLEET / NYPD_17PCT-1", "borough": "Manhattan", "community_district": 106, "type_of_charger": "Level 2 Charger" }, "geometry": { "type": "Point", "coordinates": [ -73.971142, 40.756812 ] } },
{ "type": "Feature", "properties": { "agency": "NYPD", "street": "844 3rd Ave", "station_name": "NYC FLEET / NYPD_17PCT-2", "borough": "Manhattan", "community_district": 106, "type_of_charger": "Level 2 Charger" }, "geometry": { "type": "Point", "coordinates": [ -73.970117, 40.756738 ] } },
{ "type": "Feature", "properties": { "agency": "NYPD", "street": "157 E 67th St", "station_name": "NYC FLEET / NYPD_19PCT_1_L3", "borough": "Manhattan", "community_district": 108, "type_of_charger": "Level 3 Fast Charger" }, "geometry": { "type": "Point", "coordinates": [ -73.963856, 40.76696 ] } },
{ "type": "Feature", "properties": { "agency": "NYPD", "street": "120 E 119th St", "station_name": "NYC FLEET / NYPD_25PCT-2", "borough": "Manhattan", "community_district": 111, "type_of_charger": "Level 2 Charger" }, "geometry": { "type": "Point", "coordinates": [ -73.941025, 40.800892 ] } },
{ "type": "Feature", "properties": { "agency": "NYPD", "street": "451 W 151st St", "station_name": "NYC FLEET / NYPD_30PCT-1", "borough": "Manhattan", "community_district": 109, "type_of_charger": "Level 2 Charger" }, "geometry": { "type": "Point", "coordinates": [ -73.943847, 40.828615 ] } },
{ "type": "Feature", "properties": { "agency": "NYPD", "street": "451 W 151st St", "station_name": "NYC FLEET / NYPD_30PCT-2", "borough": "Manhattan", "community_district": 109, "type_of_charger": "Level 2 Charger" }, "geometry": { "type": "Point", "coordinates": [ -73.943847, 40.828615 ] } },
{ "type": "Feature", "properties": { "agency": "NYPD", "street": "242 W 135th St", "station_name": "NYC FLEET / NYPD_32PCT#2", "borough": "Manhattan", "community_district": 110, "type_of_charger": "Level 2 Charger" }, "geometry": { "type": "Point", "coordinates": [ -73.944978, 40.815834 ] } },
{ "type": "Feature", "properties": { "agency": "NYPD", "street": "250 W 135th St", "station_name": "NYC FLEET / NYPD_32PCT-1", "borough": "Manhattan", "community_district": 110, "type_of_charger": "Level 2 Charger" }, "geometry": { "type": "Point", "coordinates": [ -73.945151, 40.815908 ] } },
{ "type": "Feature", "properties": { "agency": "NYPD", "street": "2207 Amsterdam Ave", "station_name": "NYC FLEET / NYPD_33PCT-1", "borough": "Manhattan", "community_district": 112, "type_of_charger": "Level 2 Charger" }, "geometry": { "type": "Point", "coordinates": [ -73.93564, 40.840712 ] } },
{ "type": "Feature", "properties": { "agency": "NYPD", "street": "2207 Amsterdam Ave", "station_name": "NYC FLEET / NYPD_33PCT-2", "borough": "Manhattan", "community_district": 112, "type_of_charger": "Level 2 Charger" }, "geometry": { "type": "Point", "coordinates": [ -73.93564, 40.840712 ] } },
{ "type": "Feature", "properties": { "agency": "NYPD", "street": "4295 Broadway", "station_name": "NYC FLEET / NYPD_34PCT-1", "borough": "Manhattan", "community_district": 112, "type_of_charger": "Level 2 Charger" }, "geometry": { "type": "Point", "coordinates": [ -73.935186, 40.85126 ] } },
{ "type": "Feature", "properties": { "agency": "NYPD", "street": "4295 Broadway", "station_name": "NYC FLEET / NYPD_34PCT-2", "borough": "Manhattan", "community_district": 112, "type_of_charger": "Level 2 Charger" }, "geometry": { "type": "Point", "coordinates": [ -73.935186, 40.85126 ] } },
{ "type": "Feature", "properties": { "agency": "NYPD", "street": "257 Alexander Ave", "station_name": "NYC FLEET / NYPD_40PCT", "borough": "Bronx", "community_district": 201, "type_of_charger": "Level 2 Charger" }, "geometry": { "type": "Point", "coordinates": [ -73.924941, 40.810347 ] } },
{ "type": "Feature", "properties": { "agency": "NYPD", "street": "555 E 149th St", "station_name": "NYC FLEET / NYPD_40PCT-2", "borough": "Bronx", "community_district": 201, "type_of_charger": "Level 2 Charger" }, "geometry": { "type": "Point", "coordinates": [ -73.913629, 40.814502 ] } },
{ "type": "Feature", "properties": { "agency": "NYPD", "street": "555 E 149th St", "station_name": "NYC FLEET / NYPD_40PCT-3", "borough": "Bronx", "community_district": 201, "type_of_charger": "Level 2 Charger" }, "geometry": { "type": "Point", "coordinates": [ -73.913629, 40.814502 ] } },
{ "type": "Feature", "properties": { "agency": "NYPD", "street": "1035 Longwood Avenue", "station_name": "NYC FLEET / NYPD_41PCT_1_L3", "borough": "Bronx", "community_district": 202, "type_of_charger": "Level 3 Fast Charger" }, "geometry": { "type": "Point", "coordinates": [ -73.896, 40.816198 ] } },
{ "type": "Feature", "properties": { "agency": "NYPD", "street": "1035 Longwood Avenue", "station_name": "NYC FLEET / NYPD_41PCT_2_L3", "borough": "Bronx", "community_district": 202, "type_of_charger": "Level 3 Fast Charger" }, "geometry": { "type": "Point", "coordinates": [ -73.896, 40.816198 ] } },
{ "type": "Feature", "properties": { "agency": "NYPD", "street": "1035 Longwood Ave", "station_name": "NYC FLEET / NYPD_41PCT-1", "borough": "Bronx", "community_district": 202, "type_of_charger": "Level 2 Charger" }, "geometry": { "type": "Point", "coordinates": [ -73.896, 40.816198 ] } },
{ "type": "Feature", "properties": { "agency": "NYPD", "street": "1035 Longwood Ave", "station_name": "NYC FLEET / NYPD_41PCT-2", "borough": "Bronx", "community_district": 202, "type_of_charger": "Level 2 Charger" }, "geometry": { "type": "Point", "coordinates": [ -73.896, 40.816198 ] } },
{ "type": "Feature", "properties": { "agency": "NYPD", "street": "1925 Bath Ave", "station_name": "NYC FLEET / NYPD_62PCT-1", "borough": "Brooklyn", "community_district": 311, "type_of_charger": "Level 2 Charger" }, "geometry": { "type": "Point", "coordinates": [ -74.00318, 40.602329 ] } },
{ "type": "Feature", "properties": { "agency": "NYPD", "street": "5822 16th Ave", "station_name": "NYC FLEET / NYPD_66PCT-1", "borough": "Brooklyn", "community_district": 312, "type_of_charger": "Level 2 Charger" }, "geometry": { "type": "Point", "coordinates": [ -73.990929, 40.625843 ] } },
{ "type": "Feature", "properties": { "agency": "NYPD", "street": "2900 Snyder Ave", "station_name": "NYC FLEET / NYPD_67PCT-2", "borough": "Brooklyn", "community_district": 317, "type_of_charger": "Level 2 Charger" }, "geometry": { "type": "Point", "coordinates": [ -73.950471, 40.648867 ] } },
{ "type": "Feature", "properties": { "agency": "NYPD", "street": "333 65th St", "station_name": "NYC FLEET / NYPD_68PCT-1", "borough": "Brooklyn", "community_district": 310, "type_of_charger": "Level 2 Charger" }, "geometry": { "type": "Point", "coordinates": [ -74.022721, 40.638827 ] } },
{ "type": "Feature", "properties": { "agency": "NYPD", "street": "333 65th St", "station_name": "NYC FLEET / NYPD_68PCT-2", "borough": "Brooklyn", "community_district": 310, "type_of_charger": "Level 2 Charger" }, "geometry": { "type": "Point", "coordinates": [ -74.022721, 40.638827 ] } },
{ "type": "Feature", "properties": { "agency": "NYPD", "street": "9720 Foster Ave", "station_name": "NYC FLEET / NYPD_69PCT-1", "borough": "Brooklyn", "community_district": 318, "type_of_charger": "Level 2 Charger" }, "geometry": { "type": "Point", "coordinates": [ -73.905256, 40.648606 ] } },
{ "type": "Feature", "properties": { "agency": "NYPD", "street": "9720 Foster Ave", "station_name": "NYC FLEET / NYPD_69PCT-2", "borough": "Brooklyn", "community_district": 318, "type_of_charger": "Level 2 Charger" }, "geometry": { "type": "Point", "coordinates": [ -73.905256, 40.648606 ] } },
{ "type": "Feature", "properties": { "agency": "NYPD", "street": "421 Empire Boulevard", "station_name": "NYC FLEET / NYPD_71PCT_1_L3", "borough": "Brooklyn", "community_district": 309, "type_of_charger": "Level 3 Fast Charger" }, "geometry": { "type": "Point", "coordinates": [ -73.947763, 40.664113 ] } },
{ "type": "Feature", "properties": { "agency": "NYPD", "street": "421 Empire Boulevard", "station_name": "NYC FLEET / NYPD_71PCT_2_L3", "borough": "Brooklyn", "community_district": 309, "type_of_charger": "Level 3 Fast Charger" }, "geometry": { "type": "Point", "coordinates": [ -73.947763, 40.664113 ] } },
{ "type": "Feature", "properties": { "agency": "NYPD", "street": "421 Empire Blvd", "station_name": "NYC FLEET / NYPD_71PCT-1", "borough": "Brooklyn", "community_district": 309, "type_of_charger": "Level 2 Charger" }, "geometry": { "type": "Point", "coordinates": [ -73.947763, 40.664113 ] } },
{ "type": "Feature", "properties": { "agency": "NYPD", "street": "421 Empire Blvd", "station_name": "NYC FLEET / NYPD_71PCT-2", "borough": "Brooklyn", "community_district": 309, "type_of_charger": "Level 2 Charger" }, "geometry": { "type": "Point", "coordinates": [ -73.947763, 40.664113 ] } },
{ "type": "Feature", "properties": { "agency": "NYPD", "street": "830 4 Ave", "station_name": "NYC FLEET / NYPD_72PCT_1_L3", "borough": "Brooklyn", "community_district": 307, "type_of_charger": "Level 3 Fast Charger" }, "geometry": { "type": "Point", "coordinates": [ -74.00044, 40.65815 ] } },
{ "type": "Feature", "properties": { "agency": "NYPD", "street": "830 4 Ave", "station_name": "NYC FLEET / NYPD_72PCT_2_L3", "borough": "Brooklyn", "community_district": 307, "type_of_charger": "Level 3 Fast Charger" }, "geometry": { "type": "Point", "coordinates": [ -74.00044, 40.65815 ] } },
{ "type": "Feature", "properties": { "agency": "NYPD", "street": "1470 East New York Avenue", "station_name": "NYC FLEET / NYPD_73PCT_3_L3", "borough": "Brooklyn", "community_district": 316, "type_of_charger": "Level 3 Fast Charger" }, "geometry": { "type": "Point", "coordinates": [ -73.913501, 40.671122 ] } },
{ "type": "Feature", "properties": { "agency": "NYPD", "street": "1470 East New York Avenue", "station_name": "NYC FLEET / NYPD_73PCT_4_L3", "borough": "Brooklyn", "community_district": 316, "type_of_charger": "Level 3 Fast Charger" }, "geometry": { "type": "Point", "coordinates": [ -73.913501, 40.671122 ] } },
{ "type": "Feature", "properties": { "agency": "NYPD", "street": "25 Pitt St", "station_name": "NYC FLEET / NYPD_7PCT_1_L3", "borough": "Manhattan", "community_district": 103, "type_of_charger": "Level 3 Fast Charger" }, "geometry": { "type": "Point", "coordinates": [ -73.983493, 40.716401 ] } },
{ "type": "Feature", "properties": { "agency": "NYPD", "street": "30 Ralph Ave", "station_name": "NYC FLEET / NYPD_81PCT-1", "borough": "Brooklyn", "community_district": 303, "type_of_charger": "Level 2 Charger" }, "geometry": { "type": "Point", "coordinates": [ -73.924024, 40.689456 ] } },
{ "type": "Feature", "properties": { "agency": "NYPD", "street": "30 Ralph Ave", "station_name": "NYC FLEET / NYPD_81PCT-2", "borough": "Brooklyn", "community_district": 303, "type_of_charger": "Level 2 Charger" }, "geometry": { "type": "Point", "coordinates": [ -73.924024, 40.689456 ] } },
{ "type": "Feature", "properties": { "agency": "NYPD", "street": "480 Knickerbocker Ave", "station_name": "NYC FLEET / NYPD_83PCT-1", "borough": "Brooklyn", "community_district": 304, "type_of_charger": "Level 2 Charger" }, "geometry": { "type": "Point", "coordinates": [ -73.917768, 40.698466 ] } },
{ "type": "Feature", "properties": { "agency": "NYPD", "street": "487 Broadway", "station_name": "NYC FLEET / NYPD_90PCT-1", "borough": "Brooklyn", "community_district": 301, "type_of_charger": "Level 2 Charger" }, "geometry": { "type": "Point", "coordinates": [ -73.951781, 40.7063 ] } },
{ "type": "Feature", "properties": { "agency": "NYPD", "street": "500 Abbot Street", "station_name": "NYC FLEET / NYPD_ABBOTST-1", "borough": "Bronx", "community_district": 212, "type_of_charger": "Level 2 Charger" }, "geometry": { "type": "Point", "coordinates": [ -73.853698, 40.908297 ] } },
{ "type": "Feature", "properties": { "agency": "NYPD", "street": "500 Abbot Street", "station_name": "NYC FLEET / NYPD_ABBOTST-2", "borough": "Bronx", "community_district": 212, "type_of_charger": "Level 2 Charger" }, "geometry": { "type": "Point", "coordinates": [ -73.853698, 40.908297 ] } },
{ "type": "Feature", "properties": { "agency": "NYPD", "street": "500 Abbot Street", "station_name": "NYC FLEET / NYPD_ABBOTST-3", "borough": "Bronx", "community_district": 212, "type_of_charger": "Level 2 Charger" }, "geometry": { "type": "Point", "coordinates": [ -73.853698, 40.908297 ] } },
{ "type": "Feature", "properties": { "agency": "NYPD", "street": "92-33 168th St", "station_name": "NYC FLEET / NYPD_ARCHERGN-1", "borough": "Queens", "community_district": 412, "type_of_charger": "Level 2 Charger" }, "geometry": { "type": "Point", "coordinates": [ -73.79211, 40.705661 ] } },
{ "type": "Feature", "properties": { "agency": "NYPD", "street": "92-33 168th St", "station_name": "NYC FLEET / NYPD_ARCHERGN-2", "borough": "Queens", "community_district": 412, "type_of_charger": "Level 2 Charger" }, "geometry": { "type": "Point", "coordinates": [ -73.79211, 40.705661 ] } },
{ "type": "Feature", "properties": { "agency": "NYPD", "street": "59-06 Laurel Hill Blvd", "station_name": "NYC FLEET / NYPD_BMS_1_L3", "borough": "Queens", "community_district": 402, "type_of_charger": "Level 3 Fast Charger" }, "geometry": { "type": "Point", "coordinates": [ -73.906426, 40.736834 ] } },
{ "type": "Feature", "properties": { "agency": "NYPD", "street": "59-06 Laurel Hill Blvd", "station_name": "NYC FLEET / NYPD_BMS_2_L3", "borough": "Queens", "community_district": 402, "type_of_charger": "Level 3 Fast Charger" }, "geometry": { "type": "Point", "coordinates": [ -73.906426, 40.736834 ] } },
{ "type": "Feature", "properties": { "agency": "NYPD", "street": "59-06 Laurel Hill Blvd", "station_name": "NYC FLEET / NYPD_BMS-1", "borough": "Queens", "community_district": 402, "type_of_charger": "Level 2 Charger" }, "geometry": { "type": "Point", "coordinates": [ -73.906426, 40.736834 ] } },
{ "type": "Feature", "properties": { "agency": "NYPD", "street": "59-06 Laurel Hill Blvd", "station_name": "NYC FLEET / NYPD_BMS-2", "borough": "Queens", "community_district": 402, "type_of_charger": "Level 2 Charger" }, "geometry": { "type": "Point", "coordinates": [ -73.906426, 40.736834 ] } },
{ "type": "Feature", "properties": { "agency": "NYPD", "street": "59-06 Laurel Hill Blvd", "station_name": "NYC FLEET / NYPD_BMS-3", "borough": "Queens", "community_district": 402, "type_of_charger": "Level 2 Charger" }, "geometry": { "type": "Point", "coordinates": [ -73.906426, 40.736834 ] } },
{ "type": "Feature", "properties": { "agency": "NYPD", "street": "59-06 Laurel Hill Blvd", "station_name": "NYC FLEET / NYPD_BMS-4", "borough": "Queens", "community_district": 402, "type_of_charger": "Level 2 Charger" }, "geometry": { "type": "Point", "coordinates": [ -73.906426, 40.736834 ] } },
{ "type": "Feature", "properties": { "agency": "NYPD", "street": "59-06 Laurel Hill Blvd", "station_name": "NYC FLEET / NYPD_BMS-5", "borough": "Queens", "community_district": 402, "type_of_charger": "Level 2 Charger" }, "geometry": { "type": "Point", "coordinates": [ -73.906426, 40.736834 ] } },
{ "type": "Feature", "properties": { "agency": "NYPD", "street": "59-06 Laurel Hill Blvd", "station_name": "NYC FLEET / NYPD_BMS-6", "borough": "Queens", "community_district": 402, "type_of_charger": "Level 2 Charger" }, "geometry": { "type": "Point", "coordinates": [ -73.906426, 40.736834 ] } },
{ "type": "Feature", "properties": { "agency": "NYPD", "street": "59-06 Laurel Hill Blvd", "station_name": "NYC FLEET / NYPD_BMS-7", "borough": "Queens", "community_district": 402, "type_of_charger": "Level 2 Charger" }, "geometry": { "type": "Point", "coordinates": [ -73.906426, 40.736834 ] } },
{ "type": "Feature", "properties": { "agency": "NYPD", "street": "59-06 Laurel Hill Blvd", "station_name": "NYC FLEET / NYPD_BMS-8", "borough": "Queens", "community_district": 402, "type_of_charger": "Level 2 Charger" }, "geometry": { "type": "Point", "coordinates": [ -73.906426, 40.736834 ] } },
{ "type": "Feature", "properties": { "agency": "NYPD", "street": "235 E 20Th St", "station_name": "NYC FLEET / NYPD_CADET_1_L3", "borough": "Manhattan", "community_district": 106, "type_of_charger": "Level 3 Fast Charger" }, "geometry": { "type": "Point", "coordinates": [ -73.983311, 40.736468 ] } },
{ "type": "Feature", "properties": { "agency": "NYPD", "street": "235 E 20Th St", "station_name": "NYC FLEET / NYPD_CADET_2_L3", "borough": "Manhattan", "community_district": 106, "type_of_charger": "Level 3 Fast Charger" }, "geometry": { "type": "Point", "coordinates": [ -73.983311, 40.736468 ] } },
{ "type": "Feature", "properties": { "agency": "NYPD", "street": "31-40 College Point Blvd", "station_name": "NYC FLEET / NYPD_COLLPTTOW1", "borough": "Queens", "community_district": 407, "type_of_charger": "Level 2 Charger" }, "geometry": { "type": "Point", "coordinates": [ -73.840605, 40.76822 ] } },
{ "type": "Feature", "properties": { "agency": "NYPD", "street": "31-22 College Point Blvd", "station_name": "NYC FLEET / NYPD_COLLPTTOW2", "borough": "Queens", "community_district": 407, "type_of_charger": "Level 2 Charger" }, "geometry": { "type": "Point", "coordinates": [ -73.841095, 40.768682 ] } },
{ "type": "Feature", "properties": { "agency": "NYPD", "street": "31-22 College Point Blvd", "station_name": "NYC FLEET / NYPD_COLLPTTOW3", "borough": "Queens", "community_district": 407, "type_of_charger": "Level 2 Charger" }, "geometry": { "type": "Point", "coordinates": [ -73.841095, 40.768682 ] } },
{ "type": "Feature", "properties": { "agency": "NYPD", "street": "31-22 College Point Blvd", "station_name": "NYC FLEET / NYPD_COLLPTTOW4", "borough": "Queens", "community_district": 407, "type_of_charger": "Level 2 Charger" }, "geometry": { "type": "Point", "coordinates": [ -73.841095, 40.768682 ] } },
{ "type": "Feature", "properties": { "agency": "NYPD", "street": "53-15 58Th St", "station_name": "NYC FLEET / NYPD_CRS_1_L3", "borough": "Queens", "community_district": 402, "type_of_charger": "Level 3 Fast Charger" }, "geometry": { "type": "Point", "coordinates": [ -73.91054, 40.733733 ] } },
{ "type": "Feature", "properties": { "agency": "NYPD", "street": "53-15 58Th St", "station_name": "NYC FLEET / NYPD_CRS_2_L3", "borough": "Queens", "community_district": 402, "type_of_charger": "Level 3 Fast Charger" }, "geometry": { "type": "Point", "coordinates": [ -73.91054, 40.733733 ] } },
{ "type": "Feature", "properties": { "agency": "NYPD", "street": "3260 Flatbush Ave", "station_name": "NYC FLEET / NYPD_FBF-S1", "borough": "Brooklyn", "community_district": 356, "type_of_charger": "EV Solar Arc Charger" }, "geometry": { "type": "Point", "coordinates": [ -73.899217, 40.588627 ] } },
{ "type": "Feature", "properties": { "agency": "NYPD", "street": "3260 Flatbush Ave", "station_name": "NYC FLEET / NYPD_FBF-S2", "borough": "Brooklyn", "community_district": 356, "type_of_charger": "EV Solar Arc Charger" }, "geometry": { "type": "Point", "coordinates": [ -73.899217, 40.588627 ] } },
{ "type": "Feature", "properties": { "agency": "NYPD", "street": "3159 Flatbush Ave", "station_name": "NYC FLEET / NYPD_FBF-S3", "borough": "Brooklyn", "community_district": 356, "type_of_charger": "EV Solar Arc Charger" }, "geometry": { "type": "Point", "coordinates": [ -73.899781, 40.589157 ] } },
{ "type": "Feature", "properties": { "agency": "NYPD", "street": "150-14 Jamaica Avenue", "station_name": "NYC FLEET / NYPD_FRNSC_1_L3", "borough": "Queens", "community_district": 412, "type_of_charger": "Level 3 Fast Charger" }, "geometry": { "type": "Point", "coordinates": [ -73.804192, 40.702193 ] } },
{ "type": "Feature", "properties": { "agency": "NYPD", "street": "150-14 Jamaica Avenue", "station_name": "NYC FLEET / NYPD_FRNSC_2_L3", "borough": "Queens", "community_district": 412, "type_of_charger": "Level 3 Fast Charger" }, "geometry": { "type": "Point", "coordinates": [ -73.804192, 40.702193 ] } },
{ "type": "Feature", "properties": { "agency": "NYPD", "street": "2900 Flatbush Ave", "station_name": "NYC FLEET / NYPD_HIGHWAY2-1", "borough": "Brooklyn", "community_district": 318, "type_of_charger": "Level 2 Charger" }, "geometry": { "type": "Point", "coordinates": [ -73.912051, 40.600248 ] } },
{ "type": "Feature", "properties": { "agency": "NYPD", "street": "2900 Flatbush Ave", "station_name": "NYC FLEET / NYPD_HIGHWAY2-2", "borough": "Brooklyn", "community_district": 318, "type_of_charger": "Level 2 Charger" }, "geometry": { "type": "Point", "coordinates": [ -73.912051, 40.600248 ] } },
{ "type": "Feature", "properties": { "agency": "NYPD", "street": "2900 Flatbush Ave", "station_name": "NYC FLEET / NYPD_HIGHWAY2-3", "borough": "Brooklyn", "community_district": 318, "type_of_charger": "Level 2 Charger" }, "geometry": { "type": "Point", "coordinates": [ -73.912051, 40.600248 ] } },
{ "type": "Feature", "properties": { "agency": "NYPD", "street": "306 W 54th St", "station_name": "NYC FLEET / NYPD_MIDNORTH-1", "borough": "Manhattan", "community_district": 104, "type_of_charger": "Level 2 Charger" }, "geometry": { "type": "Point", "coordinates": [ -73.984835, 40.765016 ] } },
{ "type": "Feature", "properties": { "agency": "NYPD", "street": "306 W 54th St", "station_name": "NYC FLEET / NYPD_MIDNORTH-2", "borough": "Manhattan", "community_district": 104, "type_of_charger": "Level 2 Charger" }, "geometry": { "type": "Point", "coordinates": [ -73.984835, 40.765016 ] } },
{ "type": "Feature", "properties": { "agency": "NYPD", "street": "357 W 35th St", "station_name": "NYC FLEET / NYPD_MIDSOUTH1", "borough": "Manhattan", "community_district": 104, "type_of_charger": "Level 2 Charger" }, "geometry": { "type": "Point", "coordinates": [ -73.994712, 40.753599 ] } },
{ "type": "Feature", "properties": { "agency": "NYPD", "street": "357 W 35th St", "station_name": "NYC FLEET / NYPD_MIDSOUTH2", "borough": "Manhattan", "community_district": 104, "type_of_charger": "Level 2 Charger" }, "geometry": { "type": "Point", "coordinates": [ -73.994712, 40.753599 ] } },
{ "type": "Feature", "properties": { "agency": "NYPD", "street": "37-05 Union St", "station_name": "NYC FLEET / NYPD_PCT109", "borough": "Queens", "community_district": 407, "type_of_charger": "Level 2 Charger" }, "geometry": { "type": "Point", "coordinates": [ -73.827436, 40.762286 ] } },
{ "type": "Feature", "properties": { "agency": "NYPD", "street": "2877 Barkley Ave", "station_name": "NYC FLEET / NYPD_PCT45_1", "borough": "Bronx", "community_district": 210, "type_of_charger": "Level 2 Charger" }, "geometry": { "type": "Point", "coordinates": [ -73.827125, 40.830714 ] } },
{ "type": "Feature", "properties": { "agency": "NYPD", "street": "4111 Laconia Ave", "station_name": "NYC FLEET / NYPD_PCT47_1", "borough": "Bronx", "community_district": 212, "type_of_charger": "Level 2 Charger" }, "geometry": { "type": "Point", "coordinates": [ -73.84727, 40.887306 ] } },
{ "type": "Feature", "properties": { "agency": "NYPD", "street": "4111 Laconia Ave", "station_name": "NYC FLEET / NYPD_PCT47_2", "borough": "Bronx", "community_district": 212, "type_of_charger": "Level 2 Charger" }, "geometry": { "type": "Point", "coordinates": [ -73.84727, 40.887306 ] } },
{ "type": "Feature", "properties": { "agency": "NYPD", "street": "4111 Laconia Ave", "station_name": "NYC FLEET / NYPD_PCT47_3", "borough": "Bronx", "community_district": 212, "type_of_charger": "Level 2 Charger" }, "geometry": { "type": "Point", "coordinates": [ -73.84727, 40.887306 ] } },
{ "type": "Feature", "properties": { "agency": "NYPD", "street": "4111 Laconia Ave", "station_name": "NYC FLEET / NYPD_PCT47_4", "borough": "Bronx", "community_district": 212, "type_of_charger": "Level 2 Charger" }, "geometry": { "type": "Point", "coordinates": [ -73.84727, 40.887306 ] } },
{ "type": "Feature", "properties": { "agency": "NYPD", "street": "4111 Laconia Ave", "station_name": "NYC FLEET / NYPD_PCT47_5", "borough": "Bronx", "community_district": 212, "type_of_charger": "Level 2 Charger" }, "geometry": { "type": "Point", "coordinates": [ -73.84727, 40.887306 ] } },
{ "type": "Feature", "properties": { "agency": "NYPD", "street": "4111 Laconia Ave", "station_name": "NYC FLEET / NYPD_PCT47_6", "borough": "Bronx", "community_district": 212, "type_of_charger": "Level 2 Charger" }, "geometry": { "type": "Point", "coordinates": [ -73.84727, 40.887306 ] } },
{ "type": "Feature", "properties": { "agency": "NYPD", "street": "2860 W 23Rd St", "station_name": "NYC FLEET / NYPD_PSA1_1_L3", "borough": "Brooklyn", "community_district": 313, "type_of_charger": "Level 3 Fast Charger" }, "geometry": { "type": "Point", "coordinates": [ -73.990241, 40.576884 ] } },
{ "type": "Feature", "properties": { "agency": "NYPD", "street": "25 Central Ave", "station_name": "NYC FLEET / NYPD_PSA3_1_L3", "borough": "Brooklyn", "community_district": 304, "type_of_charger": "Level 3 Fast Charger" }, "geometry": { "type": "Point", "coordinates": [ -73.932478, 40.70226 ] } },
{ "type": "Feature", "properties": { "agency": "NYPD", "street": "25 Central Ave", "station_name": "NYC FLEET / NYPD_PSA3_2_L3", "borough": "Brooklyn", "community_district": 304, "type_of_charger": "Level 3 Fast Charger" }, "geometry": { "type": "Point", "coordinates": [ -73.932478, 40.70226 ] } },
{ "type": "Feature", "properties": { "agency": "NYPD", "street": "130 Loisaida Ave", "station_name": "NYC FLEET / NYPD_PSA4-1", "borough": "Manhattan", "community_district": 103, "type_of_charger": "Level 2 Charger" }, "geometry": { "type": "Point", "coordinates": [ -73.978259, 40.724887 ] } },
{ "type": "Feature", "properties": { "agency": "NYPD", "street": "130 Loisaida Ave", "station_name": "NYC FLEET / NYPD_PSA4-2", "borough": "Manhattan", "community_district": 103, "type_of_charger": "Level 2 Charger" }, "geometry": { "type": "Point", "coordinates": [ -73.978259, 40.724887 ] } },
{ "type": "Feature", "properties": { "agency": "NYPD", "street": "136 Loisaida Ave", "station_name": "NYC FLEET / NYPD_PSA4-3", "borough": "Manhattan", "community_district": 103, "type_of_charger": "Level 2 Charger" }, "geometry": { "type": "Point", "coordinates": [ -73.978148, 40.725041 ] } },
{ "type": "Feature", "properties": { "agency": "NYPD", "street": "130 Loisaida Ave", "station_name": "NYC FLEET / NYPD_PSA4-4", "borough": "Manhattan", "community_district": 103, "type_of_charger": "Level 2 Charger" }, "geometry": { "type": "Point", "coordinates": [ -73.978259, 40.724887 ] } },
{ "type": "Feature", "properties": { "agency": "NYPD", "street": "126 Loisaida Ave", "station_name": "NYC FLEET / NYPD_PSA4-5", "borough": "Manhattan", "community_district": 103, "type_of_charger": "Level 2 Charger" }, "geometry": { "type": "Point", "coordinates": [ -73.978335, 40.724783 ] } },
{ "type": "Feature", "properties": { "agency": "NYPD", "street": "126 Loisaida Ave", "station_name": "NYC FLEET / NYPD_PSA4-6", "borough": "Manhattan", "community_district": 103, "type_of_charger": "Level 2 Charger" }, "geometry": { "type": "Point", "coordinates": [ -73.978335, 40.724783 ] } },
{ "type": "Feature", "properties": { "agency": "NYPD", "street": "221 E 123rd St", "station_name": "NYC FLEET / NYPD_PSA5-1", "borough": "Manhattan", "community_district": 111, "type_of_charger": "Level 2 Charger" }, "geometry": { "type": "Point", "coordinates": [ -73.936108, 40.802127 ] } },
{ "type": "Feature", "properties": { "agency": "NYPD", "street": "221 E 123rd St", "station_name": "NYC FLEET / NYPD_PSA5-2", "borough": "Manhattan", "community_district": 111, "type_of_charger": "Level 2 Charger" }, "geometry": { "type": "Point", "coordinates": [ -73.936108, 40.802127 ] } },
{ "type": "Feature", "properties": { "agency": "NYPD", "street": "737 Melrose Ave", "station_name": "NYC FLEET / NYPD_PSA7-1", "borough": "Bronx", "community_district": 201, "type_of_charger": "Level 2 Charger" }, "geometry": { "type": "Point", "coordinates": [ -73.915665, 40.820729 ] } },
{ "type": "Feature", "properties": { "agency": "NYPD", "street": "737 Melrose Ave", "station_name": "NYC FLEET / NYPD_PSA7-2", "borough": "Bronx", "community_district": 201, "type_of_charger": "Level 2 Charger" }, "geometry": { "type": "Point", "coordinates": [ -73.915665, 40.820729 ] } },
{ "type": "Feature", "properties": { "agency": "NYPD", "street": "Rodmans Neck", "station_name": "NYC FLEET / NYPD_RDMNK_1_L3", "borough": "Bronx", "community_district": 228, "type_of_charger": "Level 3 Fast Charger" }, "geometry": { "type": "Point", "coordinates": [ -73.801579, 40.855351 ] } },
{ "type": "Feature", "properties": { "agency": "NYPD", "street": "Rodmans Neck", "station_name": "NYC FLEET / NYPD_RDMNK_2_L3", "borough": "Bronx", "community_district": 228, "type_of_charger": "Level 3 Fast Charger" }, "geometry": { "type": "Point", "coordinates": [ -73.801579, 40.855351 ] } },
{ "type": "Feature", "properties": { "agency": "NYPD", "street": "174-20 N Boundary Rd", "station_name": "NYC FLEET / NYPD_SPRGFLD-1", "borough": "Queens", "community_district": 413, "type_of_charger": "Level 2 Charger" }, "geometry": { "type": "Point", "coordinates": [ -73.771566, 40.657122 ] } },
{ "type": "Feature", "properties": { "agency": "NYPD", "street": "174-20 N Boundary Rd", "station_name": "NYC FLEET / NYPD_SPRGFLD-2", "borough": "Queens", "community_district": 413, "type_of_charger": "Level 2 Charger" }, "geometry": { "type": "Point", "coordinates": [ -73.771566, 40.657122 ] } },
{ "type": "Feature", "properties": { "agency": "NYPD", "street": "174-20 N Boundary Rd", "station_name": "NYC FLEET / NYPD_SPRGFLD-3", "borough": "Queens", "community_district": 413, "type_of_charger": "Level 2 Charger" }, "geometry": { "type": "Point", "coordinates": [ -73.771566, 40.657122 ] } },
{ "type": "Feature", "properties": { "agency": "NYPD", "street": "174-20 N Boundary Rd", "station_name": "NYC FLEET / NYPD_SPRGFLD-4", "borough": "Queens", "community_district": 413, "type_of_charger": "Level 2 Charger" }, "geometry": { "type": "Point", "coordinates": [ -73.771566, 40.657122 ] } },
{ "type": "Feature", "properties": { "agency": "NYPD", "street": "174-20 N Boundary Rd", "station_name": "NYC FLEET / NYPD_SPRGFLD-5", "borough": "Queens", "community_district": 413, "type_of_charger": "Level 2 Charger" }, "geometry": { "type": "Point", "coordinates": [ -73.771566, 40.657122 ] } },
{ "type": "Feature", "properties": { "agency": "NYPD", "street": "174-20 N Boundary Rd", "station_name": "NYC FLEET / NYPD_SPRGFLD-6", "borough": "Queens", "community_district": 413, "type_of_charger": "Level 2 Charger" }, "geometry": { "type": "Point", "coordinates": [ -73.771566, 40.657122 ] } },
{ "type": "Feature", "properties": { "agency": "NYPD", "street": "521 W 57th St", "station_name": "NYC FLEET / NYPD_SRG_1_L3", "borough": "Manhattan", "community_district": 104, "type_of_charger": "Level 3 Fast Charger" }, "geometry": { "type": "Point", "coordinates": [ -73.989397, 40.76948 ] } },
{ "type": "Feature", "properties": { "agency": "NYPD", "street": "1278 Sedgwick Ave", "station_name": "NYC FLEET / NYPD_SRG2", "borough": "Bronx", "community_district": 204, "type_of_charger": "Level 2 Charger" }, "geometry": { "type": "Point", "coordinates": [ -73.928514, 40.840261 ] } },
{ "type": "Feature", "properties": { "agency": "NYPD", "street": "188 West 230th Street", "station_name": "NYC FLEET / NYPD_SVD_1_L3", "borough": "Bronx", "community_district": 208, "type_of_charger": "Level 3 Fast Charger" }, "geometry": { "type": "Point", "coordinates": [ -73.905802, 40.876963 ] } },
{ "type": "Feature", "properties": { "agency": "NYPD", "street": "188 West 230th Street", "station_name": "NYC FLEET / NYPD_SVD_2_L3", "borough": "Bronx", "community_district": 208, "type_of_charger": "Level 3 Fast Charger" }, "geometry": { "type": "Point", "coordinates": [ -73.905802, 40.876963 ] } },
{ "type": "Feature", "properties": { "agency": "NYPD", "street": "460 Morris Park Avenue", "station_name": "NYC FLEET / NYPD_TD12_1_L3", "borough": "Bronx", "community_district": 211, "type_of_charger": "Level 3 Fast Charger" }, "geometry": { "type": "Point", "coordinates": [ -73.87232, 40.841527 ] } },
{ "type": "Feature", "properties": { "agency": "NYPD", "street": "460 Morris Park Avenue", "station_name": "NYC FLEET / NYPD_TD12_2_L3", "borough": "Bronx", "community_district": 211, "type_of_charger": "Level 3 Fast Charger" }, "geometry": { "type": "Point", "coordinates": [ -73.87232, 40.841527 ] } },
{ "type": "Feature", "properties": { "agency": "NYPD", "street": "80 John Street", "station_name": "NYC FLEET / NYPD_WTC_1_L3", "borough": "Manhattan", "community_district": 101, "type_of_charger": "Level 3 Fast Charger" }, "geometry": { "type": "Point", "coordinates": [ -74.006886, 40.708445 ] } },
{ "type": "Feature", "properties": { "agency": "NYPD", "street": "80 John Street", "station_name": "NYC FLEET / NYPD_WTC_2_L3", "borough": "Manhattan", "community_district": 101, "type_of_charger": "Level 3 Fast Charger" }, "geometry": { "type": "Point", "coordinates": [ -74.006886, 40.708445 ] } },
{ "type": "Feature", "properties": { "agency": "NYPD", "street": "92-08 222Nd St", "station_name": "NYC FLEET / NYPD105PCT-2", "borough": "Queens", "community_district": 413, "type_of_charger": "Level 2 Charger" }, "geometry": { "type": "Point", "coordinates": [ -73.734788, 40.726329 ] } },
{ "type": "Feature", "properties": { "agency": "NYPD", "street": "2320 Hylan Blvd", "station_name": "NYC FLEET / NYPD122PCT-1", "borough": "Staten Island", "community_district": 502, "type_of_charger": "Level 2 Charger" }, "geometry": { "type": "Point", "coordinates": [ -74.105888, 40.5743 ] } },
{ "type": "Feature", "properties": { "agency": "NYPD", "street": "2320 Hylan Blvd", "station_name": "NYC FLEET / NYPD122PCT-2", "borough": "Staten Island", "community_district": 502, "type_of_charger": "Level 2 Charger" }, "geometry": { "type": "Point", "coordinates": [ -74.105888, 40.5743 ] } },
{ "type": "Feature", "properties": { "agency": "NYPD", "street": "120 E 119Th St", "station_name": "NYC FLEET / NYPD25PCT-1", "borough": "Manhattan", "community_district": 111, "type_of_charger": "Level 2 Charger" }, "geometry": { "type": "Point", "coordinates": [ -73.941025, 40.800892 ] } },
{ "type": "Feature", "properties": { "agency": "NYPD", "street": "1264 River Ave", "station_name": "NYC FLEET / NYPD44PCT-1", "borough": "Bronx", "community_district": 204, "type_of_charger": "Level 2 Charger" }, "geometry": { "type": "Point", "coordinates": [ -73.920451, 40.837181 ] } },
{ "type": "Feature", "properties": { "agency": "NYPD", "street": "2121 Eastchestr Rd", "station_name": "NYC FLEET / NYPD49PCT-1", "borough": "Bronx", "community_district": 211, "type_of_charger": "Level 2 Charger" }, "geometry": { "type": "Point", "coordinates": [ -73.843944, 40.856047 ] } },
{ "type": "Feature", "properties": { "agency": "NYPD", "street": "2927 W 8Th St", "station_name": "NYC FLEET / NYPD60PCT-1", "borough": "Brooklyn", "community_district": 313, "type_of_charger": "Level 2 Charger" }, "geometry": { "type": "Point", "coordinates": [ -73.976465, 40.576822 ] } },
{ "type": "Feature", "properties": { "agency": "NYPD", "street": "1016 Gravesend Neck Rd", "station_name": "NYC FLEET / NYPD61PCT-1", "borough": "Brooklyn", "community_district": 315, "type_of_charger": "Level 2 Charger" }, "geometry": { "type": "Point", "coordinates": [ -73.960233, 40.59445 ] } },
{ "type": "Feature", "properties": { "agency": "NYPD", "street": "830 4Th Ave", "station_name": "NYC FLEET / NYPD72PCT-1", "borough": "Brooklyn", "community_district": 307, "type_of_charger": "Level 2 Charger" }, "geometry": { "type": "Point", "coordinates": [ -74.00044, 40.65815 ] } },
{ "type": "Feature", "properties": { "agency": "NYPD", "street": "401 Thomas S Boyland St", "station_name": "NYC FLEET / NYPD73PCT-1", "borough": "Brooklyn", "community_district": 316, "type_of_charger": "Level 2 Charger" }, "geometry": { "type": "Point", "coordinates": [ -73.913955, 40.670653 ] } },
{ "type": "Feature", "properties": { "agency": "NYPD", "street": "19 1/2 Pitt St", "station_name": "NYC FLEET / NYPD7PCT-1", "borough": "Manhattan", "community_district": 103, "type_of_charger": "Level 2 Charger" }, "geometry": { "type": "Point", "coordinates": [ -73.983605, 40.716209 ] } },
{ "type": "Feature", "properties": { "agency": "NYPD", "street": "3529 College Point Blvd", "station_name": "NYC FLEET / NYPDACADEMY-S1", "borough": "Queens", "community_district": 407, "type_of_charger": "EV Solar Arc Charger" }, "geometry": { "type": "Point", "coordinates": [ -73.835496, 40.762473 ] } },
{ "type": "Feature", "properties": { "agency": "NYPD", "street": "3529 College Point Blvd", "station_name": "NYC FLEET / NYPDACADEMY-S2", "borough": "Queens", "community_district": 407, "type_of_charger": "EV Solar Arc Charger" }, "geometry": { "type": "Point", "coordinates": [ -73.835496, 40.762473 ] } },
{ "type": "Feature", "properties": { "agency": "NYPD", "street": "130-30 28Th Ave", "station_name": "NYC FLEET / NYPDACADEMY-S3", "borough": "Queens", "community_district": 407, "type_of_charger": "EV Solar Arc Charger" }, "geometry": { "type": "Point", "coordinates": [ -73.838857, 40.772829 ] } },
{ "type": "Feature", "properties": { "agency": "NYPD", "street": "130-30 28Th Ave", "station_name": "NYC FLEET / NYPDACADEMY-S4", "borough": "Queens", "community_district": 407, "type_of_charger": "EV Solar Arc Charger" }, "geometry": { "type": "Point", "coordinates": [ -73.838857, 40.772829 ] } },
{ "type": "Feature", "properties": { "agency": "NYPD", "street": "4223 Third Ave", "station_name": "NYC FLEET / NYPDBXTRAFFC-S1", "borough": "Bronx", "community_district": 206, "type_of_charger": "EV Solar Arc Charger" }, "geometry": { "type": "Point", "coordinates": [ -73.895984, 40.84707 ] } },
{ "type": "Feature", "properties": { "agency": "NYPD", "street": "4223 Third Ave", "station_name": "NYC FLEET / NYPDBXTRAFFC-S2", "borough": "Bronx", "community_district": 206, "type_of_charger": "EV Solar Arc Charger" }, "geometry": { "type": "Point", "coordinates": [ -73.895984, 40.84707 ] } },
{ "type": "Feature", "properties": { "agency": "NYPD", "street": "4223 3rd Ave", "station_name": "NYC FLEET / NYPDBXTRAFFC-S3", "borough": "Bronx", "community_district": 206, "type_of_charger": "EV Solar Arc Charger" }, "geometry": { "type": "Point", "coordinates": [ -73.895984, 40.84707 ] } },
{ "type": "Feature", "properties": { "agency": "NYPD", "street": "700 Columbia St", "station_name": "NYC FLEET / NYPDERIEBASN_S1", "borough": "Brooklyn", "community_district": 306, "type_of_charger": "EV Solar Arc Charger" }, "geometry": { "type": "Point", "coordinates": [ -74.010346, 40.667954 ] } },
{ "type": "Feature", "properties": { "agency": "NYPD", "street": "53-01 58Th St", "station_name": "NYC FLEET / NYPDFSD-CRS1A-B", "borough": "Queens", "community_district": 402, "type_of_charger": "Level 2 Charger" }, "geometry": { "type": "Point", "coordinates": [ -73.910298, 40.734205 ] } },
{ "type": "Feature", "properties": { "agency": "NYPD", "street": "1 Police Plaza Path", "station_name": "NYC FLEET / NYPDHQ_1PP_1_L3", "borough": "Manhattan", "community_district": 101, "type_of_charger": "Level 3 Fast Charger" }, "geometry": { "type": "Point", "coordinates": [ -74.000891, 40.712348 ] } },
{ "type": "Feature", "properties": { "agency": "NYPD", "street": "29 Avenue Of The Finest", "station_name": "NYC FLEET / NYPDHQ_1PP_2_L3", "borough": "Manhattan", "community_district": 101, "type_of_charger": "Level 3 Fast Charger" }, "geometry": { "type": "Point", "coordinates": [ -74.00136, 40.710369 ] } },
{ "type": "Feature", "properties": { "agency": "NYPD", "street": "1 Police Plaza Path", "station_name": "NYC FLEET / NYPDHQ_1PP_4_L3", "borough": "Manhattan", "community_district": 101, "type_of_charger": "Level 3 Fast Charger" }, "geometry": { "type": "Point", "coordinates": [ -74.000891, 40.712348 ] } },
{ "type": "Feature", "properties": { "agency": "NYPD", "street": "17 Frankfort St", "station_name": "NYC FLEET / NYPDHQ_1PP_6_L3", "borough": "Manhattan", "community_district": 101, "type_of_charger": "Level 3 Fast Charger" }, "geometry": { "type": "Point", "coordinates": [ -74.003481, 40.710932 ] } },
{ "type": "Feature", "properties": { "agency": "NYPD", "street": "1 Police Plaza", "station_name": "NYC FLEET / NYPDHQ_1PP_7_L3", "borough": "Manhattan", "community_district": 101, "type_of_charger": "Level 3 Fast Charger" }, "geometry": { "type": "Point", "coordinates": [ -74.000891, 40.712348 ] } },
{ "type": "Feature", "properties": { "agency": "NYPD", "street": "1 Police Plaza", "station_name": "NYC FLEET / NYPDHQ_1PP_8_L3", "borough": "Manhattan", "community_district": 101, "type_of_charger": "Level 3 Fast Charger" }, "geometry": { "type": "Point", "coordinates": [ -74.000891, 40.712348 ] } },
{ "type": "Feature", "properties": { "agency": "NYPD", "street": "1 Police Plaza", "station_name": "NYC FLEET / NYPDHQ_1PP_9_L3", "borough": "Manhattan", "community_district": 101, "type_of_charger": "Level 3 Fast Charger" }, "geometry": { "type": "Point", "coordinates": [ -74.000891, 40.712348 ] } },
{ "type": "Feature", "properties": { "agency": "NYPD", "street": "1 Police Plaza Path", "station_name": "NYC FLEET / NYPDHQ_1PP10_L3", "borough": "Manhattan", "community_district": 101, "type_of_charger": "Level 3 Fast Charger" }, "geometry": { "type": "Point", "coordinates": [ -74.000891, 40.712348 ] } },
{ "type": "Feature", "properties": { "agency": "NYPD", "street": "49-21 Metropolitan Ave", "station_name": "NYC FLEET / NYPDSSHOP4_1_L3", "borough": "Queens", "community_district": 405, "type_of_charger": "Level 3 Fast Charger" }, "geometry": { "type": "Point", "coordinates": [ -73.917886, 40.713639 ] } },
{ "type": "Feature", "properties": { "agency": "NYPD", "street": "669 W 158 St", "station_name": "NYC FLEET / NYPDSSHOP9_1_L3", "borough": "Manhattan", "community_district": 112, "type_of_charger": "Level 3 Fast Charger" }, "geometry": { "type": "Point", "coordinates": [ -73.947657, 40.836055 ] } },
{ "type": "Feature", "properties": { "agency": "NYPD", "street": "669 W 158 St", "station_name": "NYC FLEET / NYPDSSHOP9_2_L3", "borough": "Manhattan", "community_district": 112, "type_of_charger": "Level 3 Fast Charger" }, "geometry": { "type": "Point", "coordinates": [ -73.947657, 40.836055 ] } },
{ "type": "Feature", "properties": { "agency": "NYPD", "street": "669 W 158 St", "station_name": "NYC FLEET / NYPDSSHOP9_3_L3", "borough": "Manhattan", "community_district": 112, "type_of_charger": "Level 3 Fast Charger" }, "geometry": { "type": "Point", "coordinates": [ -73.947657, 40.836055 ] } },
{ "type": "Feature", "properties": { "agency": "NYPD", "street": "669 W 158 St", "station_name": "NYC FLEET / NYPDSSHOP9_4_L3", "borough": "Manhattan", "community_district": 112, "type_of_charger": "Level 3 Fast Charger" }, "geometry": { "type": "Point", "coordinates": [ -73.947657, 40.836055 ] } },
{ "type": "Feature", "properties": { "agency": "OCME", "street": "460 Brielle Ave", "station_name": "NYC FLEET / OCME SISEAVIEW", "borough": "Staten Island", "community_district": 502, "type_of_charger": "Level 2 Charger" }, "geometry": { "type": "Point", "coordinates": [ -74.135437, 40.593798 ] } },
{ "type": "Feature", "properties": { "agency": "OCME", "street": "421 E 26th St", "station_name": "NYC FLEET / OCME_26ST_1_L3", "borough": "Manhattan", "community_district": 106, "type_of_charger": "Level 3 Fast Charger" }, "geometry": { "type": "Point", "coordinates": [ -73.976588, 40.738575 ] } },
{ "type": "Feature", "properties": { "agency": "OCME", "street": "421 E 26th St", "station_name": "NYC FLEET / OCME_26ST_2_L3", "borough": "Manhattan", "community_district": 106, "type_of_charger": "Level 3 Fast Charger" }, "geometry": { "type": "Point", "coordinates": [ -73.976588, 40.738575 ] } },
{ "type": "Feature", "properties": { "agency": "OCME", "street": "421 E 26th St", "station_name": "NYC FLEET / OCME_26ST_S1_L3", "borough": "Manhattan", "community_district": 106, "type_of_charger": "Level 3 Fast Charger" }, "geometry": { "type": "Point", "coordinates": [ -73.976588, 40.738575 ] } },
{ "type": "Feature", "properties": { "agency": "OCME", "street": "421 E 26th St", "station_name": "NYC FLEET / OCME_26ST_S2_L3", "borough": "Manhattan", "community_district": 106, "type_of_charger": "Level 3 Fast Charger" }, "geometry": { "type": "Point", "coordinates": [ -73.976588, 40.738575 ] } },
{ "type": "Feature", "properties": { "agency": "OCME", "street": "421 E 26th St", "station_name": "NYC FLEET / OCME_26ST_S3_L3", "borough": "Manhattan", "community_district": 106, "type_of_charger": "Level 3 Fast Charger" }, "geometry": { "type": "Point", "coordinates": [ -73.976588, 40.738575 ] } },
{ "type": "Feature", "properties": { "agency": "OCME", "street": "421 E 26th St", "station_name": "NYC FLEET / OCME_26ST_S4_L3", "borough": "Manhattan", "community_district": 106, "type_of_charger": "Level 3 Fast Charger" }, "geometry": { "type": "Point", "coordinates": [ -73.976588, 40.738575 ] } },
{ "type": "Feature", "properties": { "agency": "OCME", "street": "421 E 26th St", "station_name": "NYC FLEET / OCME_26ST_S5_L3", "borough": "Manhattan", "community_district": 106, "type_of_charger": "Level 3 Fast Charger" }, "geometry": { "type": "Point", "coordinates": [ -73.976588, 40.738575 ] } },
{ "type": "Feature", "properties": { "agency": "OCME", "street": "421 E 26Th St", "station_name": "NYC FLEET / OCME_26ST-1", "borough": "Manhattan", "community_district": 106, "type_of_charger": "Level 2 Charger" }, "geometry": { "type": "Point", "coordinates": [ -73.976588, 40.738575 ] } },
{ "type": "Feature", "properties": { "agency": "OCME", "street": "599 Winthrop St", "station_name": "NYC FLEET / OCME_BKLN-1", "borough": "Brooklyn", "community_district": 309, "type_of_charger": "Level 2 Charger" }, "geometry": { "type": "Point", "coordinates": [ -73.940499, 40.657723 ] } },
{ "type": "Feature", "properties": { "agency": "OCME", "street": "160-15 82Nd Dr", "station_name": "NYC FLEET / OCME_QUEENS-1", "borough": "Queens", "community_district": 408, "type_of_charger": "Level 2 Charger" }, "geometry": { "type": "Point", "coordinates": [ -73.805825, 40.717155 ] } },
{ "type": "Feature", "properties": { "agency": "NYCEM", "street": "165 Cadman Plz E", "station_name": "NYC FLEET / OEMHQ_1_L3", "borough": "Brooklyn", "community_district": 302, "type_of_charger": "Level 3 Fast Charger" }, "geometry": { "type": "Point", "coordinates": [ -73.98987, 40.698761 ] } },
{ "type": "Feature", "properties": { "agency": "NYCEM", "street": "165 Cadman Plz E", "station_name": "NYC FLEET / OEMHQ_2_L3", "borough": "Brooklyn", "community_district": 302, "type_of_charger": "Level 3 Fast Charger" }, "geometry": { "type": "Point", "coordinates": [ -73.98987, 40.698761 ] } },
{ "type": "Feature", "properties": { "agency": "NYCEM", "street": "42 Red Cross Pl", "station_name": "NYC FLEET / OEMHQARC-S1", "borough": "Brooklyn", "community_district": 302, "type_of_charger": "EV Solar Arc Charger" }, "geometry": { "type": "Point", "coordinates": [ -73.989556, 40.699502 ] } },
{ "type": "Feature", "properties": { "agency": "NYCEM", "street": "42 Red Cross Pl", "station_name": "NYC FLEET / OEMHQARC-S2", "borough": "Brooklyn", "community_district": 302, "type_of_charger": "EV Solar Arc Charger" }, "geometry": { "type": "Point", "coordinates": [ -73.989556, 40.699502 ] } },
{ "type": "Feature", "properties": { "agency": "NYCEM", "street": "165 Cadman Plaza E", "station_name": "NYC FLEET / OEMHQARC-S3", "borough": "Brooklyn", "community_district": 302, "type_of_charger": "EV Solar Arc Charger" }, "geometry": { "type": "Point", "coordinates": [ -73.98987, 40.698761 ] } },
{ "type": "Feature", "properties": { "agency": "NYCEM", "street": "165 Cadman Plaza E", "station_name": "NYC FLEET / OEMHQARC-S4", "borough": "Brooklyn", "community_district": 302, "type_of_charger": "EV Solar Arc Charger" }, "geometry": { "type": "Point", "coordinates": [ -73.98987, 40.698761 ] } },
{ "type": "Feature", "properties": { "agency": "NYCEM", "street": "165 Cadman Plaza E", "station_name": "NYC FLEET / OEMHQCADMAN-1", "borough": "Brooklyn", "community_district": 302, "type_of_charger": "Level 2 Charger" }, "geometry": { "type": "Point", "coordinates": [ -73.98987, 40.698761 ] } },
{ "type": "Feature", "properties": { "agency": "NYCEM", "street": "165 Cadman Plaza E", "station_name": "NYC FLEET / OEMHQCADMAN-10", "borough": "Brooklyn", "community_district": 302, "type_of_charger": "Level 2 Charger" }, "geometry": { "type": "Point", "coordinates": [ -73.98987, 40.698761 ] } },
{ "type": "Feature", "properties": { "agency": "NYCEM", "street": "165 Cadman Plaza E", "station_name": "NYC FLEET / OEMHQCADMAN-12", "borough": "Brooklyn", "community_district": 302, "type_of_charger": "Level 2 Charger" }, "geometry": { "type": "Point", "coordinates": [ -73.98987, 40.698761 ] } },
{ "type": "Feature", "properties": { "agency": "NYCEM", "street": "165 Cadman Plaza E", "station_name": "NYC FLEET / OEMHQCADMAN-2", "borough": "Brooklyn", "community_district": 302, "type_of_charger": "Level 2 Charger" }, "geometry": { "type": "Point", "coordinates": [ -73.98987, 40.698761 ] } },
{ "type": "Feature", "properties": { "agency": "NYCEM", "street": "165 Cadman Plaza E", "station_name": "NYC FLEET / OEMHQCADMAN-3", "borough": "Brooklyn", "community_district": 302, "type_of_charger": "Level 2 Charger" }, "geometry": { "type": "Point", "coordinates": [ -73.98987, 40.698761 ] } },
{ "type": "Feature", "properties": { "agency": "NYCEM", "street": "165 Cadman Plaza E", "station_name": "NYC FLEET / OEMHQCADMAN-4", "borough": "Brooklyn", "community_district": 302, "type_of_charger": "Level 2 Charger" }, "geometry": { "type": "Point", "coordinates": [ -73.98987, 40.698761 ] } },
{ "type": "Feature", "properties": { "agency": "NYCEM", "street": "165 Cadman Plaza E", "station_name": "NYC FLEET / OEMHQCADMAN-6", "borough": "Brooklyn", "community_district": 302, "type_of_charger": "Level 2 Charger" }, "geometry": { "type": "Point", "coordinates": [ -73.98987, 40.698761 ] } },
{ "type": "Feature", "properties": { "agency": "NYCEM", "street": "930 Flushing Ave", "station_name": "NYC FLEET / OEMWAREHSE_1_L3", "borough": "Brooklyn", "community_district": 304, "type_of_charger": "Level 3 Fast Charger" }, "geometry": { "type": "Point", "coordinates": [ -73.934382, 40.702555 ] } },
{ "type": "Feature", "properties": { "agency": "NYCEM", "street": "930 Flushing Ave", "station_name": "NYC FLEET / OEMWAREHSE_2_L3", "borough": "Brooklyn", "community_district": 304, "type_of_charger": "Level 3 Fast Charger" }, "geometry": { "type": "Point", "coordinates": [ -73.934382, 40.702555 ] } },
{ "type": "Feature", "properties": { "agency": "PROB", "street": "340 Bay St", "station_name": "NYC FLEET / PROB_340BAYST", "borough": "Staten Island", "community_district": 501, "type_of_charger": "Level 2 Charger" }, "geometry": { "type": "Point", "coordinates": [ -74.075159, 40.63368 ] } },
{ "type": "Feature", "properties": { "agency": "TLC", "street": "3189 123rd St", "station_name": "NYCTLC / TLC 1", "borough": "Queens", "community_district": 407, "type_of_charger": "Level 2 Charger" }, "geometry": { "type": "Point", "coordinates": [ -73.845753, 40.768295 ] } },
{ "type": "Feature", "properties": { "agency": "TLC", "street": "3189 123rd St", "station_name": "NYCTLC / TLC 10", "borough": "Queens", "community_district": 407, "type_of_charger": "Level 2 Charger" }, "geometry": { "type": "Point", "coordinates": [ -73.845753, 40.768295 ] } },
{ "type": "Feature", "properties": { "agency": "TLC", "street": "3189 123rd St", "station_name": "NYCTLC / TLC 11", "borough": "Queens", "community_district": 407, "type_of_charger": "Level 2 Charger" }, "geometry": { "type": "Point", "coordinates": [ -73.845753, 40.768295 ] } },
{ "type": "Feature", "properties": { "agency": "TLC", "street": "3189 123rd St", "station_name": "NYCTLC / TLC 12", "borough": "Queens", "community_district": 407, "type_of_charger": "Level 2 Charger" }, "geometry": { "type": "Point", "coordinates": [ -73.845753, 40.768295 ] } },
{ "type": "Feature", "properties": { "agency": "TLC", "street": "3189 123rd St", "station_name": "NYCTLC / TLC 2", "borough": "Queens", "community_district": 407, "type_of_charger": "Level 2 Charger" }, "geometry": { "type": "Point", "coordinates": [ -73.845753, 40.768295 ] } },
{ "type": "Feature", "properties": { "agency": "TLC", "street": "3189 123rd St", "station_name": "NYCTLC / TLC 3", "borough": "Queens", "community_district": 407, "type_of_charger": "Level 2 Charger" }, "geometry": { "type": "Point", "coordinates": [ -73.845753, 40.768295 ] } },
{ "type": "Feature", "properties": { "agency": "TLC", "street": "31-89 123rd St", "station_name": "NYCTLC / TLC 4", "borough": "Queens", "community_district": 407, "type_of_charger": "Level 2 Charger" }, "geometry": { "type": "Point", "coordinates": [ -73.845753, 40.768295 ] } },
{ "type": "Feature", "properties": { "agency": "TLC", "street": "31-89 123rd St", "station_name": "NYCTLC / TLC 5", "borough": "Queens", "community_district": 407, "type_of_charger": "Level 2 Charger" }, "geometry": { "type": "Point", "coordinates": [ -73.845753, 40.768295 ] } },
{ "type": "Feature", "properties": { "agency": "TLC", "street": "31-89 123rd St", "station_name": "NYCTLC / TLC 6", "borough": "Queens", "community_district": 407, "type_of_charger": "Level 2 Charger" }, "geometry": { "type": "Point", "coordinates": [ -73.845753, 40.768295 ] } },
{ "type": "Feature", "properties": { "agency": "TLC", "street": "31-89 123rd St", "station_name": "NYCTLC / TLC 7", "borough": "Queens", "community_district": 407, "type_of_charger": "Level 2 Charger" }, "geometry": { "type": "Point", "coordinates": [ -73.845753, 40.768295 ] } },
{ "type": "Feature", "properties": { "agency": "TLC", "street": "31-89 123rd St", "station_name": "NYCTLC / TLC 8", "borough": "Queens", "community_district": 407, "type_of_charger": "Level 2 Charger" }, "geometry": { "type": "Point", "coordinates": [ -73.845753, 40.768295 ] } },
{ "type": "Feature", "properties": { "agency": "TLC", "street": "3189 123rd St", "station_name": "NYCTLC / TLC 9", "borough": "Queens", "community_district": 407, "type_of_charger": "Level 2 Charger" }, "geometry": { "type": "Point", "coordinates": [ -73.845753, 40.768295 ] } },
{ "type": "Feature", "properties": { "agency": "DSNY", "street": "800 East 176th Street", "station_name": "NYC FLEET / DSNY_BX06-DCFC1", "borough": "Bronx", "community_district": 206, "type_of_charger": "Level 3 Fast Charger" }, "geometry": { "type": "Point", "coordinates": [ -73.889504, 40.842053 ] } },
{ "type": "Feature", "properties": { "agency": "DSNY", "street": "52-35 58th Street", "station_name": "DSNY_CLIPPER_BETTSENG-1", "borough": "Queens", "community_district": 402, "type_of_charger": "Level 2 Charger" }, "geometry": { "type": "Point", "coordinates": [ -73.909957, 40.734883 ] } },
{ "type": "Feature", "properties": { "agency": "DSNY", "street": "52-35 58th Street", "station_name": "DSNY_CLIPPER_BETTSENG-2", "borough": "Queens", "community_district": 402, "type_of_charger": "Level 2 Charger" }, "geometry": { "type": "Point", "coordinates": [ -73.909957, 40.734883 ] } },
{ "type": "Feature", "properties": { "agency": "DSNY", "street": "52-35 58th Street", "station_name": "DSNY_CLIPPER_BETTSEXT-1", "borough": "Queens", "community_district": 402, "type_of_charger": "Level 2 Charger" }, "geometry": { "type": "Point", "coordinates": [ -73.909957, 40.734883 ] } },
{ "type": "Feature", "properties": { "agency": "DSNY", "street": "161 Varick Avenue", "station_name": "DSNY_CLIPPER_BK04-3", "borough": "Brooklyn", "community_district": 301, "type_of_charger": "Level 2 Charger" }, "geometry": { "type": "Point", "coordinates": [ -73.928548, 40.711118 ] } },
{ "type": "Feature", "properties": { "agency": "DSNY", "street": "606 Milford Street", "station_name": "DSNY_CLIPPER_BK05-2", "borough": "Brooklyn", "community_district": 305, "type_of_charger": "Level 2 Charger" }, "geometry": { "type": "Point", "coordinates": [ -73.8697, 40.660832 ] } },
{ "type": "Feature", "properties": { "agency": "DSNY", "street": "606 Milford Street", "station_name": "DSNY_CLIPPER_BK05-3", "borough": "Brooklyn", "community_district": 305, "type_of_charger": "Level 2 Charger" }, "geometry": { "type": "Point", "coordinates": [ -73.8697, 40.660832 ] } },
{ "type": "Feature", "properties": { "agency": "DSNY", "street": "5602 19th Ave", "station_name": "DSNY_CLIPPER_BK12-1", "borough": "Brooklyn", "community_district": 312, "type_of_charger": "Level 2 Charger" }, "geometry": { "type": "Point", "coordinates": [ -73.982824, 40.622889 ] } },
{ "type": "Feature", "properties": { "agency": "DSNY", "street": "803 Forbell St", "station_name": "DSNY_CLIPPER_BKLCU-2", "borough": "Brooklyn", "community_district": 305, "type_of_charger": "Level 2 Charger" }, "geometry": { "type": "Point", "coordinates": [ -73.860612, 40.664595 ] } },
{ "type": "Feature", "properties": { "agency": "DSNY", "street": "803 Forbell St", "station_name": "DSNY_CLIPPER_BKLCU-3", "borough": "Brooklyn", "community_district": 305, "type_of_charger": "Level 2 Charger" }, "geometry": { "type": "Point", "coordinates": [ -73.860612, 40.664595 ] } },
{ "type": "Feature", "properties": { "agency": "DSNY", "street": "2383 Blackrock Ave", "station_name": "DSNY_CLIPPER_BLACKROCK-1", "borough": "Bronx", "community_district": 209, "type_of_charger": "Level 2 Charger" }, "geometry": { "type": "Point", "coordinates": [ -73.844707, 40.829823 ] } },
{ "type": "Feature", "properties": { "agency": "DSNY", "street": "2383 Blackrock Ave", "station_name": "DSNY_CLIPPER_BLACKROCK-2", "borough": "Bronx", "community_district": 209, "type_of_charger": "Level 2 Charger" }, "geometry": { "type": "Point", "coordinates": [ -73.844707, 40.829823 ] } },
{ "type": "Feature", "properties": { "agency": "DSNY", "street": "2383 Blackrock Ave", "station_name": "DSNY_CLIPPER_BLACKROCK-3", "borough": "Bronx", "community_district": 209, "type_of_charger": "Level 2 Charger" }, "geometry": { "type": "Point", "coordinates": [ -73.844707, 40.829823 ] } },
{ "type": "Feature", "properties": { "agency": "DSNY", "street": "2383 Blackrock Ave", "station_name": "DSNY_CLIPPER_BLACKROCK-4", "borough": "Bronx", "community_district": 209, "type_of_charger": "Level 2 Charger" }, "geometry": { "type": "Point", "coordinates": [ -73.844707, 40.829823 ] } },
{ "type": "Feature", "properties": { "agency": "DSNY", "street": "52-35 58th Street", "station_name": "DSNY_CLIPPER_CRSBBMEXEC-1", "borough": "Queens", "community_district": 402, "type_of_charger": "Level 2 Charger" }, "geometry": { "type": "Point", "coordinates": [ -73.909957, 40.734883 ] } },
{ "type": "Feature", "properties": { "agency": "DSNY", "street": "52-35 58th Street", "station_name": "DSNY_CLIPPER_CRSBBMEXEC-2", "borough": "Queens", "community_district": 402, "type_of_charger": "Level 2 Charger" }, "geometry": { "type": "Point", "coordinates": [ -73.909957, 40.734883 ] } },
{ "type": "Feature", "properties": { "agency": "DSNY", "street": "52-35 58th Street", "station_name": "DSNY_CLIPPER_CRSBIT", "borough": "Queens", "community_district": 402, "type_of_charger": "Level 2 Charger" }, "geometry": { "type": "Point", "coordinates": [ -73.909957, 40.734883 ] } },
{ "type": "Feature", "properties": { "agency": "DSNY", "street": "1000 West Service Rd", "station_name": "DSNY_CLIPPER_FK-SWMTENT", "borough": "Staten Island", "community_district": 503, "type_of_charger": "Level 2 Charger" }, "geometry": { "type": "Point", "coordinates": [ -74.195327, 40.571144 ] } },
{ "type": "Feature", "properties": { "agency": "DSNY", "street": "1000 West Service Rd", "station_name": "DSNY_CLIPPER_FRSHKLLSBBM-1", "borough": "Staten Island", "community_district": 503, "type_of_charger": "Level 2 Charger" }, "geometry": { "type": "Point", "coordinates": [ -74.195327, 40.571144 ] } },
{ "type": "Feature", "properties": { "agency": "DSNY", "street": "217 E 127th St", "station_name": "DSNY_CLIPPER_MN11-4", "borough": "Manhattan", "community_district": 111, "type_of_charger": "Level 2 Charger" }, "geometry": { "type": "Point", "coordinates": [ -73.934281, 40.804756 ] } },
{ "type": "Feature", "properties": { "agency": "DSNY", "street": "130-23 150th Ave", "station_name": "DSNY_CLIPPER_Q08-1", "borough": "Queens", "community_district": 410, "type_of_charger": "Level 2 Charger" }, "geometry": { "type": "Point", "coordinates": [ -73.810159, 40.664778 ] } },
{ "type": "Feature", "properties": { "agency": "DSNY", "street": "130-23 150th Ave", "station_name": "DSNY_CLIPPER_Q08-2", "borough": "Queens", "community_district": 410, "type_of_charger": "Level 2 Charger" }, "geometry": { "type": "Point", "coordinates": [ -73.810159, 40.664778 ] } },
{ "type": "Feature", "properties": { "agency": "DSNY", "street": "130-23 150th Ave", "station_name": "DSNY_CLIPPER_Q12-1", "borough": "Queens", "community_district": 410, "type_of_charger": "Level 2 Charger" }, "geometry": { "type": "Point", "coordinates": [ -73.810159, 40.664778 ] } },
{ "type": "Feature", "properties": { "agency": "DSNY", "street": "130-23 150th Ave", "station_name": "DSNY_CLIPPER_Q12-2", "borough": "Queens", "community_district": 410, "type_of_charger": "Level 2 Charger" }, "geometry": { "type": "Point", "coordinates": [ -73.810159, 40.664778 ] } },
{ "type": "Feature", "properties": { "agency": "DSNY", "street": "48-01 58th Rd.", "station_name": "DSNY_CLIPPER_Q5A-1", "borough": "Queens", "community_district": 405, "type_of_charger": "Level 2 Charger" }, "geometry": { "type": "Point", "coordinates": [ -73.922845, 40.720249 ] } },
{ "type": "Feature", "properties": { "agency": "DSNY", "street": "1000 West Service Rd", "station_name": "DSNY_CLIPPER_SI3_TRAILER-1", "borough": "Staten Island", "community_district": 503, "type_of_charger": "Level 2 Charger" }, "geometry": { "type": "Point", "coordinates": [ -74.195327, 40.571144 ] } },
{ "type": "Feature", "properties": { "agency": "DSNY", "street": "52-35 58th Street", "station_name": "DSNY_ENPHASE_CRSBBMSCORRIDOR-1", "borough": "Queens", "community_district": 402, "type_of_charger": "Level 2 Charger" }, "geometry": { "type": "Point", "coordinates": [ -73.909957, 40.734883 ] } },
{ "type": "Feature", "properties": { "agency": "DSNY", "street": "52-35 58th Street", "station_name": "DSNY_ENPHASE_CRSBBMSCORRIDOR-2", "borough": "Queens", "community_district": 402, "type_of_charger": "Level 2 Charger" }, "geometry": { "type": "Point", "coordinates": [ -73.909957, 40.734883 ] } },
{ "type": "Feature", "properties": { "agency": "DSNY", "street": "52-35 58th Street", "station_name": "DSNY_ENPHASE_CRSBBMSCORRIDOR-3", "borough": "Queens", "community_district": 402, "type_of_charger": "Level 2 Charger" }, "geometry": { "type": "Point", "coordinates": [ -73.909957, 40.734883 ] } },
{ "type": "Feature", "properties": { "agency": "DSNY", "street": "52-35 58th Street", "station_name": "DSNY_ENPHASE_CRSBBMSCORRIDOR-4", "borough": "Queens", "community_district": 402, "type_of_charger": "Level 2 Charger" }, "geometry": { "type": "Point", "coordinates": [ -73.909957, 40.734883 ] } },
{ "type": "Feature", "properties": { "agency": "DSNY", "street": "52-35 58th Street", "station_name": "DSNY_ENPHASE_CRSBBMSCORRIDOR-5", "borough": "Queens", "community_district": 402, "type_of_charger": "Level 2 Charger" }, "geometry": { "type": "Point", "coordinates": [ -73.909957, 40.734883 ] } },
{ "type": "Feature", "properties": { "agency": "DSNY", "street": "48-01 58th Rd", "station_name": "DSNY_ENPHASE_Q05A-1", "borough": "Queens", "community_district": 405, "type_of_charger": "Level 2 Charger" }, "geometry": { "type": "Point", "coordinates": [ -73.922845, 40.720249 ] } },
{ "type": "Feature", "properties": { "agency": "DSNY", "street": "48-01 58th Rd", "station_name": "DSNY_ENPHASE_Q05A-2", "borough": "Queens", "community_district": 405, "type_of_charger": "Level 2 Charger" }, "geometry": { "type": "Point", "coordinates": [ -73.922845, 40.720249 ] } },
{ "type": "Feature", "properties": { "agency": "DSNY", "street": "48-01 58th Rd", "station_name": "DSNY_ENPHASE_Q05A-3", "borough": "Queens", "community_district": 405, "type_of_charger": "Level 2 Charger" }, "geometry": { "type": "Point", "coordinates": [ -73.922845, 40.720249 ] } },
{ "type": "Feature", "properties": { "agency": "DSNY", "street": "48-01 58th Rd", "station_name": "DSNY_ENPHASE_Q05A-4", "borough": "Queens", "community_district": 405, "type_of_charger": "Level 2 Charger" }, "geometry": { "type": "Point", "coordinates": [ -73.922845, 40.720249 ] } },
{ "type": "Feature", "properties": { "agency": "DSNY", "street": "48-01 58th Rd", "station_name": "DSNY_ENPHASE_Q05A-5", "borough": "Queens", "community_district": 405, "type_of_charger": "Level 2 Charger" }, "geometry": { "type": "Point", "coordinates": [ -73.922845, 40.720249 ] } },
{ "type": "Feature", "properties": { "agency": "DSNY", "street": "48-01 58th Rd", "station_name": "DSNY_ENPHASE_Q05A-6", "borough": "Queens", "community_district": 405, "type_of_charger": "Level 2 Charger" }, "geometry": { "type": "Point", "coordinates": [ -73.922845, 40.720249 ] } },
{ "type": "Feature", "properties": { "agency": "DSNY", "street": "48-01 58th Rd", "station_name": "DSNY_ENPHASE_Q05A-7", "borough": "Queens", "community_district": 405, "type_of_charger": "Level 2 Charger" }, "geometry": { "type": "Point", "coordinates": [ -73.922845, 40.720249 ] } },
{ "type": "Feature", "properties": { "agency": "NYCEM", "street": "930 Flushing Ave", "station_name": "NYCEM LC", "borough": "Brooklyn", "community_district": 304, "type_of_charger": "Level 2 Charger" }, "geometry": { "type": "Point", "coordinates": [ -73.934382, 40.702555 ] } },
{ "type": "Feature", "properties": { "agency": "NYCEM", "street": "1 Muldoon Ave", "station_name": "NYCEM_FRESHKILLS_FORDPRO", "borough": "Staten Island", "community_district": 503, "type_of_charger": "Level 2 Charger" }, "geometry": { "type": "Point", "coordinates": [ -74.196743, 40.575374 ] } },
{ "type": "Feature", "properties": { "agency": "OTI", "street": "15 Metrotech", "station_name": "OTI_15METROTECH_FORDPRO", "borough": "Brooklyn", "community_district": 302, "type_of_charger": "Level 2 Charger" }, "geometry": { "type": "Point", "coordinates": [ -73.984786, 40.693707 ] } },
{ "type": "Feature", "properties": { "agency": "OTI", "street": "2 Metrotech", "station_name": "OTI_2METROTECH_FORDPRO", "borough": "Brooklyn", "community_district": 302, "type_of_charger": "Level 2 Charger" }, "geometry": { "type": "Point", "coordinates": [ -73.985695, 40.693727 ] } },
{ "type": "Feature", "properties": { "agency": "QPL", "street": "89-11 Merrick Blvd", "station_name": "QPLCENTRAL_FORDPRO", "borough": "Queens", "community_district": 412, "type_of_charger": "Level 2 Charger" }, "geometry": { "type": "Point", "coordinates": [ -73.795295, 40.707865 ] } },
{ "type": "Feature", "properties": { "agency": "QPL", "street": "79-50 Bell Blvd", "station_name": "QPLWINDSORPK-1_FORDPRO", "borough": "Queens", "community_district": 411, "type_of_charger": "Level 2 Charger" }, "geometry": { "type": "Point", "coordinates": [ -73.755509, 40.734936 ] } },
{ "type": "Feature", "properties": { "agency": "DCAS", "street": "6626 Metropolitan Ave", "station_name": "DCAS_FORDPRO_CSH1", "borough": "Queens", "community_district": 405, "type_of_charger": "Level 2 Charger" }, "geometry": { "type": "Point", "coordinates": [ -73.892143, 40.712377 ] } },
{ "type": "Feature", "properties": { "agency": "DCAS", "street": "6626 Metropolitan Ave", "station_name": "DCAS_FORDPRO_CSH2", "borough": "Queens", "community_district": 405, "type_of_charger": "Level 2 Charger" }, "geometry": { "type": "Point", "coordinates": [ -73.892143, 40.712377 ] } },
{ "type": "Feature", "properties": { "agency": "DHS", "street": "175-10 88 Avenue", "station_name": "DHS_JAMAICA_FORDPRO-1", "borough": "Queens", "community_district": 412, "type_of_charger": "Level 2 Charger" }, "geometry": { "type": "Point", "coordinates": [ -73.787032, 40.711075 ] } },
{ "type": "Feature", "properties": { "agency": "DHS", "street": "175-10 88 Avenue", "station_name": "DHS_JAMAICA_FORDPRO-2", "borough": "Queens", "community_district": 412, "type_of_charger": "Level 2 Charger" }, "geometry": { "type": "Point", "coordinates": [ -73.787032, 40.711075 ] } },
{ "type": "Feature", "properties": { "agency": "DHS", "street": "175-10 88 Avenue", "station_name": "DHS_JAMAICA_FORDPRO-3", "borough": "Queens", "community_district": 412, "type_of_charger": "Level 2 Charger" }, "geometry": { "type": "Point", "coordinates": [ -73.787032, 40.711075 ] } },
{ "type": "Feature", "properties": { "agency": "DOH", "street": "56-17 56th Dr.", "station_name": "DOH 56 DRIVE NISSAN", "borough": "Queens", "community_district": 402, "type_of_charger": "Level 2 Charger" }, "geometry": { "type": "Point", "coordinates": [ -73.914492, 40.72441 ] } },
{ "type": "Feature", "properties": { "agency": "DOH", "street": "455 1st Ave.", "station_name": "DOH BELLEVUE NISSAN 1", "borough": "Manhattan", "community_district": 106, "type_of_charger": "Level 2 Charger" }, "geometry": { "type": "Point", "coordinates": [ -73.976894, 40.739162 ] } },
{ "type": "Feature", "properties": { "agency": "DOH", "street": "455 1st Ave.", "station_name": "DOH BELLEVUE NISSAN 2", "borough": "Manhattan", "community_district": 106, "type_of_charger": "Level 2 Charger" }, "geometry": { "type": "Point", "coordinates": [ -73.976894, 40.739162 ] } },
{ "type": "Feature", "properties": { "agency": "DPR", "street": "21 Slosson Ave", "station_name": "NYC FLEET / DPRSISHOPS#1#2", "borough": "Staten Island", "community_district": 501, "type_of_charger": "Level 2 Charger" }, "geometry": { "type": "Point", "coordinates": [ -74.119394, 40.62089 ] } },
{ "type": "Feature", "properties": { "agency": "FDNY", "street": "266 Rockaway Ave", "station_name": "NYC FLEET / FDNY_EMS44-1", "borough": "Brooklyn", "community_district": 316, "type_of_charger": "Level 2 Charger" }, "geometry": { "type": "Point", "coordinates": [ -73.91115, 40.674096 ] } },
{ "type": "Feature", "properties": { "agency": "HRA", "street": "2440 Fulton Street", "station_name": "NYC FLEET / HRA_BKFLTN_1_L3", "borough": "Brooklyn", "community_district": 316, "type_of_charger": "Level 3 Fast Charger" }, "geometry": { "type": "Point", "coordinates": [ -73.903473, 40.677869 ] } },
{ "type": "Feature", "properties": { "agency": "DEP", "street": "930 Zerega Avenue", "station_name": "NYC FLEET / DEP_ZEREGA_6_L3", "borough": "Bronx", "community_district": 209, "type_of_charger": "Level 3 Fast Charger" }, "geometry": { "type": "Point", "coordinates": [ -73.843596, 40.827109 ] } },
{ "type": "Feature", "properties": { "agency": "DSNY", "street": "850 Zerega Ave", "station_name": "DSNY_ENPHASE_BX09-1", "borough": "Bronx", "community_district": 209, "type_of_charger": "Level 2 Charger" }, "geometry": { "type": "Point", "coordinates": [ -73.843139, 40.825144 ] } },
{ "type": "Feature", "properties": { "agency": "DEP", "street": "43-01 Berrian Blvd", "station_name": "DEP_BOWERYBAY_FORDPRO-1", "borough": "Queens", "community_district": 401, "type_of_charger": "Level 2 Charger" }, "geometry": { "type": "Point", "coordinates": [ -73.894593, 40.778421 ] } },
{ "type": "Feature", "properties": { "agency": "DEP", "street": "930 Zerega Avenue", "station_name": "NYC FLEET / DEP_ZEREGA-4", "borough": "Bronx", "community_district": 209, "type_of_charger": "Level 2 Charger" }, "geometry": { "type": "Point", "coordinates": [ -73.843596, 40.827109 ] } },
{ "type": "Feature", "properties": { "agency": "DSNY", "street": "58-73 53rd Ave", "station_name": "DSNY_ENPHASE_BETTSENG-1", "borough": "Queens", "community_district": 402, "type_of_charger": "Level 2 Charger" }, "geometry": { "type": "Point", "coordinates": [ -73.909403, 40.734136 ] } },
{ "type": "Feature", "properties": { "agency": "FDNY", "street": "1592 Richmond Road", "station_name": "NYC FLEET / FDNY_E159_1_L3", "borough": "Staten Island", "community_district": 502, "type_of_charger": "Level 3 Fast Charger" }, "geometry": { "type": "Point", "coordinates": [ -74.100895, 40.590935 ] } },
{ "type": "Feature", "properties": { "agency": "HRA", "street": "2440 Fulton St", "station_name": "NYC FLEET / HRA_BKFLTN_2_L3", "borough": "Brooklyn", "community_district": 316, "type_of_charger": "Level 3 Fast Charger" }, "geometry": { "type": "Point", "coordinates": [ -73.903473, 40.677869 ] } },
{ "type": "Feature", "properties": { "agency": "DPR", "street": "21 Slosson Ave", "station_name": "NYC FLEET / DPRSIFRSTRY9&10", "borough": "Staten Island", "community_district": 501, "type_of_charger": "Level 2 Charger" }, "geometry": { "type": "Point", "coordinates": [ -74.119394, 40.62089 ] } },
{ "type": "Feature", "properties": { "agency": "DPR", "street": "1-09 Beach 30th St", "station_name": "NYC FLEET / DPRROCKAWAY30B", "borough": "Queens", "community_district": 414, "type_of_charger": "EV Solar Arc Charger" }, "geometry": { "type": "Point", "coordinates": [ -73.762539, 40.593116 ] } },
{ "type": "Feature", "properties": { "agency": "DOE", "street": "86-35 235th Ct", "station_name": "NYC FLEET / DOE_Q018-RIGHT", "borough": "Queens", "community_district": 413, "type_of_charger": "Level 2 Charger" }, "geometry": { "type": "Point", "coordinates": [ -73.73246, 40.732112 ] } },
{ "type": "Feature", "properties": { "agency": "DPR", "street": "21 Slosson Ave", "station_name": "NYC FLEET / DPRSIFRSTRY#7#8", "borough": "Staten Island", "community_district": 501, "type_of_charger": "Level 2 Charger" }, "geometry": { "type": "Point", "coordinates": [ -74.119394, 40.62089 ] } },
{ "type": "Feature", "properties": { "agency": "DEP", "street": "930 Zerega Avenue", "station_name": "NYC FLEET / DEP_ZEREGA-5", "borough": "Bronx", "community_district": 209, "type_of_charger": "Level 2 Charger" }, "geometry": { "type": "Point", "coordinates": [ -73.843596, 40.827109 ] } },
{ "type": "Feature", "properties": { "agency": "DOT", "street": "8501 5th Ave", "station_name": "DOT BAY RIDGE LOT", "borough": "Brooklyn", "community_district": 310, "type_of_charger": "DOT Municipal Level 2 Charger" }, "geometry": { "type": "Point", "coordinates": [ -74.025734, 40.622039 ] } },
{ "type": "Feature", "properties": { "agency": "DSNY", "street": "48-01 58th Rd", "station_name": "DSNY_Q5A_FORDPRO", "borough": "Queens", "community_district": 405, "type_of_charger": "Level 2 Charger" }, "geometry": { "type": "Point", "coordinates": [ -73.922845, 40.720249 ] } },
{ "type": "Feature", "properties": { "agency": "DEP", "street": "43-01 Berrian Blvd", "station_name": "DEP_BOWERYBAY_FORDPRO-2", "borough": "Queens", "community_district": 401, "type_of_charger": "Level 2 Charger" }, "geometry": { "type": "Point", "coordinates": [ -73.894593, 40.778421 ] } },
{ "type": "Feature", "properties": { "agency": "DOC", "street": "11-15 Hazen St", "station_name": "NYC FLEET / DOC_SLRCANOPY5", "borough": "Bronx", "community_district": 401, "type_of_charger": "EV Solar Canopy Charger" }, "geometry": { "type": "Point", "coordinates": [ -73.884135, 40.793737 ] } },
{ "type": "Feature", "properties": { "agency": "DPR", "street": "3808 Victory Boulevard", "station_name": "NYC FLEET / DPR_NATIVEPLA-1", "borough": "Staten Island", "community_district": 502, "type_of_charger": "Level 2 Charger" }, "geometry": { "type": "Point", "coordinates": [ -74.182514, 40.596755 ] } },
{ "type": "Feature", "properties": { "agency": "HRA", "street": "2440 Fulton St", "station_name": "NYC FLEET / HRA_BKFLTN_3_L3", "borough": "Brooklyn", "community_district": 316, "type_of_charger": "Level 3 Fast Charger" }, "geometry": { "type": "Point", "coordinates": [ -73.903473, 40.677869 ] } },
{ "type": "Feature", "properties": { "agency": "DEP", "street": "127-17 92nd Ave", "station_name": "NYC FLEET / DEP_RMD-1", "borough": "Queens", "community_district": 409, "type_of_charger": "Level 2 Charger" }, "geometry": { "type": "Point", "coordinates": [ -73.821682, 40.697353 ] } },
{ "type": "Feature", "properties": { "agency": "DOE", "street": "41-77 Little Neck Pkwy", "station_name": "NYC FLEET / DOE_Q094-1", "borough": "Queens", "community_district": 411, "type_of_charger": "Level 2 Charger" }, "geometry": { "type": "Point", "coordinates": [ -73.739252, 40.771186 ] } },
{ "type": "Feature", "properties": { "agency": "DOC", "street": "10- 10 Hazen St", "station_name": "NYC FLEET / DOC_EMTC-1", "borough": "Bronx", "community_district": 401, "type_of_charger": "Level 2 Charger" }, "geometry": { "type": "Point", "coordinates": [ -73.884161, 40.793474 ] } },
{ "type": "Feature", "properties": { "agency": "DOT", "street": "2478 Jerome Avenue", "station_name": "DOT LOT 190 ST LOT", "borough": "Bronx", "community_district": 207, "type_of_charger": "DOT Municipal Level 2 Charger" }, "geometry": { "type": "Point", "coordinates": [ -73.90068, 40.863249 ] } },
{ "type": "Feature", "properties": { "agency": "DPR", "street": "25 Slosson Ave", "station_name": "NYC FLEET / DPR_SISHOPS3&4", "borough": "Staten Island", "community_district": 501, "type_of_charger": "Level 2 Charger" }, "geometry": { "type": "Point", "coordinates": [ -74.119351, 40.620778 ] } },
{ "type": "Feature", "properties": { "agency": "DOT", "street": "3510 Jerome Avenue", "station_name": "DOT GUN HILL RD LOT", "borough": "Bronx", "community_district": 207, "type_of_charger": "DOT Municipal Level 2 Charger" }, "geometry": { "type": "Point", "coordinates": [ -73.880887, 40.88316 ] } },
{ "type": "Feature", "properties": { "agency": "DEP", "street": "930 Zerega Avenue", "station_name": "NYC FLEET / DEP_ZEREGA_2_L3", "borough": "Bronx", "community_district": 209, "type_of_charger": "Level 3 Fast Charger" }, "geometry": { "type": "Point", "coordinates": [ -73.843596, 40.827109 ] } },
{ "type": "Feature", "properties": { "agency": "DOT", "street": "141-22 Brookville Blvd", "station_name": "DOT_Brookville_FORDPRO_1", "borough": "Queens", "community_district": 413, "type_of_charger": "Level 2 Charger" }, "geometry": { "type": "Point", "coordinates": [ -73.740159, 40.664556 ] } },
{ "type": "Feature", "properties": { "agency": "DOC", "street": "11-15 Hazen St", "station_name": "NYC FLEET / DOC_SLRCANOPY6", "borough": "Bronx", "community_district": 401, "type_of_charger": "EV Solar Canopy Charger" }, "geometry": { "type": "Point", "coordinates": [ -73.884135, 40.793737 ] } },
{ "type": "Feature", "properties": { "agency": "NYPD", "street": "451 West 151st Street", "station_name": "NYC FLEET / NYPD_30PCT_1_L3", "borough": "Manhattan", "community_district": 109, "type_of_charger": "Level 3 Fast Charger" }, "geometry": { "type": "Point", "coordinates": [ -73.943847, 40.828615 ] } },
{ "type": "Feature", "properties": { "agency": "DEP", "street": "930 Zerega Avenue", "station_name": "NYC FLEET / DEP_ZEREGA-6", "borough": "Bronx", "community_district": 209, "type_of_charger": "Level 2 Charger" }, "geometry": { "type": "Point", "coordinates": [ -73.843596, 40.827109 ] } },
{ "type": "Feature", "properties": { "agency": "DOT", "street": "105-113 Essex Street & 112-120 Ludlow Street", "station_name": "DOT LOT ESSEX ST LOT L3s", "borough": "Manhattan", "community_district": 103, "type_of_charger": "DOT Municipal Level 3 Charger" }, "geometry": { "type": "Point", "coordinates": [ -73.98794, 40.719086 ] } },
{ "type": "Feature", "properties": { "agency": "DEP", "street": "930 Zerega Avenue", "station_name": "NYC FLEET / DEP_ZEREGA-3", "borough": "Bronx", "community_district": 209, "type_of_charger": "Level 2 Charger" }, "geometry": { "type": "Point", "coordinates": [ -73.843596, 40.827109 ] } },
{ "type": "Feature", "properties": { "agency": "DPR", "street": "21-51 Slosson Ave", "station_name": "NYC FLEET / DPRSIFRSTRY#5#6", "borough": "Staten Island", "community_district": 501, "type_of_charger": "Level 2 Charger" }, "geometry": { "type": "Point", "coordinates": [ -74.119394, 40.62089 ] } },
{ "type": "Feature", "properties": { "agency": "DOT", "street": "45-40 Court Square", "station_name": "DOT LOT COURT SQ LOT L3s", "borough": "Queens", "community_district": 402, "type_of_charger": "DOT Municipal Level 3 Charger" }, "geometry": { "type": "Point", "coordinates": [ -73.943549, 40.745815 ] } },
{ "type": "Feature", "properties": { "agency": "DOT", "street": "105-113 Essex Street & 112-120 Ludlow Street", "station_name": "DOT LOT ESSEX ST LOT L2s", "borough": "Manhattan", "community_district": 103, "type_of_charger": "DOT Municipal Level 2 Charger" }, "geometry": { "type": "Point", "coordinates": [ -73.98794, 40.719086 ] } },
{ "type": "Feature", "properties": { "agency": "NYPD", "street": "1470 East New York Avenue", "station_name": "NYC FLEET / NYPD_73PCT_1_L3", "borough": "Brooklyn", "community_district": 316, "type_of_charger": "Level 3 Fast Charger" }, "geometry": { "type": "Point", "coordinates": [ -73.913501, 40.671122 ] } },
{ "type": "Feature", "properties": { "agency": "DEP", "street": "930 Zerega Avenue", "station_name": "NYC FLEET / DEP_ZEREGA-2", "borough": "Bronx", "community_district": 209, "type_of_charger": "Level 2 Charger" }, "geometry": { "type": "Point", "coordinates": [ -73.843596, 40.827109 ] } },
{ "type": "Feature", "properties": { "agency": "DEP", "street": "930 Zerega Avenue", "station_name": "NYC FLEET / DEP_ZEREGA-1", "borough": "Bronx", "community_district": 209, "type_of_charger": "Level 2 Charger" }, "geometry": { "type": "Point", "coordinates": [ -73.843596, 40.827109 ] } },
{ "type": "Feature", "properties": { "agency": "DSNY", "street": "161 Varick Ave", "station_name": "DSNY_ENPHASE_BK04-3", "borough": "Brooklyn", "community_district": 301, "type_of_charger": "Level 2 Charger" }, "geometry": { "type": "Point", "coordinates": [ -73.928548, 40.711118 ] } },
{ "type": "Feature", "properties": { "agency": "DPR", "street": "3808 Victory Blvd", "station_name": "NYC FLEET / DPR_NATIVEPLA-2", "borough": "Staten Island", "community_district": 502, "type_of_charger": "Level 2 Charger" }, "geometry": { "type": "Point", "coordinates": [ -74.182514, 40.596755 ] } },
{ "type": "Feature", "properties": { "agency": "DOT", "street": "42-00 Vernon Boulevard", "station_name": "NYC FLEET / DOT_VERNONYRD-2", "borough": "Queens", "community_district": 402, "type_of_charger": "Level 2 Charger" }, "geometry": { "type": "Point", "coordinates": [ -73.94923, 40.754395 ] } },
{ "type": "Feature", "properties": { "agency": "DPR", "street": "54-54 43rd St", "station_name": "NYC FLEET / DPR_MSPTHPK-1", "borough": "Queens", "community_district": 402, "type_of_charger": "Level 2 Charger" }, "geometry": { "type": "Point", "coordinates": [ -73.925175, 40.73087 ] } },
{ "type": "Feature", "properties": { "agency": "DOC", "street": "11-15 Hazen St", "station_name": "NYC FLEET / DOC_SLRCANOPY2", "borough": "Bronx", "community_district": 401, "type_of_charger": "EV Solar Canopy Charger" }, "geometry": { "type": "Point", "coordinates": [ -73.884135, 40.793737 ] } },
{ "type": "Feature", "properties": { "agency": "DEP", "street": "930 Zerega Avenue", "station_name": "NYC FLEET / DEP_ZEREGA_4_L3", "borough": "Bronx", "community_district": 209, "type_of_charger": "Level 3 Fast Charger" }, "geometry": { "type": "Point", "coordinates": [ -73.843596, 40.827109 ] } },
{ "type": "Feature", "properties": { "agency": "DSNY", "street": "2501 Knapp St", "station_name": "NYC FLEET / DSNY_BK15K-1", "borough": "Brooklyn", "community_district": 315, "type_of_charger": "Level 2 Charger" }, "geometry": { "type": "Point", "coordinates": [ -73.932546, 40.592214 ] } },
{ "type": "Feature", "properties": { "agency": "FDNY", "street": "720 Melrose Avenue", "station_name": "NYC FLEET / FDNY_ENG71_1_L3", "borough": "Bronx", "community_district": 201, "type_of_charger": "Level 3 Fast Charger" }, "geometry": { "type": "Point", "coordinates": [ -73.915778, 40.820422 ] } },
{ "type": "Feature", "properties": { "agency": "DOC", "street": "11-15 Hazen St", "station_name": "NYC FLEET / DOC_SLRCANOPY1", "borough": "Bronx", "community_district": 401, "type_of_charger": "EV Solar Canopy Charger" }, "geometry": { "type": "Point", "coordinates": [ -73.884135, 40.793737 ] } },
{ "type": "Feature", "properties": { "agency": "DOT", "street": "80-25 126th Street", "station_name": "DOT LOT QUEENS BOROUGH HALL LOT L2s", "borough": "Queens", "community_district": 409, "type_of_charger": "DOT Municipal Level 2 Charger" }, "geometry": { "type": "Point", "coordinates": [ -73.82705, 40.714856 ] } },
{ "type": "Feature", "properties": { "agency": "DSNY", "street": "850 Zerega Ave", "station_name": "DSNY_ENPHASE_BX09-2", "borough": "Bronx", "community_district": 209, "type_of_charger": "Level 2 Charger" }, "geometry": { "type": "Point", "coordinates": [ -73.843139, 40.825144 ] } },
{ "type": "Feature", "properties": { "agency": "DSNY", "street": "10601 Ave D", "station_name": "DSNY_ENPHASE_CBS-2", "borough": "Brooklyn", "community_district": 318, "type_of_charger": "Level 2 Charger" }, "geometry": { "type": "Point", "coordinates": [ -73.900725, 40.654363 ] } },
{ "type": "Feature", "properties": { "agency": "DOT", "street": "32-11 Harper St", "station_name": "NYC FLEET / DOT_HARPER-S1", "borough": "Queens", "community_district": 407, "type_of_charger": "EV Solar Arc Charger" }, "geometry": { "type": "Point", "coordinates": [ -73.842217, 40.764102 ] } },
{ "type": "Feature", "properties": { "agency": "DSNY", "street": "800 East 176th Street", "station_name": "NYC FLEET / DSNY_BX06-1", "borough": "Bronx", "community_district": 206, "type_of_charger": "Level 2 Charger" }, "geometry": { "type": "Point", "coordinates": [ -73.889504, 40.842053 ] } },
{ "type": "Feature", "properties": { "agency": "DOT", "street": "345 East 59th Street", "station_name": "NYC FLEET / DOT_MNSIGN_4", "borough": "Manhattan", "community_district": 108, "type_of_charger": "Level 2 Charger" }, "geometry": { "type": "Point", "coordinates": [ -73.962697, 40.759933 ] } },
{ "type": "Feature", "properties": { "agency": "DOT", "street": "80-25 126th Street", "station_name": "DOT LOT QUEENS BOROUGH HALL LOT L3s", "borough": "Queens", "community_district": 409, "type_of_charger": "DOT Municipal Level 3 Charger" }, "geometry": { "type": "Point", "coordinates": [ -73.82705, 40.714856 ] } },
{ "type": "Feature", "properties": { "agency": "DPR", "street": "21 Slosson Ave", "station_name": "NYC FLEET / DPR_SISHOPS1&2", "borough": "Staten Island", "community_district": 501, "type_of_charger": "Level 2 Charger" }, "geometry": { "type": "Point", "coordinates": [ -74.119394, 40.62089 ] } },
{ "type": "Feature", "properties": { "agency": "DEP", "street": "930 Zerega Avenue", "station_name": "NYC FLEET / DEP_ZEREGA_5_L3", "borough": "Bronx", "community_district": 209, "type_of_charger": "Level 3 Fast Charger" }, "geometry": { "type": "Point", "coordinates": [ -73.843596, 40.827109 ] } },
{ "type": "Feature", "properties": { "agency": "DSNY", "street": "80 Henry Street", "station_name": "NYC FLEET / DSNY_HENRY-3", "borough": "Brooklyn", "community_district": 302, "type_of_charger": "Level 2 Charger" }, "geometry": { "type": "Point", "coordinates": [ -73.992546, 40.698451 ] } },
{ "type": "Feature", "properties": { "agency": "DEP", "street": "930 Zerega Avenue", "station_name": "NYC FLEET / DEP_ZEREGA_1_L3", "borough": "Bronx", "community_district": 209, "type_of_charger": "Level 3 Fast Charger" }, "geometry": { "type": "Point", "coordinates": [ -73.843596, 40.827109 ] } },
{ "type": "Feature", "properties": { "agency": "DOT", "street": "45-40 Court Square", "station_name": "DOT LOT COURT SQ LOT", "borough": "Queens", "community_district": 402, "type_of_charger": "DOT Municipal Level 2 Charger" }, "geometry": { "type": "Point", "coordinates": [ -73.943549, 40.745815 ] } },
{ "type": "Feature", "properties": { "agency": "DSNY", "street": "10601 Ave D", "station_name": "DSNY_ENPHASE_CBS-1", "borough": "Brooklyn", "community_district": 318, "type_of_charger": "Level 2 Charger" }, "geometry": { "type": "Point", "coordinates": [ -73.900725, 40.654363 ] } },
{ "type": "Feature", "properties": { "agency": "NYPD", "street": "451 West 151st Street", "station_name": "NYC FLEET / NYPD_30PCT_2_L3", "borough": "Manhattan", "community_district": 109, "type_of_charger": "Level 3 Fast Charger" }, "geometry": { "type": "Point", "coordinates": [ -73.943847, 40.828615 ] } },
{ "type": "Feature", "properties": { "agency": "DOC", "street": "11-15 Hazen St", "station_name": "NYC FLEET / DOC_SLRCANOPY4", "borough": "Bronx", "community_district": 401, "type_of_charger": "EV Solar Canopy Charger" }, "geometry": { "type": "Point", "coordinates": [ -73.884135, 40.793737 ] } },
{ "type": "Feature", "properties": { "agency": "FDNY", "street": "720 Melrose Avenue", "station_name": "NYC FLEET / FDNY_ENG71-1", "borough": "Bronx", "community_district": 201, "type_of_charger": "Level 2 Charger" }, "geometry": { "type": "Point", "coordinates": [ -73.915778, 40.820422 ] } },
{ "type": "Feature", "properties": { "agency": "DPR", "street": "21 Slosson Ave", "station_name": "NYC FLEET / DPRSIFRSTRY#3#4", "borough": "Staten Island", "community_district": 501, "type_of_charger": "Level 2 Charger" }, "geometry": { "type": "Point", "coordinates": [ -74.119394, 40.62089 ] } },
{ "type": "Feature", "properties": { "agency": "DOE", "street": "86-35 235th Ct", "station_name": "NYC FLEET / DOE_Q018-LEFT", "borough": "Queens", "community_district": 413, "type_of_charger": "Level 2 Charger" }, "geometry": { "type": "Point", "coordinates": [ -73.73246, 40.732112 ] } },
{ "type": "Feature", "properties": { "agency": "DSNY", "street": "10601 Ave D", "station_name": "DSNY_ENPHASE_CBS-3", "borough": "Brooklyn", "community_district": 318, "type_of_charger": "Level 2 Charger" }, "geometry": { "type": "Point", "coordinates": [ -73.900725, 40.654363 ] } },
{ "type": "Feature", "properties": { "agency": "DOT", "street": "42-00 Vernon Boulevard", "station_name": "NYC FLEET / DOT_VERNON_1_L3", "borough": "Queens", "community_district": 402, "type_of_charger": "Level 3 Fast Charger" }, "geometry": { "type": "Point", "coordinates": [ -73.94923, 40.754395 ] } },
{ "type": "Feature", "properties": { "agency": "FDNY", "street": "5600 1st Avenue", "station_name": "NYC FLEET / FDNY_BFIBK#2", "borough": "Brooklyn", "community_district": 307, "type_of_charger": "Level 2 Charger" }, "geometry": { "type": "Point", "coordinates": [ -74.022721, 40.646985 ] } },
{ "type": "Feature", "properties": { "agency": "NYPD", "street": "1470 East New York Avenue", "station_name": "NYC FLEET / NYPD_73PCT_2_L3", "borough": "Brooklyn", "community_district": 316, "type_of_charger": "Level 3 Fast Charger" }, "geometry": { "type": "Point", "coordinates": [ -73.913501, 40.671122 ] } },
{ "type": "Feature", "properties": { "agency": "DOT", "street": "150-07 Archer Avenue", "station_name": "DOT LOT QUEENS FAMILY COURT LOT", "borough": "Queens", "community_district": 412, "type_of_charger": "DOT Municipal Level 2 Charger" }, "geometry": { "type": "Point", "coordinates": [ -73.80374, 40.701386 ] } },
{ "type": "Feature", "properties": { "agency": "DEP", "street": "127-17 92nd Ave", "station_name": "NYC FLEET / DEP_RMD-2", "borough": "Queens", "community_district": 409, "type_of_charger": "Level 2 Charger" }, "geometry": { "type": "Point", "coordinates": [ -73.821682, 40.697353 ] } },
{ "type": "Feature", "properties": { "agency": "DOT", "street": "4200 Vernon Blvd", "station_name": "NYC FLEET / DOT_VERNONYRD-1", "borough": "Queens", "community_district": 402, "type_of_charger": "Level 2 Charger" }, "geometry": { "type": "Point", "coordinates": [ -73.94923, 40.754395 ] } },
{ "type": "Feature", "properties": { "agency": "DEP", "street": "930 Zerega Avenue", "station_name": "NYC FLEET / DEP_ZEREGA_3_L3", "borough": "Bronx", "community_district": 209, "type_of_charger": "Level 3 Fast Charger" }, "geometry": { "type": "Point", "coordinates": [ -73.843596, 40.827109 ] } },
{ "type": "Feature", "properties": { "agency": "DOC", "street": "11-15 Hazen St", "station_name": "NYC FLEET / DOC_SLRCANOPY3", "borough": "Bronx", "community_district": 401, "type_of_charger": "EV Solar Canopy Charger" }, "geometry": { "type": "Point", "coordinates": [ -73.884135, 40.793737 ] } },
{ "type": "Feature", "properties": { "agency": "DSNY", "street": "58-73 53rd Ave", "station_name": "DSNY_ENPHASE_BETTSENG-2", "borough": "Queens", "community_district": 402, "type_of_charger": "Level 2 Charger" }, "geometry": { "type": "Point", "coordinates": [ -73.909403, 40.734136 ] } },
{ "type": "Feature", "properties": { "agency": "DOT", "street": "39 South Street", "station_name": "NYC FLEET / DOT_SPARE-2", "borough": "Manhattan", "community_district": 101, "type_of_charger": "Level 2 Charger" }, "geometry": { "type": "Point", "coordinates": [ -74.008028, 40.703167 ] } },
{ "type": "Feature", "properties": { "agency": "DOT", "street": "39 South Street", "station_name": "NYC FLEET / DOT_OLDSLP_2_L3", "borough": "Manhattan", "community_district": 101, "type_of_charger": "Level 3 Fast Charger" }, "geometry": { "type": "Point", "coordinates": [ -74.008028, 40.703167 ] } },
{ "type": "Feature", "properties": { "agency": "DPR", "street": "196-00 Union Tpke", "station_name": "NYC FLEET / DPRCUNINGHM-S5", "borough": "Queens", "community_district": 408, "type_of_charger": "EV Solar Arc Charger" }, "geometry": { "type": "Point", "coordinates": [ -73.774773, 40.730929 ] } },
{ "type": "Feature", "properties": { "agency": "DOT", "street": "39 South Street", "station_name": "NYC FLEET / DOT_OLDSLIP-7", "borough": "Manhattan", "community_district": 101, "type_of_charger": "Level 2 Charger" }, "geometry": { "type": "Point", "coordinates": [ -74.008028, 40.703167 ] } },
{ "type": "Feature", "properties": { "agency": "DOT", "street": "39 South Street", "station_name": "NYC FLEET / DOT_OLDSLIP-8", "borough": "Manhattan", "community_district": 101, "type_of_charger": "Level 2 Charger" }, "geometry": { "type": "Point", "coordinates": [ -74.008028, 40.703167 ] } },
{ "type": "Feature", "properties": { "agency": "DOT", "street": "39 South Street", "station_name": "NYC FLEET / DOT_OLDSLP_1_L3", "borough": "Manhattan", "community_district": 101, "type_of_charger": "Level 3 Fast Charger" }, "geometry": { "type": "Point", "coordinates": [ -74.008028, 40.703167 ] } },
{ "type": "Feature", "properties": { "agency": "DOT", "street": "39 South Street", "station_name": "NYC FLEET / DOT_OLDSLP_4_L3", "borough": "Manhattan", "community_district": 101, "type_of_charger": "Level 3 Fast Charger" }, "geometry": { "type": "Point", "coordinates": [ -74.008028, 40.703167 ] } },
{ "type": "Feature", "properties": { "agency": "DPR", "street": "3 Iroquois St", "station_name": "NYC FLEET / DPR_IROQUOIS-1", "borough": "Staten Island", "community_district": 502, "type_of_charger": "Level 2 Charger" }, "geometry": { "type": "Point", "coordinates": [ -74.085629, 40.574514 ] } },
{ "type": "Feature", "properties": { "agency": "DOT", "street": "39 South Street", "station_name": "NYC FLEET / DOT_SPARE-1", "borough": "Manhattan", "community_district": 101, "type_of_charger": "Level 2 Charger" }, "geometry": { "type": "Point", "coordinates": [ -74.008028, 40.703167 ] } },
{ "type": "Feature", "properties": { "agency": "DOT", "street": "39 South Street", "station_name": "NYC FLEET / DOT_OLDSLIP-5", "borough": "Manhattan", "community_district": 101, "type_of_charger": "Level 2 Charger" }, "geometry": { "type": "Point", "coordinates": [ -74.008028, 40.703167 ] } },
{ "type": "Feature", "properties": { "agency": "DPR", "street": "29 N 10th St", "station_name": "NYC FLEET / DPR_BUSHWICK-S1", "borough": "Brooklyn", "community_district": 301, "type_of_charger": "EV Solar Arc Charger" }, "geometry": { "type": "Point", "coordinates": [ -73.96068, 40.722456 ] } },
{ "type": "Feature", "properties": { "agency": "NYPD", "street": "450 Cross Bronx Expy", "station_name": "NYC FLEET / NYPD_48PCT-1", "borough": "Bronx", "community_district": 206, "type_of_charger": "Level 2 Charger" }, "geometry": { "type": "Point", "coordinates": [ -73.900604, 40.844149 ] } },
{ "type": "Feature", "properties": { "agency": "DOT", "street": "39 South Street", "station_name": "NYC FLEET / DOT_OLDSLIP-10", "borough": "Manhattan", "community_district": 101, "type_of_charger": "Level 2 Charger" }, "geometry": { "type": "Point", "coordinates": [ -74.008028, 40.703167 ] } },
{ "type": "Feature", "properties": { "agency": "DPR", "street": "3278 Middletown Rd", "station_name": "NYC FLEET / DPRABRYAN-S1", "borough": "Bronx", "community_district": 210, "type_of_charger": "EV Solar Arc Charger" }, "geometry": { "type": "Point", "coordinates": [ -73.821238, 40.848118 ] } },
{ "type": "Feature", "properties": { "agency": "DOT", "street": "39 South Street", "station_name": "NYC FLEET / DOT_OLDSLIP-6", "borough": "Manhattan", "community_district": 101, "type_of_charger": "Level 2 Charger" }, "geometry": { "type": "Point", "coordinates": [ -74.008028, 40.703167 ] } },
{ "type": "Feature", "properties": { "agency": "DOT", "street": "39 South Street", "station_name": "NYC FLEET / DOT_SPARE-3", "borough": "Manhattan", "community_district": 101, "type_of_charger": "Level 2 Charger" }, "geometry": { "type": "Point", "coordinates": [ -74.008028, 40.703167 ] } },
{ "type": "Feature", "properties": { "agency": "NYPD", "street": "450 Cross Bronx Expy", "station_name": "NYC FLEET / NYPD_48PCT_1_L3", "borough": "Bronx", "community_district": 206, "type_of_charger": "Level 3 Fast Charger" }, "geometry": { "type": "Point", "coordinates": [ -73.900604, 40.844149 ] } },
{ "type": "Feature", "properties": { "agency": "DPR", "street": "196-00 Union Tpke", "station_name": "NYC FLEET / DPRCUNINGHM-S4", "borough": "Queens", "community_district": 408, "type_of_charger": "EV Solar Arc Charger" }, "geometry": { "type": "Point", "coordinates": [ -73.774773, 40.730929 ] } },
{ "type": "Feature", "properties": { "agency": "DOT", "street": "2071 White Plains Road", "station_name": "DOT WHITE PLAINS RD L2s", "borough": "Bronx", "community_district": 211, "type_of_charger": "DOT Municipal Level 2 Charger" }, "geometry": { "type": "Point", "coordinates": [ -73.867773, 40.8526 ] } },
{ "type": "Feature", "properties": { "agency": "DPR", "street": "29 N 10th St", "station_name": "NYC FLEET / DPR_BUSHWICK-S2", "borough": "Brooklyn", "community_district": 301, "type_of_charger": "EV Solar Arc Charger" }, "geometry": { "type": "Point", "coordinates": [ -73.96068, 40.722456 ] } },
{ "type": "Feature", "properties": { "agency": "DOT", "street": "2900 Flatbush Avenue", "station_name": "NYC FLEET / DOT_FLTBSH_1_L3", "borough": "Brooklyn", "community_district": 318, "type_of_charger": "Level 3 Fast Charger" }, "geometry": { "type": "Point", "coordinates": [ -73.912051, 40.600248 ] } },
{ "type": "Feature", "properties": { "agency": "DOT", "street": "32 Old Slip", "station_name": "NYC FLEET / DOT_OLDSLIP-1", "borough": "Manhattan", "community_district": 101, "type_of_charger": "Level 2 Charger" }, "geometry": { "type": "Point", "coordinates": [ -74.008036, 40.703573 ] } },
{ "type": "Feature", "properties": { "agency": "DOT", "street": "39 South Street", "station_name": "NYC FLEET / DOT_OLDSLP_5_L3", "borough": "Manhattan", "community_district": 101, "type_of_charger": "Level 3 Fast Charger" }, "geometry": { "type": "Point", "coordinates": [ -74.008028, 40.703167 ] } },
{ "type": "Feature", "properties": { "agency": "DOT", "street": "39 South Street", "station_name": "NYC FLEET / DOT_OLDSLIP-9", "borough": "Manhattan", "community_district": 101, "type_of_charger": "Level 2 Charger" }, "geometry": { "type": "Point", "coordinates": [ -74.008028, 40.703167 ] } },
{ "type": "Feature", "properties": { "agency": "DOT", "street": "42 South St", "station_name": "NYC FLEET / DOT_OLDSLIP-3", "borough": "Manhattan", "community_district": 101, "type_of_charger": "Level 2 Charger" }, "geometry": { "type": "Point", "coordinates": [ -74.007538, 40.703466 ] } },
{ "type": "Feature", "properties": { "agency": "DOT", "street": "39 South Street", "station_name": "NYC FLEET / DOT_SPARE-4", "borough": "Manhattan", "community_district": 101, "type_of_charger": "Level 2 Charger" }, "geometry": { "type": "Point", "coordinates": [ -74.008028, 40.703167 ] } },
{ "type": "Feature", "properties": { "agency": "DOT", "street": "39 South Street", "station_name": "NYC FLEET / DOT_OLDSLP_6_L3", "borough": "Manhattan", "community_district": 101, "type_of_charger": "Level 3 Fast Charger" }, "geometry": { "type": "Point", "coordinates": [ -74.008028, 40.703167 ] } },
{ "type": "Feature", "properties": { "agency": "DOT", "street": "32 Old Slip", "station_name": "NYC FLEET / DOT_OLDSLIP-2", "borough": "Manhattan", "community_district": 101, "type_of_charger": "Level 2 Charger" }, "geometry": { "type": "Point", "coordinates": [ -74.008036, 40.703573 ] } },
{ "type": "Feature", "properties": { "agency": "DOT", "street": "42 South St", "station_name": "NYC FLEET / DOT_OLDSLIP-4", "borough": "Manhattan", "community_district": 101, "type_of_charger": "Level 2 Charger" }, "geometry": { "type": "Point", "coordinates": [ -74.007538, 40.703466 ] } },
{ "type": "Feature", "properties": { "agency": "DOT", "street": "345 East 59th Street", "station_name": "NYC FLEET / DOT_MNSIGN_3", "borough": "Manhattan", "community_district": 108, "type_of_charger": "Level 2 Charger" }, "geometry": { "type": "Point", "coordinates": [ -73.962697, 40.759933 ] } },
{ "type": "Feature", "properties": { "agency": "NYPD", "street": "151 West 100th Street", "station_name": "NYC FLEET / NYPD_24PCT_1_L3", "borough": "Manhattan", "community_district": 107, "type_of_charger": "Level 3 Fast Charger" }, "geometry": { "type": "Point", "coordinates": [ -73.967509, 40.79625 ] } },
{ "type": "Feature", "properties": { "agency": "DOT", "street": "54 Central Avenue", "station_name": "DOT LOT ST GEORGE LOT", "borough": "Staten Island", "community_district": 501, "type_of_charger": "DOT Municipal Level 2 Charger" }, "geometry": { "type": "Point", "coordinates": [ -74.076713, 40.640566 ] } },
{ "type": "Feature", "properties": { "agency": "DOT", "street": "345 East 59th Street", "station_name": "NYC FLEET / DOT_MNSIGN_2", "borough": "Manhattan", "community_district": 108, "type_of_charger": "Level 2 Charger" }, "geometry": { "type": "Point", "coordinates": [ -73.962697, 40.759933 ] } },
{ "type": "Feature", "properties": { "agency": "DOT", "street": "345 East 59th Street", "station_name": "NYC FLEET / DOT_MNSIGN_1_L3", "borough": "Manhattan", "community_district": 108, "type_of_charger": "Level 3 Fast Charger" }, "geometry": { "type": "Point", "coordinates": [ -73.962697, 40.759933 ] } },
{ "type": "Feature", "properties": { "agency": "DOT", "street": "345 East 59th Street", "station_name": "NYC FLEET / DOT_MNSIGN_1", "borough": "Manhattan", "community_district": 108, "type_of_charger": "Level 2 Charger" }, "geometry": { "type": "Point", "coordinates": [ -73.962697, 40.759933 ] } },
{ "type": "Feature", "properties": { "agency": "DOT", "street": "345 East 59th Street", "station_name": "NYC FLEET / DOT_MNSIGN_2_L3", "borough": "Manhattan", "community_district": 108, "type_of_charger": "Level 3 Fast Charger" }, "geometry": { "type": "Point", "coordinates": [ -73.962697, 40.759933 ] } },
{ "type": "Feature", "properties": { "agency": "DSNY", "street": "650 W 57th St", "station_name": "NYC FLEET / DSNY_MN04-DCFC2", "borough": "Manhattan", "community_district": 104, "type_of_charger": "Level 3 Fast Charger" }, "geometry": { "type": "Point", "coordinates": [ -73.993415, 40.771149 ] } },
{ "type": "Feature", "properties": { "agency": "DPR", "street": "3002 Foster Avenue", "station_name": "NYC FLEET / DPR_SCRC_2_L3", "borough": "Brooklyn", "community_district": 317, "type_of_charger": "Level 3 Fast Charger" }, "geometry": { "type": "Point", "coordinates": [ -73.948086, 40.638609 ] } },
{ "type": "Feature", "properties": { "agency": "DOE", "street": "6581 Hylan Blvd", "station_name": "NYC FLEET / DOE-HYLANBLVD-1", "borough": "Staten Island", "community_district": 503, "type_of_charger": "Level 2 Charger" }, "geometry": { "type": "Point", "coordinates": [ -74.22093, 40.509084 ] } },
{ "type": "Feature", "properties": { "agency": "DEP", "street": "106-36 180th St", "station_name": "NYC FLEET / DEPQUEENSREP-S3", "borough": "Queens", "community_district": 412, "type_of_charger": "EV Solar Arc Charger" }, "geometry": { "type": "Point", "coordinates": [ -73.77772, 40.703128 ] } },
{ "type": "Feature", "properties": { "agency": "DSNY", "street": "650 W 57th St", "station_name": "NYC FLEET / DSNY_MN04-DCFC4", "borough": "Manhattan", "community_district": 104, "type_of_charger": "Level 3 Fast Charger" }, "geometry": { "type": "Point", "coordinates": [ -73.993415, 40.771149 ] } },
{ "type": "Feature", "properties": { "agency": "DEP", "street": "106-36 180th Street", "station_name": "NYC FLEET / DEPQUEENSREP-S4", "borough": "Queens", "community_district": 412, "type_of_charger": "EV Solar Arc Charger" }, "geometry": { "type": "Point", "coordinates": [ -73.77772, 40.703128 ] } },
{ "type": "Feature", "properties": { "agency": "DPR", "street": "8 Olmsted Dr", "station_name": "NYC FLEET / DPR_OLMSTED-S2", "borough": "Queens", "community_district": 481, "type_of_charger": "EV Solar Arc Charger" }, "geometry": { "type": "Point", "coordinates": [ -73.84963, 40.752164 ] } },
{ "type": "Feature", "properties": { "agency": "DSNY", "street": "650 W 57th St", "station_name": "NYC FLEET / DSNY_MN04-DCFC1", "borough": "Manhattan", "community_district": 104, "type_of_charger": "Level 3 Fast Charger" }, "geometry": { "type": "Point", "coordinates": [ -73.993415, 40.771149 ] } },
{ "type": "Feature", "properties": { "agency": "DPR", "street": "1501 E 102nd St", "station_name": "NYC FLEET / DPR_CNRSIEPK-S2", "borough": "Brooklyn", "community_district": 318, "type_of_charger": "EV Solar Arc Charger" }, "geometry": { "type": "Point", "coordinates": [ -73.885842, 40.636143 ] } },
{ "type": "Feature", "properties": { "agency": "DSNY", "street": "1824 Shore Pkwy", "station_name": "NYC FLEET / DSNY_SPARE-BK11", "borough": "Brooklyn", "community_district": 311, "type_of_charger": "Level 2 Charger" }, "geometry": { "type": "Point", "coordinates": [ -73.994488, 40.591314 ] } },
{ "type": "Feature", "properties": { "agency": "DSNY", "street": "559 Park Avenue", "station_name": "NYC FLEET / DSNY_BK03-DCFC1", "borough": "Brooklyn", "community_district": 303, "type_of_charger": "Level 3 Fast Charger" }, "geometry": { "type": "Point", "coordinates": [ -73.953529, 40.697144 ] } },
{ "type": "Feature", "properties": { "agency": "DSNY", "street": "650 W 57th St", "station_name": "NYC FLEET / DSNY_MN04-DCFC3", "borough": "Manhattan", "community_district": 104, "type_of_charger": "Level 3 Fast Charger" }, "geometry": { "type": "Point", "coordinates": [ -73.993415, 40.771149 ] } },
{ "type": "Feature", "properties": { "agency": "DPR", "street": "1-00 Meridian Rd", "station_name": "NYC FLEET / DPRTENISCNTR-S1", "borough": "Queens", "community_district": 481, "type_of_charger": "EV Solar Arc Charger" }, "geometry": { "type": "Point", "coordinates": [ -73.84454, 40.741892 ] } },
{ "type": "Feature", "properties": { "agency": "DSNY", "street": "559 Park Avenue", "station_name": "NYC FLEET / DSNY_BK03-DCFC2", "borough": "Brooklyn", "community_district": 303, "type_of_charger": "Level 3 Fast Charger" }, "geometry": { "type": "Point", "coordinates": [ -73.953529, 40.697144 ] } },
{ "type": "Feature", "properties": { "agency": "FDNY", "street": "58-65 52nd Road", "station_name": "NYC FLEET / FDNY-EMS45-2", "borough": "Queens", "community_district": 402, "type_of_charger": "Level 2 Charger" }, "geometry": { "type": "Point", "coordinates": [ -73.907602, 40.73442 ] } },
{ "type": "Feature", "properties": { "agency": "DSNY", "street": "59-98 52nd Rd", "station_name": "NYC FLEET / DSNY_SPARE-A", "borough": "Queens", "community_district": 402, "type_of_charger": "Level 2 Charger" }, "geometry": { "type": "Point", "coordinates": [ -73.906155, 40.734035 ] } },
{ "type": "Feature", "properties": { "agency": "FDNY", "street": "58-65 52nd Road", "station_name": "NYC FLEET / FDNY-EMS45-1", "borough": "Queens", "community_district": 402, "type_of_charger": "Level 2 Charger" }, "geometry": { "type": "Point", "coordinates": [ -73.907602, 40.73442 ] } },
{ "type": "Feature", "properties": { "agency": "DPR", "street": "3002 Foster Avenue", "station_name": "NYC FLEET / DPR_SCRC_1_L3", "borough": "Brooklyn", "community_district": 317, "type_of_charger": "Level 3 Fast Charger" }, "geometry": { "type": "Point", "coordinates": [ -73.948086, 40.638609 ] } },
{ "type": "Feature", "properties": { "agency": "NYPD", "street": "137-58 Northern Blvd", "station_name": "NYC FLEET / NYPD-SRG4-1", "borough": "Queens", "community_district": 407, "type_of_charger": "Level 2 Charger" }, "geometry": { "type": "Point", "coordinates": [ -73.829208, 40.763664 ] } },
{ "type": "Feature", "properties": { "agency": "DOH", "street": "485 Throop Avenue", "station_name": "NYC FLEET / DOH_BEDFRD_1_L3", "borough": "Brooklyn", "community_district": 303, "type_of_charger": "Level 3 Fast Charger" }, "geometry": { "type": "Point", "coordinates": [ -73.941462, 40.685654 ] } },
{ "type": "Feature", "properties": { "agency": "DSNY", "street": "559 Park Avenue", "station_name": "DSNY_ENPHASE_BK03-4", "borough": "Brooklyn", "community_district": 303, "type_of_charger": "Level 2 Charger" }, "geometry": { "type": "Point", "coordinates": [ -73.953529, 40.697144 ] } },
{ "type": "Feature", "properties": { "agency": "DSNY", "street": "559 Park Avenue", "station_name": "DSNY_BK03-8_FORDPRO", "borough": "Brooklyn", "community_district": 303, "type_of_charger": "Level 2 Charger" }, "geometry": { "type": "Point", "coordinates": [ -73.953529, 40.697144 ] } },
{ "type": "Feature", "properties": { "agency": "FDNY", "street": "301 Gold Street", "station_name": "NYC FLEET / FDNY_E207_1_L3", "borough": "Brooklyn", "community_district": 302, "type_of_charger": "Level 3 Fast Charger" }, "geometry": { "type": "Point", "coordinates": [ -73.983228, 40.695447 ] } },
{ "type": "Feature", "properties": { "agency": "DPR", "street": "3278 Middletown Rd", "station_name": "NYC FLEET / DPRABRYAN-S2", "borough": "Bronx", "community_district": 210, "type_of_charger": "EV Solar Arc Charger" }, "geometry": { "type": "Point", "coordinates": [ -73.821238, 40.848118 ] } },
{ "type": "Feature", "properties": { "agency": "DCAS", "street": "130 Stuyvesant Place", "station_name": "NYC FLEET / DCAS_SIDA_1_L3", "borough": "Staten Island", "community_district": 501, "type_of_charger": "Level 3 Fast Charger" }, "geometry": { "type": "Point", "coordinates": [ -74.076889, 40.642907 ] } },
{ "type": "Feature", "properties": { "agency": "DSNY", "street": "559 Park Avenue", "station_name": "DSNY_ENPHASE_BK03-7", "borough": "Brooklyn", "community_district": 303, "type_of_charger": "Level 2 Charger" }, "geometry": { "type": "Point", "coordinates": [ -73.953529, 40.697144 ] } },
{ "type": "Feature", "properties": { "agency": "DOH", "street": "485 Throop Ave.", "station_name": "DOH BEDFORD FORD PRO 2", "borough": "Brooklyn", "community_district": 303, "type_of_charger": "Level 2 Charger" }, "geometry": { "type": "Point", "coordinates": [ -73.941462, 40.685654 ] } },
{ "type": "Feature", "properties": { "agency": "DSNY", "street": "800 E 176th St", "station_name": "NYC FLEET / DSNY_BX06-3", "borough": "Bronx", "community_district": 206, "type_of_charger": "Level 2 Charger" }, "geometry": { "type": "Point", "coordinates": [ -73.889504, 40.842053 ] } },
{ "type": "Feature", "properties": { "agency": "NYPD", "street": "301 Gold Street", "station_name": "NYC FLEET / NYPD_84PCT_1_L3", "borough": "Brooklyn", "community_district": 302, "type_of_charger": "Level 3 Fast Charger" }, "geometry": { "type": "Point", "coordinates": [ -73.983228, 40.695447 ] } },
{ "type": "Feature", "properties": { "agency": "DSNY", "street": "52-07 58th St", "station_name": "NYC FLEET / DSNY_QBSROOF-3", "borough": "Queens", "community_district": 402, "type_of_charger": "Level 2 Charger" }, "geometry": { "type": "Point", "coordinates": [ -73.909675, 40.735462 ] } },
{ "type": "Feature", "properties": { "agency": "DSNY", "street": "559 Park Avenue", "station_name": "DSNY_ENPHASE_BK03-5", "borough": "Brooklyn", "community_district": 303, "type_of_charger": "Level 2 Charger" }, "geometry": { "type": "Point", "coordinates": [ -73.953529, 40.697144 ] } },
{ "type": "Feature", "properties": { "agency": "DSNY", "street": "559 Park Avenue", "station_name": "DSNY_ENPHASE_BK03-3", "borough": "Brooklyn", "community_district": 303, "type_of_charger": "Level 2 Charger" }, "geometry": { "type": "Point", "coordinates": [ -73.953529, 40.697144 ] } },
{ "type": "Feature", "properties": { "agency": "NYPD", "street": "357 W 35th St", "station_name": "NYC FLEET / NYPD-MIDSOUTH3", "borough": "Manhattan", "community_district": 104, "type_of_charger": "Level 2 Charger" }, "geometry": { "type": "Point", "coordinates": [ -73.994712, 40.753599 ] } },
{ "type": "Feature", "properties": { "agency": "DSNY", "street": "580 Main St", "station_name": "DSNY_RSVLT_FORDPRO", "borough": "Manhattan", "community_district": 108, "type_of_charger": "Level 2 Charger" }, "geometry": { "type": "Point", "coordinates": [ -73.949097, 40.76295 ] } },
{ "type": "Feature", "properties": { "agency": "DSNY", "street": "559 Park Avenue", "station_name": "DSNY_ENPHASE_BK03-2", "borough": "Brooklyn", "community_district": 303, "type_of_charger": "Level 2 Charger" }, "geometry": { "type": "Point", "coordinates": [ -73.953529, 40.697144 ] } },
{ "type": "Feature", "properties": { "agency": "DOH", "street": "485 Throop Avenue", "station_name": "NYC FLEET / DOH_BEDFRD_2_L3", "borough": "Brooklyn", "community_district": 303, "type_of_charger": "Level 3 Fast Charger" }, "geometry": { "type": "Point", "coordinates": [ -73.941462, 40.685654 ] } },
{ "type": "Feature", "properties": { "agency": "NYPD", "street": "1000 Sutter Ave", "station_name": "NYC FLEET / NYPD_75PCT-2", "borough": "Brooklyn", "community_district": 305, "type_of_charger": "Level 2 Charger" }, "geometry": { "type": "Point", "coordinates": [ -73.88181, 40.671352 ] } },
{ "type": "Feature", "properties": { "agency": "DCAS", "street": "130 Stuyvesant Place", "station_name": "NYC FLEET / DCAS_SIDA_2_L3", "borough": "Staten Island", "community_district": 501, "type_of_charger": "Level 3 Fast Charger" }, "geometry": { "type": "Point", "coordinates": [ -74.076889, 40.642907 ] } },
{ "type": "Feature", "properties": { "agency": "DOH", "street": "485 Throop Ave.", "station_name": "DOH BEDFORD FORD PRO 1", "borough": "Brooklyn", "community_district": 303, "type_of_charger": "Level 2 Charger" }, "geometry": { "type": "Point", "coordinates": [ -73.941462, 40.685654 ] } },
{ "type": "Feature", "properties": { "agency": "DSNY", "street": "2501 Knapp Street", "station_name": "NYC FLEET / DSNY_BK15KDCFC1", "borough": "Brooklyn", "community_district": 315, "type_of_charger": "Level 3 Fast Charger" }, "geometry": { "type": "Point", "coordinates": [ -73.932546, 40.592214 ] } },
{ "type": "Feature", "properties": { "agency": "DSNY", "street": "74-75 Douglaston Parkway", "station_name": "NYC FLEET / DSNY_Q11W-DCFC1", "borough": "Queens", "community_district": 411, "type_of_charger": "Level 3 Fast Charger" }, "geometry": { "type": "Point", "coordinates": [ -73.734509, 40.743829 ] } },
{ "type": "Feature", "properties": { "agency": "DSNY", "street": "5100 1st Ave", "station_name": "NYC FLEET / DSNY_BK07-1", "borough": "Brooklyn", "community_district": 307, "type_of_charger": "Level 2 Charger" }, "geometry": { "type": "Point", "coordinates": [ -74.02012, 40.649977 ] } },
{ "type": "Feature", "properties": { "agency": "DSNY", "street": "1000 West Service Road", "station_name": "NYC FLEET / DSNY_SI-1&3-3", "borough": "Staten Island", "community_district": 503, "type_of_charger": "Level 2 Charger" }, "geometry": { "type": "Point", "coordinates": [ -74.195327, 40.571144 ] } },
{ "type": "Feature", "properties": { "agency": "DSNY", "street": "1000 West Service Road", "station_name": "NYC FLEET / DSNY_SI-1&3-2", "borough": "Staten Island", "community_district": 503, "type_of_charger": "Level 2 Charger" }, "geometry": { "type": "Point", "coordinates": [ -74.195327, 40.571144 ] } },
{ "type": "Feature", "properties": { "agency": "NYPD", "street": "1 Police Plaza Path", "station_name": "NYC FLEET / NYPDHQ-1PP-4", "borough": "Manhattan", "community_district": 101, "type_of_charger": "Level 2 Charger" }, "geometry": { "type": "Point", "coordinates": [ -74.000891, 40.712348 ] } },
{ "type": "Feature", "properties": { "agency": "DPR", "street": "3-66 Beach 75th Street", "station_name": "NYC FLEET / DPR_MAINOPS4A-B", "borough": "Queens", "community_district": 414, "type_of_charger": "Level 2 Charger" }, "geometry": { "type": "Point", "coordinates": [ -73.803252, 40.591747 ] } },
{ "type": "Feature", "properties": { "agency": "NYPD", "street": "1 Police Plaza Path", "station_name": "NYC FLEET / NYPDHQ-1PP-1", "borough": "Manhattan", "community_district": 101, "type_of_charger": "Level 2 Charger" }, "geometry": { "type": "Point", "coordinates": [ -74.000891, 40.712348 ] } },
{ "type": "Feature", "properties": { "agency": "DSNY", "street": "1010 Muldoon Ave", "station_name": "NYC FLEET / DSNY_SI-1&3-6", "borough": "Staten Island", "community_district": 503, "type_of_charger": "Level 2 Charger" }, "geometry": { "type": "Point", "coordinates": [ -74.195348, 40.571138 ] } },
{ "type": "Feature", "properties": { "agency": "DPR", "street": "3-66 Beach 75th Street", "station_name": "NYC FLEET / DPR_MAINOPS1A-B", "borough": "Queens", "community_district": 414, "type_of_charger": "Level 2 Charger" }, "geometry": { "type": "Point", "coordinates": [ -73.803252, 40.591747 ] } },
{ "type": "Feature", "properties": { "agency": "DSNY", "street": "800 E 176th St", "station_name": "NYC FLEET / DSNY_BX08-2", "borough": "Bronx", "community_district": 206, "type_of_charger": "Level 2 Charger" }, "geometry": { "type": "Point", "coordinates": [ -73.889504, 40.842053 ] } },
{ "type": "Feature", "properties": { "agency": "NYPD", "street": "1 Police Plaza Path", "station_name": "NYC FLEET / NYPDHQ-1PP-3", "borough": "Manhattan", "community_district": 101, "type_of_charger": "Level 2 Charger" }, "geometry": { "type": "Point", "coordinates": [ -74.000891, 40.712348 ] } },
{ "type": "Feature", "properties": { "agency": "DPR", "street": "3-66 Beach 75th Street", "station_name": "NYC FLEET / DPR_MAINOPS3A-B", "borough": "Queens", "community_district": 414, "type_of_charger": "Level 2 Charger" }, "geometry": { "type": "Point", "coordinates": [ -73.803252, 40.591747 ] } },
{ "type": "Feature", "properties": { "agency": "DSNY", "street": "1010 Muldoon Ave", "station_name": "NYC FLEET / DSNY_SI-1&3-5", "borough": "Staten Island", "community_district": 503, "type_of_charger": "Level 2 Charger" }, "geometry": { "type": "Point", "coordinates": [ -74.195348, 40.571138 ] } },
{ "type": "Feature", "properties": { "agency": "DSNY", "street": "800 E 176th St", "station_name": "NYC FLEET / DSNY_BX08-1", "borough": "Bronx", "community_district": 206, "type_of_charger": "Level 2 Charger" }, "geometry": { "type": "Point", "coordinates": [ -73.889504, 40.842053 ] } },
{ "type": "Feature", "properties": { "agency": "DSNY", "street": "1010 Muldoon Ave", "station_name": "NYC FLEET / DSNY_SI-1&3-1", "borough": "Staten Island", "community_district": 503, "type_of_charger": "Level 2 Charger" }, "geometry": { "type": "Point", "coordinates": [ -74.195348, 40.571138 ] } },
{ "type": "Feature", "properties": { "agency": "DSNY", "street": "1000 West Service Road", "station_name": "NYC FLEET / DSNY_SI-1&3-4", "borough": "Staten Island", "community_district": 503, "type_of_charger": "Level 2 Charger" }, "geometry": { "type": "Point", "coordinates": [ -74.195327, 40.571144 ] } },
{ "type": "Feature", "properties": { "agency": "DPR", "street": "3-66 Beach 75th Street", "station_name": "NYC FLEET / DPR_MAINOPS7A-B", "borough": "Queens", "community_district": 414, "type_of_charger": "Level 2 Charger" }, "geometry": { "type": "Point", "coordinates": [ -73.803252, 40.591747 ] } },
{ "type": "Feature", "properties": { "agency": "DPR", "street": "3-66 Beach 75th Street", "station_name": "NYC FLEET / DPR_MAINOPS6A-B", "borough": "Queens", "community_district": 414, "type_of_charger": "Level 2 Charger" }, "geometry": { "type": "Point", "coordinates": [ -73.803252, 40.591747 ] } },
{ "type": "Feature", "properties": { "agency": "DSNY", "street": "52-35 58th St", "station_name": "NYC FLEET / DSNY_CRS_H&H", "borough": "Queens", "community_district": 402, "type_of_charger": "Level 2 Charger" }, "geometry": { "type": "Point", "coordinates": [ -73.909957, 40.734883 ] } },
{ "type": "Feature", "properties": { "agency": "DPR", "street": "3-66 Beach 75th Street", "station_name": "NYC FLEET / DPR_MAINOPS5A-B", "borough": "Queens", "community_district": 414, "type_of_charger": "Level 2 Charger" }, "geometry": { "type": "Point", "coordinates": [ -73.803252, 40.591747 ] } },
{ "type": "Feature", "properties": { "agency": "NYPD", "street": "1 Police Plaza Path", "station_name": "NYC FLEET / NYPDHQ-1PP-2", "borough": "Manhattan", "community_district": 101, "type_of_charger": "Level 2 Charger" }, "geometry": { "type": "Point", "coordinates": [ -74.000891, 40.712348 ] } },
{ "type": "Feature", "properties": { "agency": "DPR", "street": "3-66 Beach 75th Street", "station_name": "NYC FLEET / DPR_MAINOPS2A-B", "borough": "Queens", "community_district": 414, "type_of_charger": "Level 2 Charger" }, "geometry": { "type": "Point", "coordinates": [ -73.803252, 40.591747 ] } }
]
}
