installed,remaining,annual_needed_to_meet_goal,as_of
572.25261,427.74739,71.29123166666666,2024-12-31
