year,total_installed_mw
2002,0.01881
2003,0.01447
2004,0.03686
2005,0.38651
2006,0.5689
2007,0.39495
2008,0.37565
2009,1.36391
2010,3.77593
2011,3.57271
2012,8.88654
2013,9.34805
2014,22.14325
2015,27.02961
2016,37.83381
2017,40.35811
2018,48.8824
2019,46.88448
2020,46.15907
2021,62.83924
2022,72.50523
2023,82.87463
2024,84.74617
