{
"type": "FeatureCollection",
"name": "water_quality_samples",
"crs": { "type": "name", "properties": { "name": "urn:ogc:def:crs:EPSG::2263" } },
"features": [
{ "type": "Feature", "properties": { "sample_station_(ss)_location_description": "SS - Shaft 3 of City Tunnel No.1 - E/S Goulden Ave, S/O Sedgwick Ave, OPP JPR GH7", "sample_date": "2025-09-30T00:00:00Z", "sample_class": "Operational", "residual_free_chlorine_mg_l": "0.8", "turbidity_ntu": "0.56", "coliform_quanti_tray_mpn_100ml": "<1", "e_coli_quanti_tray_mpn_100ml": "<1", "fluoride_mg_l": "0.75" }, "geometry": { "type": "Point", "coordinates": [ 1024950.0, 264277.0 ] } },
{ "type": "Feature", "properties": { "sample_station_(ss)_location_description": "SS - Shaft 4 of City Tunnel No.1 - IFO 2780 Reservoir Ave, E/S Reservoir Ave, 1st SS N/O Strong St (@ intersection of Reservoir Ave & Goulden)", "sample_date": "2021-02-18T00:00:00Z", "sample_class": "Operational", "residual_free_chlorine_mg_l": "0.71", "turbidity_ntu": "0.11", "coliform_quanti_tray_mpn_100ml": "<1", "e_coli_quanti_tray_mpn_100ml": "<1", "fluoride_mg_l": null }, "geometry": { "type": "Point", "coordinates": [ 1012568.0, 256577.0 ] } },
{ "type": "Feature", "properties": { "sample_station_(ss)_location_description": "SS - Shaft 3A of City Tunnel No.2 - S/S E 233rd St, W/O Bronxwood Ave IFO 862 E 233rd St.", "sample_date": "2025-09-30T00:00:00Z", "sample_class": "Operational", "residual_free_chlorine_mg_l": "0.97", "turbidity_ntu": "0.57", "coliform_quanti_tray_mpn_100ml": "<1", "e_coli_quanti_tray_mpn_100ml": "<1", "fluoride_mg_l": "0.75" }, "geometry": { "type": "Point", "coordinates": [ 1024721.0, 264392.0 ] } },
{ "type": "Feature", "properties": { "sample_station_(ss)_location_description": "SS - Shaft 7 of City Tunnel No.1 - NE/S W 167th St, 1st SE/O Sedgwick Ave IFO 1260 Sedgwick Ave", "sample_date": "2025-09-30T00:00:00Z", "sample_class": "Operational", "residual_free_chlorine_mg_l": "0.79", "turbidity_ntu": "0.64", "coliform_quanti_tray_mpn_100ml": "<1", "e_coli_quanti_tray_mpn_100ml": "<1", "fluoride_mg_l": null }, "geometry": { "type": "Point", "coordinates": [ 1004013.0, 245233.0 ] } },
{ "type": "Feature", "properties": { "sample_station_(ss)_location_description": "SS - Shaft 3B of City Tunnel No.3 - W/S Jerome Ave, S/O access road to Mosholu Golf Course (SW corner of entrance to park)", "sample_date": "2025-09-30T00:00:00Z", "sample_class": "Operational", "residual_free_chlorine_mg_l": "0.86", "turbidity_ntu": "0.55", "coliform_quanti_tray_mpn_100ml": "<1", "e_coli_quanti_tray_mpn_100ml": "<1", "fluoride_mg_l": "0.75" }, "geometry": { "type": "Point", "coordinates": [ 1014949.0, 260688.0 ] } },
{ "type": "Feature", "properties": { "sample_station_(ss)_location_description": "Jerome Park Reservoir (W205th St & Goulden Ave, Bx) - Croton Distribution Chamber - low pressure service tunnel, Tap in Gatehouse #5, treated water", "sample_date": "2025-09-30T00:00:00Z", "sample_class": "Operational", "residual_free_chlorine_mg_l": "0.75", "turbidity_ntu": "0.16", "coliform_quanti_tray_mpn_100ml": "<1", "e_coli_quanti_tray_mpn_100ml": "<1", "fluoride_mg_l": "0.68" }, "geometry": { "type": "Point", "coordinates": [ 1013921.0, 259223.0 ] } },
{ "type": "Feature", "properties": { "sample_station_(ss)_location_description": "Jerome Park Reservoir (W205th St & Goulden Ave, Bx) - Croton Distribution Chamber - high pressure service tunnel, Tap #3 in Gatehouse #5, treated water", "sample_date": "2025-09-30T00:00:00Z", "sample_class": "Operational", "residual_free_chlorine_mg_l": "0.69", "turbidity_ntu": "0.61", "coliform_quanti_tray_mpn_100ml": "<1", "e_coli_quanti_tray_mpn_100ml": "<1", "fluoride_mg_l": "0.75" }, "geometry": { "type": "Point", "coordinates": [ 1013921.0, 259223.0 ] } },
{ "type": "Feature", "properties": { "sample_station_(ss)_location_description": "Jerome Park Reservoir (W205th St & Goulden Ave, Bx) - Croton Distribution Chamber - high pressure service tunnel, Tap in Gatehouse #5, treated water", "sample_date": "2016-03-31T00:00:00Z", "sample_class": "Operational", "residual_free_chlorine_mg_l": "0.4", "turbidity_ntu": "<0.10", "coliform_quanti_tray_mpn_100ml": "<1", "e_coli_quanti_tray_mpn_100ml": "<1", "fluoride_mg_l": "0.82" }, "geometry": { "type": "Point", "coordinates": [ 1013921.0, 259223.0 ] } },
{ "type": "Feature", "properties": { "sample_station_(ss)_location_description": "SS - W/S Zerega Ave, 1st SS S/O Hermany Ave, 12\" OPP NYC Sanitation", "sample_date": "2025-09-30T00:00:00Z", "sample_class": "Compliance", "residual_free_chlorine_mg_l": "0.68", "turbidity_ntu": "0.56", "coliform_quanti_tray_mpn_100ml": "<1", "e_coli_quanti_tray_mpn_100ml": "<1", "fluoride_mg_l": null }, "geometry": { "type": "Point", "coordinates": [ 1027625.0, 239952.0 ] } },
{ "type": "Feature", "properties": { "sample_station_(ss)_location_description": "SS - W/S Nelson Ave, 1st SS N/O W 168th St (OPP school-1248 Nelson Ave), 12\"", "sample_date": "2025-09-29T00:00:00Z", "sample_class": "Compliance", "residual_free_chlorine_mg_l": "0.74", "turbidity_ntu": "0.53", "coliform_quanti_tray_mpn_100ml": "<1", "e_coli_quanti_tray_mpn_100ml": "<1", "fluoride_mg_l": null }, "geometry": { "type": "Point", "coordinates": [ 1005082.0, 244866.0 ] } },
{ "type": "Feature", "properties": { "sample_station_(ss)_location_description": "SS - W/S Stadium Ave, 1St SS N/O Randolph Pl, 12\"", "sample_date": "2025-09-23T00:00:00Z", "sample_class": "Compliance", "residual_free_chlorine_mg_l": "0.66", "turbidity_ntu": "0.5", "coliform_quanti_tray_mpn_100ml": "<1", "e_coli_quanti_tray_mpn_100ml": "<1", "fluoride_mg_l": null }, "geometry": { "type": "Point", "coordinates": [ 1033944.0, 246040.0 ] } },
{ "type": "Feature", "properties": { "sample_station_(ss)_location_description": "SS - N/S Bartow Ave, 2nd SS W/O Co-op City Blvd, 20\"", "sample_date": "2025-09-24T00:00:00Z", "sample_class": "Compliance", "residual_free_chlorine_mg_l": "0.89", "turbidity_ntu": "0.59", "coliform_quanti_tray_mpn_100ml": "<1", "e_coli_quanti_tray_mpn_100ml": "<1", "fluoride_mg_l": null }, "geometry": { "type": "Point", "coordinates": [ 1031623.0, 256138.0 ] } },
{ "type": "Feature", "properties": { "sample_station_(ss)_location_description": "SS - E/S Riverdale Ave, 1st SS S/O W 260th St (IFO church), OPP 5977 Riverdale Ave, 12\"", "sample_date": "2025-09-22T00:00:00Z", "sample_class": "Compliance", "residual_free_chlorine_mg_l": "0.44", "turbidity_ntu": "0.39", "coliform_quanti_tray_mpn_100ml": "<1", "e_coli_quanti_tray_mpn_100ml": "<1", "fluoride_mg_l": null }, "geometry": { "type": "Point", "coordinates": [ 1010873.0, 270095.0 ] } },
{ "type": "Feature", "properties": { "sample_station_(ss)_location_description": "SS - IFO 1675 W/S University Ave, 2nd SS S/O W 176th St, IFO 1669 University Ave, 12\"", "sample_date": "2025-09-26T00:00:00Z", "sample_class": "Compliance", "residual_free_chlorine_mg_l": "0.53", "turbidity_ntu": "0.71", "coliform_quanti_tray_mpn_100ml": "<1", "e_coli_quanti_tray_mpn_100ml": "<1", "fluoride_mg_l": null }, "geometry": { "type": "Point", "coordinates": [ 1006824.0, 248454.0 ] } },
{ "type": "Feature", "properties": { "sample_station_(ss)_location_description": "SS - IFO 71E N/S E 183rd St, 1st SS W/O Morris Ave, 12\"", "sample_date": "2025-09-25T00:00:00Z", "sample_class": "Compliance", "residual_free_chlorine_mg_l": "0.61", "turbidity_ntu": "0.52", "coliform_quanti_tray_mpn_100ml": "<1", "e_coli_quanti_tray_mpn_100ml": "<1", "fluoride_mg_l": null }, "geometry": { "type": "Point", "coordinates": [ 1011330.0, 251963.0 ] } },
{ "type": "Feature", "properties": { "sample_station_(ss)_location_description": "SS - IFO 925 N/S E Tremont Ave, 1st SS E/O Daly Ave, 20\"", "sample_date": "2025-09-24T00:00:00Z", "sample_class": "Compliance", "residual_free_chlorine_mg_l": "0.97", "turbidity_ntu": "0.66", "coliform_quanti_tray_mpn_100ml": "<1", "e_coli_quanti_tray_mpn_100ml": "<1", "fluoride_mg_l": null }, "geometry": { "type": "Point", "coordinates": [ 1016434.0, 245999.0 ] } },
{ "type": "Feature", "properties": { "sample_station_(ss)_location_description": "SS - W/S Metropolitan Ave, 2nd SS N/O Parkchester Rd (IFO Macy's), 20\"", "sample_date": "2025-09-29T00:00:00Z", "sample_class": "Compliance", "residual_free_chlorine_mg_l": "0.57", "turbidity_ntu": "0.43", "coliform_quanti_tray_mpn_100ml": "<1", "e_coli_quanti_tray_mpn_100ml": "<1", "fluoride_mg_l": null }, "geometry": { "type": "Point", "coordinates": [ 1022677.0, 244011.0 ] } },
{ "type": "Feature", "properties": { "sample_station_(ss)_location_description": "SS - IFO 920 S/S Co - op City Blvd, 2nd SS W/O Dreiser Loop, 20\"", "sample_date": "2025-09-25T00:00:00Z", "sample_class": "Compliance", "residual_free_chlorine_mg_l": "0.69", "turbidity_ntu": "0.6", "coliform_quanti_tray_mpn_100ml": "<1", "e_coli_quanti_tray_mpn_100ml": "<1", "fluoride_mg_l": null }, "geometry": { "type": "Point", "coordinates": [ 1031142.0, 259322.0 ] } },
{ "type": "Feature", "properties": { "sample_station_(ss)_location_description": "SS - IFO 1058 S/S E Gun Hill Rd, 1st SS E/O Hone Ave, 12\"", "sample_date": "2025-09-21T00:00:00Z", "sample_class": "Compliance", "residual_free_chlorine_mg_l": "0.53", "turbidity_ntu": "0.64", "coliform_quanti_tray_mpn_100ml": "<1", "e_coli_quanti_tray_mpn_100ml": "<1", "fluoride_mg_l": null }, "geometry": { "type": "Point", "coordinates": [ 1023792.0, 257836.0 ] } },
{ "type": "Feature", "properties": { "sample_station_(ss)_location_description": "SS - IFO 250 E/S City Island Ave, BTW Carroll & Schofield Sts, 20\"", "sample_date": "2025-09-30T00:00:00Z", "sample_class": "Compliance", "residual_free_chlorine_mg_l": "0.32", "turbidity_ntu": "0.58", "coliform_quanti_tray_mpn_100ml": "<1", "e_coli_quanti_tray_mpn_100ml": "<1", "fluoride_mg_l": null }, "geometry": { "type": "Point", "coordinates": [ 1043521.0, 247419.0 ] } },
{ "type": "Feature", "properties": { "sample_station_(ss)_location_description": "SS - S/S E 177th St, BTW Walton & Morris Aves, 36\"", "sample_date": "2025-01-14T00:00:00Z", "sample_class": "Operational", "residual_free_chlorine_mg_l": "0.73", "turbidity_ntu": "0.93", "coliform_quanti_tray_mpn_100ml": "<1", "e_coli_quanti_tray_mpn_100ml": "<1", "fluoride_mg_l": null }, "geometry": { "type": "Point", "coordinates": [ 1009464.0, 248889.0 ] } },
{ "type": "Feature", "properties": { "sample_station_(ss)_location_description": "SS - OPP 1540 W/S Jerome Ave, 1st SS S/O Goble Pl, 48\"", "sample_date": "2025-01-13T00:00:00Z", "sample_class": "Operational", "residual_free_chlorine_mg_l": "0.74", "turbidity_ntu": "0.19", "coliform_quanti_tray_mpn_100ml": "<1", "e_coli_quanti_tray_mpn_100ml": "<1", "fluoride_mg_l": null }, "geometry": { "type": "Point", "coordinates": [ 1007590.0, 246530.0 ] } },
{ "type": "Feature", "properties": { "sample_station_(ss)_location_description": "SS - IFO 963 N/S E 233rd St, 2nd SS W/O Gunther Ave, 12\"", "sample_date": "2025-09-30T00:00:00Z", "sample_class": "Compliance", "residual_free_chlorine_mg_l": "0.94", "turbidity_ntu": "0.6", "coliform_quanti_tray_mpn_100ml": "<1", "e_coli_quanti_tray_mpn_100ml": "<1", "fluoride_mg_l": null }, "geometry": { "type": "Point", "coordinates": [ 1025842.0, 263931.0 ] } },
{ "type": "Feature", "properties": { "sample_station_(ss)_location_description": "SS - OPP 1134 N/S E 225th St, 2nd SS W/O Schieffelin Ave, 12\"", "sample_date": "2025-09-26T00:00:00Z", "sample_class": "Compliance", "residual_free_chlorine_mg_l": "0.64", "turbidity_ntu": "0.51", "coliform_quanti_tray_mpn_100ml": "<1", "e_coli_quanti_tray_mpn_100ml": "<1", "fluoride_mg_l": null }, "geometry": { "type": "Point", "coordinates": [ 1026480.0, 261194.0 ] } },
{ "type": "Feature", "properties": { "sample_station_(ss)_location_description": "SS - IFO 352 S/S E Gun Hill Rd, 1st SS W/O Decatur Ave, 20\"", "sample_date": "2025-09-25T00:00:00Z", "sample_class": "Compliance", "residual_free_chlorine_mg_l": "0.65", "turbidity_ntu": "0.49", "coliform_quanti_tray_mpn_100ml": "<1", "e_coli_quanti_tray_mpn_100ml": "<1", "fluoride_mg_l": null }, "geometry": { "type": "Point", "coordinates": [ 1019445.0, 259431.0 ] } },
{ "type": "Feature", "properties": { "sample_station_(ss)_location_description": "SS - IFO 2431 W/S Eastchester Rd, 2nd SS S/O Mace Ave, 12\"", "sample_date": "2025-09-22T00:00:00Z", "sample_class": "Compliance", "residual_free_chlorine_mg_l": "0.73", "turbidity_ntu": "0.57", "coliform_quanti_tray_mpn_100ml": "<1", "e_coli_quanti_tray_mpn_100ml": "<1", "fluoride_mg_l": null }, "geometry": { "type": "Point", "coordinates": [ 1027551.0, 253340.0 ] } },
{ "type": "Feature", "properties": { "sample_station_(ss)_location_description": "SS - IFO 2805 W/S Grand Concourse, 2nd SS S/O E 197th St, 20\"", "sample_date": "2025-09-27T00:00:00Z", "sample_class": "Compliance", "residual_free_chlorine_mg_l": "0.65", "turbidity_ntu": "0.69", "coliform_quanti_tray_mpn_100ml": "<1", "e_coli_quanti_tray_mpn_100ml": "<1", "fluoride_mg_l": null }, "geometry": { "type": "Point", "coordinates": [ 1014019.0, 255932.0 ] } },
{ "type": "Feature", "properties": { "sample_station_(ss)_location_description": "SS - N/S E Fordham Rd, 1st SS E/O Washington Ave, 20\"", "sample_date": "2025-01-09T00:00:00Z", "sample_class": "Compliance", "residual_free_chlorine_mg_l": "0.61", "turbidity_ntu": "0.81", "coliform_quanti_tray_mpn_100ml": "<1", "e_coli_quanti_tray_mpn_100ml": "<1", "fluoride_mg_l": null }, "geometry": { "type": "Point", "coordinates": [ 1015047.0, 252761.0 ] } },
{ "type": "Feature", "properties": { "sample_station_(ss)_location_description": "SS - IFO 2015 W/S University Ave, 1st SS S/O W 180th St, 12\"", "sample_date": "2025-09-23T00:00:00Z", "sample_class": "Compliance", "residual_free_chlorine_mg_l": "0.58", "turbidity_ntu": "0.65", "coliform_quanti_tray_mpn_100ml": "<1", "e_coli_quanti_tray_mpn_100ml": "<1", "fluoride_mg_l": null }, "geometry": { "type": "Point", "coordinates": [ 1008924.0, 250942.0 ] } },
{ "type": "Feature", "properties": { "sample_station_(ss)_location_description": "SS - E/S Southern Blvd, BTW E 180th & E 181st Sts, 36\"", "sample_date": "2025-01-23T00:00:00Z", "sample_class": "Operational", "residual_free_chlorine_mg_l": "0.87", "turbidity_ntu": "1.02", "coliform_quanti_tray_mpn_100ml": "<1", "e_coli_quanti_tray_mpn_100ml": "<1", "fluoride_mg_l": null }, "geometry": { "type": "Point", "coordinates": [ 1016282.0, 247551.0 ] } },
{ "type": "Feature", "properties": { "sample_station_(ss)_location_description": "SS - W/S Southern Blvd, BTW Garden & E 182nd Sts, 48\"", "sample_date": "2025-01-06T00:00:00Z", "sample_class": "Operational", "residual_free_chlorine_mg_l": "0.5", "turbidity_ntu": "0.88", "coliform_quanti_tray_mpn_100ml": "<1", "e_coli_quanti_tray_mpn_100ml": "<1", "fluoride_mg_l": null }, "geometry": { "type": "Point", "coordinates": [ 1016626.0, 248602.0 ] } },
{ "type": "Feature", "properties": { "sample_station_(ss)_location_description": "SS - IFO 1778 E/S Jerome Ave, 1st SS S/O E 176th St, 12\"", "sample_date": "2025-09-21T00:00:00Z", "sample_class": "Compliance", "residual_free_chlorine_mg_l": "0.59", "turbidity_ntu": "0.49", "coliform_quanti_tray_mpn_100ml": "<1", "e_coli_quanti_tray_mpn_100ml": "<1", "fluoride_mg_l": null }, "geometry": { "type": "Point", "coordinates": [ 1008681.0, 248387.0 ] } },
{ "type": "Feature", "properties": { "sample_station_(ss)_location_description": "SS - S/S E 180th St, BTW Webster & Valentine Aves, IFO School 48\"", "sample_date": "2025-01-10T00:00:00Z", "sample_class": "Operational", "residual_free_chlorine_mg_l": "0.71", "turbidity_ntu": "0.78", "coliform_quanti_tray_mpn_100ml": "<1", "e_coli_quanti_tray_mpn_100ml": "<1", "fluoride_mg_l": null }, "geometry": { "type": "Point", "coordinates": [ 1012181.0, 249738.0 ] } },
{ "type": "Feature", "properties": { "sample_station_(ss)_location_description": "SS - IFO 960 S/S E 156th St, BTW Kelly & Beck Sts, 48\"", "sample_date": "2025-01-11T00:00:00Z", "sample_class": "Op-resample", "residual_free_chlorine_mg_l": "0.71", "turbidity_ntu": "0.8", "coliform_quanti_tray_mpn_100ml": "<1", "e_coli_quanti_tray_mpn_100ml": "<1", "fluoride_mg_l": null }, "geometry": { "type": "Point", "coordinates": [ 1012057.0, 236583.0 ] } },
{ "type": "Feature", "properties": { "sample_station_(ss)_location_description": "SS -OPP 1540 W/S Jerome Ave, 2nd SS S/O Goble Pl, 48\"", "sample_date": "2025-01-13T00:00:00Z", "sample_class": "Operational", "residual_free_chlorine_mg_l": "0.65", "turbidity_ntu": "0.88", "coliform_quanti_tray_mpn_100ml": "<1", "e_coli_quanti_tray_mpn_100ml": "<1", "fluoride_mg_l": null }, "geometry": { "type": "Point", "coordinates": [ 1007582.0, 246514.0 ] } },
{ "type": "Feature", "properties": { "sample_station_(ss)_location_description": "SS - E/S Southern Blvd, BTW E 172nd & E 173rd Sts, OPP 1571 Southern Blvd, 36\"", "sample_date": "2025-01-15T00:00:00Z", "sample_class": "Operational", "residual_free_chlorine_mg_l": "0.66", "turbidity_ntu": "0.91", "coliform_quanti_tray_mpn_100ml": "<1", "e_coli_quanti_tray_mpn_100ml": "<1", "fluoride_mg_l": null }, "geometry": { "type": "Point", "coordinates": [ 1015030.0, 243659.0 ] } },
{ "type": "Feature", "properties": { "sample_station_(ss)_location_description": "SS - OPP 3748 W/S Third Ave, 1st SS N/O St Paul's Pl, 20\"", "sample_date": "2025-09-29T00:00:00Z", "sample_class": "Compliance", "residual_free_chlorine_mg_l": "0.78", "turbidity_ntu": "0.69", "coliform_quanti_tray_mpn_100ml": "<1", "e_coli_quanti_tray_mpn_100ml": "<1", "fluoride_mg_l": null }, "geometry": { "type": "Point", "coordinates": [ 1011164.0, 243988.0 ] } },
{ "type": "Feature", "properties": { "sample_station_(ss)_location_description": "SS - OPP 958 W/S Gerard Ave, 2nd SS S/O E 164th St, 12\"", "sample_date": "2025-09-26T00:00:00Z", "sample_class": "Compliance", "residual_free_chlorine_mg_l": "0.58", "turbidity_ntu": "0.54", "coliform_quanti_tray_mpn_100ml": "<1", "e_coli_quanti_tray_mpn_100ml": "<1", "fluoride_mg_l": null }, "geometry": { "type": "Point", "coordinates": [ 1005321.0, 241483.0 ] } },
{ "type": "Feature", "properties": { "sample_station_(ss)_location_description": "SS - E/S Concourse Village East, 1st SS N/O E 158th St, 12\"", "sample_date": "2025-09-28T00:00:00Z", "sample_class": "Compliance", "residual_free_chlorine_mg_l": "0.69", "turbidity_ntu": "0.62", "coliform_quanti_tray_mpn_100ml": "<1", "e_coli_quanti_tray_mpn_100ml": "<1", "fluoride_mg_l": null }, "geometry": { "type": "Point", "coordinates": [ 1006655.0, 239592.0 ] } },
{ "type": "Feature", "properties": { "sample_station_(ss)_location_description": "SS - W/S Jackson Ave, 1st SS S/O St Mary's St, 20\"", "sample_date": "2025-09-26T00:00:00Z", "sample_class": "Compliance", "residual_free_chlorine_mg_l": "0.67", "turbidity_ntu": "0.52", "coliform_quanti_tray_mpn_100ml": "<1", "e_coli_quanti_tray_mpn_100ml": "<1", "fluoride_mg_l": null }, "geometry": { "type": "Point", "coordinates": [ 1008919.0, 233877.0 ] } },
{ "type": "Feature", "properties": { "sample_station_(ss)_location_description": "SS - N/S E 135th St, 2nd SS W/O Willis Ave, 12\"", "sample_date": "2025-09-25T00:00:00Z", "sample_class": "Compliance", "residual_free_chlorine_mg_l": "0.26", "turbidity_ntu": "0.19", "coliform_quanti_tray_mpn_100ml": "<1", "e_coli_quanti_tray_mpn_100ml": "<1", "fluoride_mg_l": null }, "geometry": { "type": "Point", "coordinates": [ 1004935.0, 233559.0 ] } },
{ "type": "Feature", "properties": { "sample_station_(ss)_location_description": "SS - W/S Trinity Ave, 2nd SS S/O E 163rd St (IFO school), 16\"", "sample_date": "2025-09-30T00:00:00Z", "sample_class": "Compliance", "residual_free_chlorine_mg_l": "0.7", "turbidity_ntu": "0.58", "coliform_quanti_tray_mpn_100ml": "<1", "e_coli_quanti_tray_mpn_100ml": "<1", "fluoride_mg_l": null }, "geometry": { "type": "Point", "coordinates": [ 1010196.0, 238892.0 ] } },
{ "type": "Feature", "properties": { "sample_station_(ss)_location_description": "SS - IFO 1420 E/S Grand Concourse, 1st SS S/O E 171st St, 12\"", "sample_date": "2025-09-28T00:00:00Z", "sample_class": "Compliance", "residual_free_chlorine_mg_l": "0.57", "turbidity_ntu": "0.69", "coliform_quanti_tray_mpn_100ml": "<1", "e_coli_quanti_tray_mpn_100ml": "<1", "fluoride_mg_l": null }, "geometry": { "type": "Point", "coordinates": [ 1008300.0, 245099.0 ] } },
{ "type": "Feature", "properties": { "sample_station_(ss)_location_description": "SS - IFO 4315 W/S Third Ave, 1st SS N/O E 179th St, 20\"", "sample_date": "2025-09-16T00:00:00Z", "sample_class": "Compliance", "residual_free_chlorine_mg_l": "0.9", "turbidity_ntu": "0.59", "coliform_quanti_tray_mpn_100ml": "<1", "e_coli_quanti_tray_mpn_100ml": "<1", "fluoride_mg_l": null }, "geometry": { "type": "Point", "coordinates": [ 1013358.0, 248845.0 ] } },
{ "type": "Feature", "properties": { "sample_station_(ss)_location_description": "SS - W/S Bailey Ave, BTW W 231st & W 233rd Sts, 48\"", "sample_date": "2025-01-14T00:00:00Z", "sample_class": "Operational", "residual_free_chlorine_mg_l": "0.74", "turbidity_ntu": "0.14", "coliform_quanti_tray_mpn_100ml": "<1", "e_coli_quanti_tray_mpn_100ml": "<1", "fluoride_mg_l": null }, "geometry": { "type": "Point", "coordinates": [ 1011253.0, 259260.0 ] } },
{ "type": "Feature", "properties": { "sample_station_(ss)_location_description": "SS - IFO 79E N/S East Gun Hill Rd, 1st SS W/O Rochambeau Ave, IFO 83 E. Gun Hill Rd, 20\"", "sample_date": "2025-09-29T00:00:00Z", "sample_class": "Compliance", "residual_free_chlorine_mg_l": "0.67", "turbidity_ntu": "0.58", "coliform_quanti_tray_mpn_100ml": "<1", "e_coli_quanti_tray_mpn_100ml": "<1", "fluoride_mg_l": null }, "geometry": { "type": "Point", "coordinates": [ 1017550.0, 260554.0 ] } },
{ "type": "Feature", "properties": { "sample_station_(ss)_location_description": "SS - IFO 2499 W/S Grand Ave, 1st SS S/O W 190th St, OPP 24-84 Grand Ave 12\"", "sample_date": "2025-09-21T00:00:00Z", "sample_class": "Compliance", "residual_free_chlorine_mg_l": "0.6", "turbidity_ntu": "0.52", "coliform_quanti_tray_mpn_100ml": "<1", "e_coli_quanti_tray_mpn_100ml": "<1", "fluoride_mg_l": null }, "geometry": { "type": "Point", "coordinates": [ 1011297.0, 254171.0 ] } },
{ "type": "Feature", "properties": { "sample_station_(ss)_location_description": "SS - W/S Bronxdale Ave, 2nd SS S/O Rhinelander Ave, 12\"", "sample_date": "2025-09-16T00:00:00Z", "sample_class": "Compliance", "residual_free_chlorine_mg_l": "0.7", "turbidity_ntu": "0.56", "coliform_quanti_tray_mpn_100ml": "<1", "e_coli_quanti_tray_mpn_100ml": "<1", "fluoride_mg_l": null }, "geometry": { "type": "Point", "coordinates": [ 1022864.0, 248301.0 ] } },
{ "type": "Feature", "properties": { "sample_station_(ss)_location_description": "SS - IFO 251 N/S E 204th St, 1st SS E/O Valentine Ave, 12\"", "sample_date": "2025-09-30T00:00:00Z", "sample_class": "Compliance", "residual_free_chlorine_mg_l": "0.7", "turbidity_ntu": "0.69", "coliform_quanti_tray_mpn_100ml": "<1", "e_coli_quanti_tray_mpn_100ml": "<1", "fluoride_mg_l": null }, "geometry": { "type": "Point", "coordinates": [ 1016202.0, 257822.0 ] } },
{ "type": "Feature", "properties": { "sample_station_(ss)_location_description": "SS - IFO 3902 E/S White Plains Rd, 1st SS N/O E 222nd St, 20\"", "sample_date": "2025-09-27T00:00:00Z", "sample_class": "Compliance", "residual_free_chlorine_mg_l": "0.77", "turbidity_ntu": "0.63", "coliform_quanti_tray_mpn_100ml": "<1", "e_coli_quanti_tray_mpn_100ml": "<1", "fluoride_mg_l": null }, "geometry": { "type": "Point", "coordinates": [ 1022580.0, 262068.0 ] } },
{ "type": "Feature", "properties": { "sample_station_(ss)_location_description": "SS - IFO 1541 N/S Westchester Ave, BTW Boynton & Ward Aves,  20\"", "sample_date": "2025-09-27T00:00:00Z", "sample_class": "Compliance", "residual_free_chlorine_mg_l": "0.94", "turbidity_ntu": "0.65", "coliform_quanti_tray_mpn_100ml": "<1", "e_coli_quanti_tray_mpn_100ml": "<1", "fluoride_mg_l": null }, "geometry": { "type": "Point", "coordinates": [ 1018029.0, 241253.0 ] } },
{ "type": "Feature", "properties": { "sample_station_(ss)_location_description": "SS - W/S Westchester Ave, 1st SS N/O St Peters Ave, 20\"", "sample_date": "2025-09-26T00:00:00Z", "sample_class": "Compliance", "residual_free_chlorine_mg_l": "0.72", "turbidity_ntu": "0.53", "coliform_quanti_tray_mpn_100ml": "<1", "e_coli_quanti_tray_mpn_100ml": "<1", "fluoride_mg_l": null }, "geometry": { "type": "Point", "coordinates": [ 1027285.0, 244910.0 ] } },
{ "type": "Feature", "properties": { "sample_station_(ss)_location_description": "SS - IFO 4740 E/S White Plains Rd, 1st SS N/O St Ouen St, 20\"", "sample_date": "2025-09-23T00:00:00Z", "sample_class": "Compliance", "residual_free_chlorine_mg_l": "0.42", "turbidity_ntu": "0.44", "coliform_quanti_tray_mpn_100ml": "<1", "e_coli_quanti_tray_mpn_100ml": "<1", "fluoride_mg_l": null }, "geometry": { "type": "Point", "coordinates": [ 1025828.0, 268839.0 ] } },
{ "type": "Feature", "properties": { "sample_station_(ss)_location_description": "SS - N/S Allerton Ave, 1st SS E/O Throop Ave, 12\"", "sample_date": "2025-09-28T00:00:00Z", "sample_class": "Compliance", "residual_free_chlorine_mg_l": "0.71", "turbidity_ntu": "0.61", "coliform_quanti_tray_mpn_100ml": "<1", "e_coli_quanti_tray_mpn_100ml": "<1", "fluoride_mg_l": null }, "geometry": { "type": "Point", "coordinates": [ 1025509.0, 254616.0 ] } },
{ "type": "Feature", "properties": { "sample_station_(ss)_location_description": "SS - N/S W 232nd St, 1st SS E/O Arlington Ave, 12\"", "sample_date": "2025-09-24T00:00:00Z", "sample_class": "Compliance", "residual_free_chlorine_mg_l": "0.42", "turbidity_ntu": "0.45", "coliform_quanti_tray_mpn_100ml": "<1", "e_coli_quanti_tray_mpn_100ml": "<1", "fluoride_mg_l": null }, "geometry": { "type": "Point", "coordinates": [ 1008514.0, 261350.0 ] } },
{ "type": "Feature", "properties": { "sample_station_(ss)_location_description": "SS - IFO 2548 E/S White Plains Rd, 2nd SS N/O Mace Ave, 20\"", "sample_date": "2025-09-29T00:00:00Z", "sample_class": "Compliance", "residual_free_chlorine_mg_l": "0.45", "turbidity_ntu": "0.47", "coliform_quanti_tray_mpn_100ml": "<1", "e_coli_quanti_tray_mpn_100ml": "<1", "fluoride_mg_l": null }, "geometry": { "type": "Point", "coordinates": [ 1020965.0, 254176.0 ] } },
{ "type": "Feature", "properties": { "sample_station_(ss)_location_description": "SS - IFO 309 N/S E 149th St, 2nd SS W/O Courtlandt Ave, 12\"", "sample_date": "2025-09-21T00:00:00Z", "sample_class": "Compliance", "residual_free_chlorine_mg_l": "0.49", "turbidity_ntu": "0.58", "coliform_quanti_tray_mpn_100ml": "<1", "e_coli_quanti_tray_mpn_100ml": "<1", "fluoride_mg_l": null }, "geometry": { "type": "Point", "coordinates": [ 1006168.0, 236943.0 ] } },
{ "type": "Feature", "properties": { "sample_station_(ss)_location_description": "SS - IFO 1871 N/S Lafayette Ave, 1st SS W/O Underhill Ave, 12\"", "sample_date": "2025-09-24T00:00:00Z", "sample_class": "Compliance", "residual_free_chlorine_mg_l": "0.49", "turbidity_ntu": "0.3", "coliform_quanti_tray_mpn_100ml": "<1", "e_coli_quanti_tray_mpn_100ml": "<1", "fluoride_mg_l": null }, "geometry": { "type": "Point", "coordinates": [ 1022842.0, 238715.0 ] } },
{ "type": "Feature", "properties": { "sample_station_(ss)_location_description": "SS - IFO 835 W/S Hunts Point Ave, 1st SS S/O Gilbert Pl, 12\"", "sample_date": "2025-09-22T00:00:00Z", "sample_class": "Compliance", "residual_free_chlorine_mg_l": "0.94", "turbidity_ntu": "0.61", "coliform_quanti_tray_mpn_100ml": "<1", "e_coli_quanti_tray_mpn_100ml": "<1", "fluoride_mg_l": null }, "geometry": { "type": "Point", "coordinates": [ 1015077.0, 237136.0 ] } },
{ "type": "Feature", "properties": { "sample_station_(ss)_location_description": "SS - W/S Kingsbridge Ave, 1st SS N/O W 232nd St, 12\"", "sample_date": "2025-09-16T00:00:00Z", "sample_class": "Compliance", "residual_free_chlorine_mg_l": "0.58", "turbidity_ntu": "0.6", "coliform_quanti_tray_mpn_100ml": "<1", "e_coli_quanti_tray_mpn_100ml": "<1", "fluoride_mg_l": null }, "geometry": { "type": "Point", "coordinates": [ 1010441.0, 260348.0 ] } },
{ "type": "Feature", "properties": { "sample_station_(ss)_location_description": "SS -S/S of Westbound Bronx & Pelham Pkwy, on Center Median W/O Eastchester Rd, 36\"", "sample_date": "2025-01-09T00:00:00Z", "sample_class": "Operational", "residual_free_chlorine_mg_l": "0.73", "turbidity_ntu": "0.95", "coliform_quanti_tray_mpn_100ml": "<1", "e_coli_quanti_tray_mpn_100ml": "<1", "fluoride_mg_l": null }, "geometry": { "type": "Point", "coordinates": [ 1026261.0, 251872.0 ] } },
{ "type": "Feature", "properties": { "sample_station_(ss)_location_description": "SS - IFO 2208 S/S Starling Ave, BTW Castle Hill & Glebe Aves, 48\"", "sample_date": "2025-01-10T00:00:00Z", "sample_class": "Operational", "residual_free_chlorine_mg_l": "0.7", "turbidity_ntu": "0.78", "coliform_quanti_tray_mpn_100ml": "<1", "e_coli_quanti_tray_mpn_100ml": "<1", "fluoride_mg_l": null }, "geometry": { "type": "Point", "coordinates": [ 1025309.0, 244013.0 ] } },
{ "type": "Feature", "properties": { "sample_station_(ss)_location_description": "SS - IFO 653 E/S River Ave, BTW E 150th & E 151st Sts, 36\"", "sample_date": "2025-01-23T00:00:00Z", "sample_class": "Operational", "residual_free_chlorine_mg_l": "0.73", "turbidity_ntu": "0.14", "coliform_quanti_tray_mpn_100ml": "<1", "e_coli_quanti_tray_mpn_100ml": "<1", "fluoride_mg_l": null }, "geometry": { "type": "Point", "coordinates": [ 1003933.0, 238872.0 ] } },
{ "type": "Feature", "properties": { "sample_station_(ss)_location_description": "SS - E/S Southern Blvd, BTW St Mary's & E 142nd Sts, 36\"", "sample_date": "2025-01-15T00:00:00Z", "sample_class": "Operational", "residual_free_chlorine_mg_l": "0.48", "turbidity_ntu": "0.79", "coliform_quanti_tray_mpn_100ml": "<1", "e_coli_quanti_tray_mpn_100ml": "<1", "fluoride_mg_l": null }, "geometry": { "type": "Point", "coordinates": [ 1009738.0, 233525.0 ] } },
{ "type": "Feature", "properties": { "sample_station_(ss)_location_description": "SS - W/S West Farms Rd, 2nd SS S/O E 167th St, OPP 1096 West Farms Rd, 12\"", "sample_date": "2025-09-23T00:00:00Z", "sample_class": "Compliance", "residual_free_chlorine_mg_l": "0.84", "turbidity_ntu": "0.6", "coliform_quanti_tray_mpn_100ml": "<1", "e_coli_quanti_tray_mpn_100ml": "<1", "fluoride_mg_l": null }, "geometry": { "type": "Point", "coordinates": [ 1014529.0, 240306.0 ] } },
{ "type": "Feature", "properties": { "sample_station_(ss)_location_description": "SS - S/S E 164th St, BTW River & Gerard Aves, 48\"", "sample_date": "2025-01-08T00:00:00Z", "sample_class": "Operational", "residual_free_chlorine_mg_l": "0.59", "turbidity_ntu": "0.83", "coliform_quanti_tray_mpn_100ml": "<1", "e_coli_quanti_tray_mpn_100ml": "<1", "fluoride_mg_l": null }, "geometry": { "type": "Point", "coordinates": [ 1005303.0, 241864.0 ] } },
{ "type": "Feature", "properties": { "sample_station_(ss)_location_description": "SS - N/S Dewey Ave, BTW Quincy & Swinton Aves, 12\"", "sample_date": "2025-09-28T00:00:00Z", "sample_class": "Compliance", "residual_free_chlorine_mg_l": "0.47", "turbidity_ntu": "0.5", "coliform_quanti_tray_mpn_100ml": "<1", "e_coli_quanti_tray_mpn_100ml": "<1", "fluoride_mg_l": null }, "geometry": { "type": "Point", "coordinates": [ 1033436.0, 238573.0 ] } },
{ "type": "Feature", "properties": { "sample_station_(ss)_location_description": "SS - IFO 4977 W/S Henry Hudson Pkwy, 2nd SS S/O W 252nd St, 20\"", "sample_date": "2025-09-27T00:00:00Z", "sample_class": "Compliance", "residual_free_chlorine_mg_l": "0.52", "turbidity_ntu": "0.51", "coliform_quanti_tray_mpn_100ml": "<1", "e_coli_quanti_tray_mpn_100ml": "<1", "fluoride_mg_l": null }, "geometry": { "type": "Point", "coordinates": [ 1009639.0, 266491.0 ] } },
{ "type": "Feature", "properties": { "sample_station_(ss)_location_description": "SS - IFO 750 S/S E 169th St, BTW Boston Rd & Tinton Ave, 36\"", "sample_date": "2024-11-15T00:00:00Z", "sample_class": "Operational", "residual_free_chlorine_mg_l": "0.82", "turbidity_ntu": "0.69", "coliform_quanti_tray_mpn_100ml": "<1", "e_coli_quanti_tray_mpn_100ml": "<1", "fluoride_mg_l": null }, "geometry": { "type": "Point", "coordinates": [ 1011911.0, 242028.0 ] } },
{ "type": "Feature", "properties": { "sample_station_(ss)_location_description": "SS - IFO 3453 W/S Jerome Ave, btw W Gun Hill Rd & E 208th St, 36 inch", "sample_date": "2025-01-03T00:00:00Z", "sample_class": "Operational", "residual_free_chlorine_mg_l": "0.61", "turbidity_ntu": "0.91", "coliform_quanti_tray_mpn_100ml": "<1", "e_coli_quanti_tray_mpn_100ml": "<1", "fluoride_mg_l": null }, "geometry": { "type": "Point", "coordinates": [ 1016746.0, 260551.0 ] } },
{ "type": "Feature", "properties": { "sample_station_(ss)_location_description": "SS - IFO 758 S/S E 233rd St, BTW Barnes & Byron Aves, 1st E/O Byron Ave 48\"", "sample_date": "2024-12-13T00:00:00Z", "sample_class": "Operational", "residual_free_chlorine_mg_l": "0.82", "turbidity_ntu": "0.99", "coliform_quanti_tray_mpn_100ml": "<1", "e_coli_quanti_tray_mpn_100ml": "<1", "fluoride_mg_l": null }, "geometry": { "type": "Point", "coordinates": [ 1024284.0, 264511.0 ] } },
{ "type": "Feature", "properties": { "sample_station_(ss)_location_description": "SS - N/S Ave U, 1st SS W/O E 65th St, 12\"", "sample_date": "2025-09-22T00:00:00Z", "sample_class": "Compliance", "residual_free_chlorine_mg_l": "0.41", "turbidity_ntu": "0.58", "coliform_quanti_tray_mpn_100ml": "<1", "e_coli_quanti_tray_mpn_100ml": "<1", "fluoride_mg_l": null }, "geometry": { "type": "Point", "coordinates": [ 1008686.0, 163991.0 ] } },
{ "type": "Feature", "properties": { "sample_station_(ss)_location_description": "SS - E/S W 23rd St, 1st SS N/O Mermaid Ave, 12\"", "sample_date": "2025-09-16T00:00:00Z", "sample_class": "Compliance", "residual_free_chlorine_mg_l": "0.56", "turbidity_ntu": "0.58", "coliform_quanti_tray_mpn_100ml": "<1", "e_coli_quanti_tray_mpn_100ml": "<1", "fluoride_mg_l": null }, "geometry": { "type": "Point", "coordinates": [ 987006.0, 149279.0 ] } },
{ "type": "Feature", "properties": { "sample_station_(ss)_location_description": "SS - N/S Luquer St, BTW Columbia &  Hicks Sts, 20\"", "sample_date": "2018-07-02T00:00:00Z", "sample_class": "Operational", "residual_free_chlorine_mg_l": "0.54", "turbidity_ntu": "0.74", "coliform_quanti_tray_mpn_100ml": "<1", "e_coli_quanti_tray_mpn_100ml": "<1", "fluoride_mg_l": null }, "geometry": { "type": "Point", "coordinates": [ 983104.0, 186572.0 ] } },
{ "type": "Feature", "properties": { "sample_station_(ss)_location_description": "SS - OPP 74 S/S Sullivan St, 2nd SS E/O Van Brunt St, 20\"", "sample_date": "2025-09-25T00:00:00Z", "sample_class": "Compliance", "residual_free_chlorine_mg_l": "0.43", "turbidity_ntu": "0.54", "coliform_quanti_tray_mpn_100ml": "<1", "e_coli_quanti_tray_mpn_100ml": "<1", "fluoride_mg_l": null }, "geometry": { "type": "Point", "coordinates": [ 981016.0, 186055.0 ] } },
{ "type": "Feature", "properties": { "sample_station_(ss)_location_description": "SS - W/S 21st Ave, 2nd SS S/O Cropsey Ave, 12\"", "sample_date": "2025-09-16T00:00:00Z", "sample_class": "Compliance", "residual_free_chlorine_mg_l": "0.41", "turbidity_ntu": "0.53", "coliform_quanti_tray_mpn_100ml": "<1", "e_coli_quanti_tray_mpn_100ml": "<1", "fluoride_mg_l": null }, "geometry": { "type": "Point", "coordinates": [ 983827.0, 157189.0 ] } },
{ "type": "Feature", "properties": { "sample_station_(ss)_location_description": "SS - S/S Park Ave, BTW Emerson Pl & Steuben St, 16\"", "sample_date": "2025-09-25T00:00:00Z", "sample_class": "Compliance", "residual_free_chlorine_mg_l": "0.19", "turbidity_ntu": "0.51", "coliform_quanti_tray_mpn_100ml": "<1", "e_coli_quanti_tray_mpn_100ml": "<1", "fluoride_mg_l": null }, "geometry": { "type": "Point", "coordinates": [ 994544.0, 192845.0 ] } },
{ "type": "Feature", "properties": { "sample_station_(ss)_location_description": "SS - E/S Union Ave, 1st SS N/O Frost St, IFO 568 Union Ave, 20\"", "sample_date": "2025-09-28T00:00:00Z", "sample_class": "Compliance", "residual_free_chlorine_mg_l": "0.62", "turbidity_ntu": "0.62", "coliform_quanti_tray_mpn_100ml": "<1", "e_coli_quanti_tray_mpn_100ml": "<1", "fluoride_mg_l": null }, "geometry": { "type": "Point", "coordinates": [ 997523.0, 200731.0 ] } },
{ "type": "Feature", "properties": { "sample_station_(ss)_location_description": "SS - S/S Sands St. BTW Gold St. and Manhattan Brg. Ent. Ramp, OPP 177 Sands St, 48\"", "sample_date": "2025-09-30T00:00:00Z", "sample_class": "Operational", "residual_free_chlorine_mg_l": "0.47", "turbidity_ntu": "0.61", "coliform_quanti_tray_mpn_100ml": "<1", "e_coli_quanti_tray_mpn_100ml": "<1", "fluoride_mg_l": null }, "geometry": { "type": "Point", "coordinates": [ 988841.0, 194197.0 ] } },
{ "type": "Feature", "properties": { "sample_station_(ss)_location_description": "SS - E/S Clinton St, 2nd SS N/O Pierrepont St, IFO 33 Clinton St, 20\"", "sample_date": "2025-09-29T00:00:00Z", "sample_class": "Compliance", "residual_free_chlorine_mg_l": "0.23", "turbidity_ntu": "0.55", "coliform_quanti_tray_mpn_100ml": "<1", "e_coli_quanti_tray_mpn_100ml": "<1", "fluoride_mg_l": null }, "geometry": { "type": "Point", "coordinates": [ 986528.0, 192665.0 ] } },
{ "type": "Feature", "properties": { "sample_station_(ss)_location_description": "SS - N/S Pacific St, BTW Buffalo & Rochester Aves, 48\"", "sample_date": "2025-01-13T00:00:00Z", "sample_class": "Operational", "residual_free_chlorine_mg_l": "0.51", "turbidity_ntu": "0.96", "coliform_quanti_tray_mpn_100ml": "<1", "e_coli_quanti_tray_mpn_100ml": "<1", "fluoride_mg_l": null }, "geometry": { "type": "Point", "coordinates": [ 1004547.0, 185738.0 ] } },
{ "type": "Feature", "properties": { "sample_station_(ss)_location_description": "SS - N/S Bergen St, 2nd SS E/O Buffalo Ave, OPP 1770 Bergen St, 12\"", "sample_date": "2025-09-23T00:00:00Z", "sample_class": "Compliance", "residual_free_chlorine_mg_l": "0.54", "turbidity_ntu": "0.55", "coliform_quanti_tray_mpn_100ml": "<1", "e_coli_quanti_tray_mpn_100ml": "<1", "fluoride_mg_l": null }, "geometry": { "type": "Point", "coordinates": [ 1005507.0, 185097.0 ] } },
{ "type": "Feature", "properties": { "sample_station_(ss)_location_description": "SS - S/S Willoughby Ave, BTW Clinton & Vanderbilt Aves, 66\"", "sample_date": "2025-01-27T00:00:00Z", "sample_class": "Operational", "residual_free_chlorine_mg_l": "0.34", "turbidity_ntu": "0.9", "coliform_quanti_tray_mpn_100ml": "<1", "e_coli_quanti_tray_mpn_100ml": "<1", "fluoride_mg_l": null }, "geometry": { "type": "Point", "coordinates": [ 992926.0, 191199.0 ] } },
{ "type": "Feature", "properties": { "sample_station_(ss)_location_description": "SS - IFO 413 E/S Classon Ave, BTW Greene & Lexington Aves, 20\"", "sample_date": "2025-09-22T00:00:00Z", "sample_class": "Compliance", "residual_free_chlorine_mg_l": "0.43", "turbidity_ntu": "0.47", "coliform_quanti_tray_mpn_100ml": "<1", "e_coli_quanti_tray_mpn_100ml": "<1", "fluoride_mg_l": null }, "geometry": { "type": "Point", "coordinates": [ 995472.0, 189555.0 ] } },
{ "type": "Feature", "properties": { "sample_station_(ss)_location_description": "SS - IFO 747 N/S Lafayette Ave, 2nd SS W/O Throop Ave, 12\"", "sample_date": "2025-09-26T00:00:00Z", "sample_class": "Compliance", "residual_free_chlorine_mg_l": "0.54", "turbidity_ntu": "0.71", "coliform_quanti_tray_mpn_100ml": "<1", "e_coli_quanti_tray_mpn_100ml": "<1", "fluoride_mg_l": null }, "geometry": { "type": "Point", "coordinates": [ 999981.0, 190980.0 ] } },
{ "type": "Feature", "properties": { "sample_station_(ss)_location_description": "SS - IFO 1135 W/S Decatur St, 2nd SS N/O Evergreen Ave, 12\"", "sample_date": "2025-09-23T00:00:00Z", "sample_class": "Compliance", "residual_free_chlorine_mg_l": "0.25", "turbidity_ntu": "0.44", "coliform_quanti_tray_mpn_100ml": "<1", "e_coli_quanti_tray_mpn_100ml": "<1", "fluoride_mg_l": null }, "geometry": { "type": "Point", "coordinates": [ 1009575.0, 189833.0 ] } },
{ "type": "Feature", "properties": { "sample_station_(ss)_location_description": "SS - IFO 312 E/S Jefferson St, BTW Irving & Knickerbocker Aves, 60\"", "sample_date": "2025-01-03T00:00:00Z", "sample_class": "Operational", "residual_free_chlorine_mg_l": "0.59", "turbidity_ntu": "0.84", "coliform_quanti_tray_mpn_100ml": "<1", "e_coli_quanti_tray_mpn_100ml": "<1", "fluoride_mg_l": null }, "geometry": { "type": "Point", "coordinates": [ 1004792.0, 195987.0 ] } },
{ "type": "Feature", "properties": { "sample_station_(ss)_location_description": "SS - IFO 53 E/S Knickerbocker Ave, 1st SS N/O Grattan St, 20\"", "sample_date": "2025-09-22T00:00:00Z", "sample_class": "Compliance", "residual_free_chlorine_mg_l": "0.51", "turbidity_ntu": "0.48", "coliform_quanti_tray_mpn_100ml": "<1", "e_coli_quanti_tray_mpn_100ml": "<1", "fluoride_mg_l": null }, "geometry": { "type": "Point", "coordinates": [ 1003549.0, 196536.0 ] } },
{ "type": "Feature", "properties": { "sample_station_(ss)_location_description": "SS - E/S Eldert La, 2nd SS N/O Stanley Ave, IFO 943 Eldert Ln, 12\"", "sample_date": "2025-09-24T00:00:00Z", "sample_class": "Compliance", "residual_free_chlorine_mg_l": "0.34", "turbidity_ntu": "0.52", "coliform_quanti_tray_mpn_100ml": "<1", "e_coli_quanti_tray_mpn_100ml": "<1", "fluoride_mg_l": null }, "geometry": { "type": "Point", "coordinates": [ 1022514.0, 182222.0 ] } },
{ "type": "Feature", "properties": { "sample_station_(ss)_location_description": "SS - IFO 307 E/S 7th Ave, 1st SS N/O 8th St, 12\"", "sample_date": "2025-09-26T00:00:00Z", "sample_class": "Compliance", "residual_free_chlorine_mg_l": "0.51", "turbidity_ntu": "0.53", "coliform_quanti_tray_mpn_100ml": "<1", "e_coli_quanti_tray_mpn_100ml": "<1", "fluoride_mg_l": null }, "geometry": { "type": "Point", "coordinates": [ 989547.0, 182489.0 ] } },
{ "type": "Feature", "properties": { "sample_station_(ss)_location_description": "SS - E/S 7th Ave, 1st SS N/O 52nd St, IFO 5115 7th Ave, 12\"", "sample_date": "2025-09-24T00:00:00Z", "sample_class": "Compliance", "residual_free_chlorine_mg_l": "0.37", "turbidity_ntu": "0.55", "coliform_quanti_tray_mpn_100ml": "<1", "e_coli_quanti_tray_mpn_100ml": "<1", "fluoride_mg_l": null }, "geometry": { "type": "Point", "coordinates": [ 982360.0, 172983.0 ] } },
{ "type": "Feature", "properties": { "sample_station_(ss)_location_description": "SS - IFO 37 E/S 7th Ave, 1st SS S/O St Johns Pl, 12\"", "sample_date": "2025-09-21T00:00:00Z", "sample_class": "Compliance", "residual_free_chlorine_mg_l": "0.53", "turbidity_ntu": "0.56", "coliform_quanti_tray_mpn_100ml": "<1", "e_coli_quanti_tray_mpn_100ml": "<1", "fluoride_mg_l": null }, "geometry": { "type": "Point", "coordinates": [ 991434.0, 185676.0 ] } },
{ "type": "Feature", "properties": { "sample_station_(ss)_location_description": "SS - N/S Eastern Pkwy (S/S of svc. Rd), BTW New York & Brooklyn Aves, IFO 645 Eastern Pkwy.  Median BTW Svc & Main 48\"", "sample_date": "2025-01-08T00:00:00Z", "sample_class": "Operational", "residual_free_chlorine_mg_l": "0.62", "turbidity_ntu": "0.98", "coliform_quanti_tray_mpn_100ml": "<1", "e_coli_quanti_tray_mpn_100ml": "<1", "fluoride_mg_l": null }, "geometry": { "type": "Point", "coordinates": [ 999127.0, 183310.0 ] } },
{ "type": "Feature", "properties": { "sample_station_(ss)_location_description": "SS - IFO 992 W/S Nostrand Ave, 2nd SS S/O Sullivan Pl, 12\"", "sample_date": "2025-09-23T00:00:00Z", "sample_class": "Compliance", "residual_free_chlorine_mg_l": "0.52", "turbidity_ntu": "0.56", "coliform_quanti_tray_mpn_100ml": "<1", "e_coli_quanti_tray_mpn_100ml": "<1", "fluoride_mg_l": null }, "geometry": { "type": "Point", "coordinates": [ 997809.0, 181345.0 ] } },
{ "type": "Feature", "properties": { "sample_station_(ss)_location_description": "SS - IFO 130 E/S Humboldt St, 2nd SS S/O Boerum St, 20\"", "sample_date": "2025-09-21T00:00:00Z", "sample_class": "Compliance", "residual_free_chlorine_mg_l": "0.37", "turbidity_ntu": "0.84", "coliform_quanti_tray_mpn_100ml": "<1", "e_coli_quanti_tray_mpn_100ml": "<1", "fluoride_mg_l": null }, "geometry": { "type": "Point", "coordinates": [ 1000578.0, 196313.0 ] } },
{ "type": "Feature", "properties": { "sample_station_(ss)_location_description": "SS - IFO 9002 W/S Ft Hamilton Pkwy, 1st SS S/O 90th St, 12\"", "sample_date": "2025-09-24T00:00:00Z", "sample_class": "Compliance", "residual_free_chlorine_mg_l": "0.7", "turbidity_ntu": "0.5", "coliform_quanti_tray_mpn_100ml": "<1", "e_coli_quanti_tray_mpn_100ml": "<1", "fluoride_mg_l": null }, "geometry": { "type": "Point", "coordinates": [ 976873.0, 164479.0 ] } },
{ "type": "Feature", "properties": { "sample_station_(ss)_location_description": "SS-E/S 8th Ave BTW 8th & 9th Sts, 72\"", "sample_date": "2025-01-27T00:00:00Z", "sample_class": "Operational", "residual_free_chlorine_mg_l": "0.33", "turbidity_ntu": "1.04", "coliform_quanti_tray_mpn_100ml": "<1", "e_coli_quanti_tray_mpn_100ml": "<1", "fluoride_mg_l": null }, "geometry": { "type": "Point", "coordinates": [ 990149.0, 181990.0 ] } },
{ "type": "Feature", "properties": { "sample_station_(ss)_location_description": "SS - E/S 5th Ave, BTW 49th St & 50th Sts, IFO 4915 5th Ave, 12\"", "sample_date": "2025-09-25T00:00:00Z", "sample_class": "Compliance", "residual_free_chlorine_mg_l": "0.56", "turbidity_ntu": "0.63", "coliform_quanti_tray_mpn_100ml": "<1", "e_coli_quanti_tray_mpn_100ml": "<1", "fluoride_mg_l": null }, "geometry": { "type": "Point", "coordinates": [ 981481.0, 174383.0 ] } },
{ "type": "Feature", "properties": { "sample_station_(ss)_location_description": "SS - N/S 65 St, BTW 16th & 17th Aves, IFO 1641 65th St, 60\"", "sample_date": "2025-01-24T00:00:00Z", "sample_class": "Operational", "residual_free_chlorine_mg_l": "0.71", "turbidity_ntu": "0.9", "coliform_quanti_tray_mpn_100ml": "<1", "e_coli_quanti_tray_mpn_100ml": "<1", "fluoride_mg_l": null }, "geometry": { "type": "Point", "coordinates": [ 985983.0, 165686.0 ] } },
{ "type": "Feature", "properties": { "sample_station_(ss)_location_description": "SS - E/S Stillwell Ave, 1st SS N/O Ave S, IFO P.S. 97 OPP 870-86 Stillwell Ave, 20\"", "sample_date": "2025-09-27T00:00:00Z", "sample_class": "Compliance", "residual_free_chlorine_mg_l": "0.46", "turbidity_ntu": "0.52", "coliform_quanti_tray_mpn_100ml": "<1", "e_coli_quanti_tray_mpn_100ml": "<1", "fluoride_mg_l": null }, "geometry": { "type": "Point", "coordinates": [ 988160.0, 158172.0 ] } },
{ "type": "Feature", "properties": { "sample_station_(ss)_location_description": "SS - E/S Ft Hamilton Pkwy, BTW 49th & 50th Sts, OPP 4918 Ft. Hamilton Pkwy, 72\"", "sample_date": "2025-01-15T00:00:00Z", "sample_class": "Operational", "residual_free_chlorine_mg_l": "0.53", "turbidity_ntu": "0.87", "coliform_quanti_tray_mpn_100ml": "<1", "e_coli_quanti_tray_mpn_100ml": "<1", "fluoride_mg_l": null }, "geometry": { "type": "Point", "coordinates": [ 984776.0, 171711.0 ] } },
{ "type": "Feature", "properties": { "sample_station_(ss)_location_description": "SS - IFO 5601 E/S Ft Hamilton Pkwy, 1st SS S/O E 56th St, IFO 5517 Ft. Hamilton Pkwy, 20\"", "sample_date": "2025-09-29T00:00:00Z", "sample_class": "Compliance", "residual_free_chlorine_mg_l": "0.63", "turbidity_ntu": "0.6", "coliform_quanti_tray_mpn_100ml": "<1", "e_coli_quanti_tray_mpn_100ml": "<1", "fluoride_mg_l": null }, "geometry": { "type": "Point", "coordinates": [ 983494.0, 170583.0 ] } },
{ "type": "Feature", "properties": { "sample_station_(ss)_location_description": "SS - N/S Church Ave, BTW Ocean Pkwy & E 5th St, 48\"", "sample_date": "2025-01-10T00:00:00Z", "sample_class": "Operational", "residual_free_chlorine_mg_l": "0.53", "turbidity_ntu": "0.79", "coliform_quanti_tray_mpn_100ml": "<1", "e_coli_quanti_tray_mpn_100ml": "<1", "fluoride_mg_l": null }, "geometry": { "type": "Point", "coordinates": [ 991096.0, 174139.0 ] } },
{ "type": "Feature", "properties": { "sample_station_(ss)_location_description": "SS - W/S Dahill Rd, 2nd SS S/O 15th Ave, OPP 339 Dahill Rd, 12\"", "sample_date": "2025-09-16T00:00:00Z", "sample_class": "Compliance", "residual_free_chlorine_mg_l": "0.53", "turbidity_ntu": "0.53", "coliform_quanti_tray_mpn_100ml": "<1", "e_coli_quanti_tray_mpn_100ml": "<1", "fluoride_mg_l": null }, "geometry": { "type": "Point", "coordinates": [ 989834.0, 172129.0 ] } },
{ "type": "Feature", "properties": { "sample_station_(ss)_location_description": "SS - N/S Beverly Rd, 1st SS E/O E 48th St, IFO 4805 Bevery Rd 16\"", "sample_date": "2025-09-28T00:00:00Z", "sample_class": "Compliance", "residual_free_chlorine_mg_l": "0.39", "turbidity_ntu": "0.59", "coliform_quanti_tray_mpn_100ml": "<1", "e_coli_quanti_tray_mpn_100ml": "<1", "fluoride_mg_l": null }, "geometry": { "type": "Point", "coordinates": [ 1003264.0, 174746.0 ] } },
{ "type": "Feature", "properties": { "sample_station_(ss)_location_description": "SS -  W/S Washington Park, BTW Willoughby & Myrtle Aves, OPP 175 Washington Pk, 66\"", "sample_date": "2025-01-15T00:00:00Z", "sample_class": "Operational", "residual_free_chlorine_mg_l": "0.66", "turbidity_ntu": "0.86", "coliform_quanti_tray_mpn_100ml": "<1", "e_coli_quanti_tray_mpn_100ml": "<1", "fluoride_mg_l": null }, "geometry": { "type": "Point", "coordinates": [ 991547.0, 191369.0 ] } },
{ "type": "Feature", "properties": { "sample_station_(ss)_location_description": "SS - N/S Myrtle Ave, 2nd SS E/O N Portland Ave, 20\"", "sample_date": "2025-09-24T00:00:00Z", "sample_class": "Compliance", "residual_free_chlorine_mg_l": "0.17", "turbidity_ntu": "0.6", "coliform_quanti_tray_mpn_100ml": "<1", "e_coli_quanti_tray_mpn_100ml": "<1", "fluoride_mg_l": null }, "geometry": { "type": "Point", "coordinates": [ 991169.0, 191900.0 ] } },
{ "type": "Feature", "properties": { "sample_station_(ss)_location_description": "SS - E/S Ocean Pkwy (E/S of Svc Rd), BTW Ave H & Ave I, 60\"", "sample_date": "2025-01-06T00:00:00Z", "sample_class": "Operational", "residual_free_chlorine_mg_l": "0.62", "turbidity_ntu": "0.87", "coliform_quanti_tray_mpn_100ml": "<1", "e_coli_quanti_tray_mpn_100ml": "<1", "fluoride_mg_l": null }, "geometry": { "type": "Point", "coordinates": [ 992358.0, 167967.0 ] } },
{ "type": "Feature", "properties": { "sample_station_(ss)_location_description": "SS - E/S Ocean Pkwy, 2nd SS N/O Ave M, IFO 1257 Ocean Pkwy, 12\"", "sample_date": "2025-09-26T00:00:00Z", "sample_class": "Compliance", "residual_free_chlorine_mg_l": "0.75", "turbidity_ntu": "0.69", "coliform_quanti_tray_mpn_100ml": "<1", "e_coli_quanti_tray_mpn_100ml": "<1", "fluoride_mg_l": null }, "geometry": { "type": "Point", "coordinates": [ 992883.0, 164317.0 ] } },
{ "type": "Feature", "properties": { "sample_station_(ss)_location_description": "SS - N/S Caton Ave, BTW E 18th St & St Pauls Pl, 48\"", "sample_date": "2025-01-03T00:00:00Z", "sample_class": "Operational", "residual_free_chlorine_mg_l": "0.64", "turbidity_ntu": "0.82", "coliform_quanti_tray_mpn_100ml": "<1", "e_coli_quanti_tray_mpn_100ml": "<1", "fluoride_mg_l": null }, "geometry": { "type": "Point", "coordinates": [ 994430.0, 176630.0 ] } },
{ "type": "Feature", "properties": { "sample_station_(ss)_location_description": "SS - E/S Ocean Ave, 2nd SS S/O Albemarle Rd, 20\"", "sample_date": "2025-09-26T00:00:00Z", "sample_class": "Compliance", "residual_free_chlorine_mg_l": "0.61", "turbidity_ntu": "0.61", "coliform_quanti_tray_mpn_100ml": "<1", "e_coli_quanti_tray_mpn_100ml": "<1", "fluoride_mg_l": null }, "geometry": { "type": "Point", "coordinates": [ 995298.0, 174737.0 ] } },
{ "type": "Feature", "properties": { "sample_station_(ss)_location_description": "SS - W/S Ocean Ave, 2nd SS S/O Ditmas Ave, OPP 985 Ocean Ave, 12\"", "sample_date": "2025-09-21T00:00:00Z", "sample_class": "Compliance", "residual_free_chlorine_mg_l": "0.39", "turbidity_ntu": "0.5", "coliform_quanti_tray_mpn_100ml": "<1", "e_coli_quanti_tray_mpn_100ml": "<1", "fluoride_mg_l": null }, "geometry": { "type": "Point", "coordinates": [ 995651.0, 171892.0 ] } },
{ "type": "Feature", "properties": { "sample_station_(ss)_location_description": "SS - N/S Jefferson Ave, 2nd SS W/O Lewis Ave, OPP 518 Jefferson Ave,  20\"", "sample_date": "2025-09-28T00:00:00Z", "sample_class": "Compliance", "residual_free_chlorine_mg_l": "0.54", "turbidity_ntu": "0.57", "coliform_quanti_tray_mpn_100ml": "<1", "e_coli_quanti_tray_mpn_100ml": "<1", "fluoride_mg_l": null }, "geometry": { "type": "Point", "coordinates": [ 1001705.0, 188791.0 ] } },
{ "type": "Feature", "properties": { "sample_station_(ss)_location_description": "SS - E/S Nostrand Ave, 2nd SS N/O Ave K, 20\"", "sample_date": "2025-09-22T00:00:00Z", "sample_class": "Compliance", "residual_free_chlorine_mg_l": "0.38", "turbidity_ntu": "0.6", "coliform_quanti_tray_mpn_100ml": "<1", "e_coli_quanti_tray_mpn_100ml": "<1", "fluoride_mg_l": null }, "geometry": { "type": "Point", "coordinates": [ 999091.0, 167177.0 ] } },
{ "type": "Feature", "properties": { "sample_station_(ss)_location_description": "SS - E/S Nostrand Ave, 2nd SS N/O Ave W, 20\"", "sample_date": "2025-09-21T00:00:00Z", "sample_class": "Compliance", "residual_free_chlorine_mg_l": "0.46", "turbidity_ntu": "0.68", "coliform_quanti_tray_mpn_100ml": "<1", "e_coli_quanti_tray_mpn_100ml": "<1", "fluoride_mg_l": null }, "geometry": { "type": "Point", "coordinates": [ 1000612.0, 156721.0 ] } },
{ "type": "Feature", "properties": { "sample_station_(ss)_location_description": "SS - E/S Ocean Ave, 2nd SS N/O Ave R, IFO 2233 Ocean Ave,  20\"", "sample_date": "2025-09-26T00:00:00Z", "sample_class": "Compliance", "residual_free_chlorine_mg_l": "0.53", "turbidity_ntu": "0.47", "coliform_quanti_tray_mpn_100ml": "<1", "e_coli_quanti_tray_mpn_100ml": "<1", "fluoride_mg_l": null }, "geometry": { "type": "Point", "coordinates": [ 997371.0, 160498.0 ] } },
{ "type": "Feature", "properties": { "sample_station_(ss)_location_description": "SS - W/S Ocean Pkwy, 2nd SS S/O Ave V,  IFO 2252 Ocean Pkwy (@ Gravesend Neck, 1st S/O), 20\"", "sample_date": "2025-09-30T00:00:00Z", "sample_class": "Compliance", "residual_free_chlorine_mg_l": "0.68", "turbidity_ntu": "0.51", "coliform_quanti_tray_mpn_100ml": "<1", "e_coli_quanti_tray_mpn_100ml": "<1", "fluoride_mg_l": null }, "geometry": { "type": "Point", "coordinates": [ 993928.0, 155802.0 ] } },
{ "type": "Feature", "properties": { "sample_station_(ss)_location_description": "SS - S/S Atlantic Ave, BTW Schenck Ave & Barbey St, 48\"", "sample_date": "2022-09-20T00:00:00Z", "sample_class": "Operational", "residual_free_chlorine_mg_l": "0.31", "turbidity_ntu": "0.47", "coliform_quanti_tray_mpn_100ml": "<1", "e_coli_quanti_tray_mpn_100ml": "<1", "fluoride_mg_l": null }, "geometry": { "type": "Point", "coordinates": [ 1015080.0, 185857.0 ] } },
{ "type": "Feature", "properties": { "sample_station_(ss)_location_description": "SS - S/S Liberty Ave, 1st SS E/O Sheridan Ave,  IFO 1146 Liberty Ave, 12\"", "sample_date": "2025-09-28T00:00:00Z", "sample_class": "Compliance", "residual_free_chlorine_mg_l": "0.33", "turbidity_ntu": "0.48", "coliform_quanti_tray_mpn_100ml": "<1", "e_coli_quanti_tray_mpn_100ml": "<1", "fluoride_mg_l": null }, "geometry": { "type": "Point", "coordinates": [ 1021191.0, 186564.0 ] } },
{ "type": "Feature", "properties": { "sample_station_(ss)_location_description": "SS - IFO 2940 W/S Ocean Ave, 2nd SS S/O Ave Y, 16\"", "sample_date": "2025-09-26T00:00:00Z", "sample_class": "Compliance", "residual_free_chlorine_mg_l": "0.56", "turbidity_ntu": "0.48", "coliform_quanti_tray_mpn_100ml": "<1", "e_coli_quanti_tray_mpn_100ml": "<1", "fluoride_mg_l": null }, "geometry": { "type": "Point", "coordinates": [ 998224.0, 154096.0 ] } },
{ "type": "Feature", "properties": { "sample_station_(ss)_location_description": "SS - IFO 2220 S/S Atlantic Ave, 2nd SS E/O Hopkinson Ave (Thomas S. Boyland St), 20\"", "sample_date": "2025-09-21T00:00:00Z", "sample_class": "Compliance", "residual_free_chlorine_mg_l": "0.64", "turbidity_ntu": "0.6", "coliform_quanti_tray_mpn_100ml": "<1", "e_coli_quanti_tray_mpn_100ml": "<1", "fluoride_mg_l": null }, "geometry": { "type": "Point", "coordinates": [ 1008575.0, 185680.0 ] } },
{ "type": "Feature", "properties": { "sample_station_(ss)_location_description": "SS - W/S 20th Ave, 1st SS S/O 58th St, 12\"", "sample_date": "2025-09-28T00:00:00Z", "sample_class": "Compliance", "residual_free_chlorine_mg_l": "0.31", "turbidity_ntu": "0.51", "coliform_quanti_tray_mpn_100ml": "<1", "e_coli_quanti_tray_mpn_100ml": "<1", "fluoride_mg_l": null }, "geometry": { "type": "Point", "coordinates": [ 989290.0, 165338.0 ] } },
{ "type": "Feature", "properties": { "sample_station_(ss)_location_description": "SS - E/S Ocean Pkwy, BTW Ave Z & Belt Pkwy, (median BTW Main & Svc Rd of Ocean Pkwy), 30\"", "sample_date": "2025-01-09T00:00:00Z", "sample_class": "Operational", "residual_free_chlorine_mg_l": "0.46", "turbidity_ntu": "0.92", "coliform_quanti_tray_mpn_100ml": "<1", "e_coli_quanti_tray_mpn_100ml": "<1", "fluoride_mg_l": null }, "geometry": { "type": "Point", "coordinates": [ 993640.0, 152726.0 ] } },
{ "type": "Feature", "properties": { "sample_station_(ss)_location_description": "SS - W/S Brighton 11th St, 2nd SS S/O Cass Pl, IFO 82 Brighton 11th St, 12\"", "sample_date": "2025-09-28T00:00:00Z", "sample_class": "Compliance", "residual_free_chlorine_mg_l": "0.5", "turbidity_ntu": "0.67", "coliform_quanti_tray_mpn_100ml": "<1", "e_coli_quanti_tray_mpn_100ml": "<1", "fluoride_mg_l": null }, "geometry": { "type": "Point", "coordinates": [ 996121.0, 150850.0 ] } },
{ "type": "Feature", "properties": { "sample_station_(ss)_location_description": "SS - E/S Brooklyn Ave, 2nd SS S/O Linden Blvd, IFO 887 Brooklyn Ave, 20\"", "sample_date": "2025-09-29T00:00:00Z", "sample_class": "Compliance", "residual_free_chlorine_mg_l": "0.62", "turbidity_ntu": "0.52", "coliform_quanti_tray_mpn_100ml": "<1", "e_coli_quanti_tray_mpn_100ml": "<1", "fluoride_mg_l": null }, "geometry": { "type": "Point", "coordinates": [ 999844.0, 176855.0 ] } },
{ "type": "Feature", "properties": { "sample_station_(ss)_location_description": "SS - OPP 4106 N/S Glenwood Rd, 1st SS W/O E 42nd St, 12\"", "sample_date": "2025-09-29T00:00:00Z", "sample_class": "Compliance", "residual_free_chlorine_mg_l": "0.23", "turbidity_ntu": "0.53", "coliform_quanti_tray_mpn_100ml": "<1", "e_coli_quanti_tray_mpn_100ml": "<1", "fluoride_mg_l": null }, "geometry": { "type": "Point", "coordinates": [ 1001869.0, 170545.0 ] } },
{ "type": "Feature", "properties": { "sample_station_(ss)_location_description": "SS - N/S Linden Blvd, 1st SS E/O Bristol St, 12\"", "sample_date": "2025-09-23T00:00:00Z", "sample_class": "Compliance", "residual_free_chlorine_mg_l": "0.17", "turbidity_ntu": "0.65", "coliform_quanti_tray_mpn_100ml": "<1", "e_coli_quanti_tray_mpn_100ml": "<1", "fluoride_mg_l": null }, "geometry": { "type": "Point", "coordinates": [ 1009614.0, 177814.0 ] } },
{ "type": "Feature", "properties": { "sample_station_(ss)_location_description": "SS - S/S Ave P, BTW Coney Island Ave & E 12th St, (E/O Coney Island Ave), 60\"", "sample_date": "2025-01-24T00:00:00Z", "sample_class": "Operational", "residual_free_chlorine_mg_l": "0.65", "turbidity_ntu": "1.03", "coliform_quanti_tray_mpn_100ml": "<1", "e_coli_quanti_tray_mpn_100ml": "<1", "fluoride_mg_l": null }, "geometry": { "type": "Point", "coordinates": [ 994790.0, 161491.0 ] } },
{ "type": "Feature", "properties": { "sample_station_(ss)_location_description": "SS - IFO 1660 W/S E 13th St, 2nd SS N/O Quentin Rd, 20\"", "sample_date": "2025-09-16T00:00:00Z", "sample_class": "Compliance", "residual_free_chlorine_mg_l": "0.75", "turbidity_ntu": "0.65", "coliform_quanti_tray_mpn_100ml": "<1", "e_coli_quanti_tray_mpn_100ml": "<1", "fluoride_mg_l": null }, "geometry": { "type": "Point", "coordinates": [ 995293.0, 161067.0 ] } },
{ "type": "Feature", "properties": { "sample_station_(ss)_location_description": "SS - N/S New Lots Ave, 1st SS W/O Shepherd Ave, 16\"", "sample_date": "2025-09-27T00:00:00Z", "sample_class": "Compliance", "residual_free_chlorine_mg_l": "0.32", "turbidity_ntu": "0.5", "coliform_quanti_tray_mpn_100ml": "<1", "e_coli_quanti_tray_mpn_100ml": "<1", "fluoride_mg_l": null }, "geometry": { "type": "Point", "coordinates": [ 1017701.0, 182613.0 ] } },
{ "type": "Feature", "properties": { "sample_station_(ss)_location_description": "SS - IFO 1169 N/S East New York Ave, 2nd SS W/O Ralph Ave, 12\"", "sample_date": "2025-09-23T00:00:00Z", "sample_class": "Compliance", "residual_free_chlorine_mg_l": "0.19", "turbidity_ntu": "0.47", "coliform_quanti_tray_mpn_100ml": "<1", "e_coli_quanti_tray_mpn_100ml": "<1", "fluoride_mg_l": null }, "geometry": { "type": "Point", "coordinates": [ 1005399.0, 182198.0 ] } },
{ "type": "Feature", "properties": { "sample_station_(ss)_location_description": "SS - W/S Pennsylvania Ave, 1st SS N/O Hegeman Ave, IFO 718 Penn. Ave, 20\"", "sample_date": "2025-09-25T00:00:00Z", "sample_class": "Compliance", "residual_free_chlorine_mg_l": "0.52", "turbidity_ntu": "0.66", "coliform_quanti_tray_mpn_100ml": "<1", "e_coli_quanti_tray_mpn_100ml": "<1", "fluoride_mg_l": null }, "geometry": { "type": "Point", "coordinates": [ 1014257.0, 179774.0 ] } },
{ "type": "Feature", "properties": { "sample_station_(ss)_location_description": "SS - IFO 630 W/S Howard Ave, BTW Sutter & East New York Aves, 60\"", "sample_date": "2025-01-14T00:00:00Z", "sample_class": "Operational", "residual_free_chlorine_mg_l": "0.67", "turbidity_ntu": "0.85", "coliform_quanti_tray_mpn_100ml": "<1", "e_coli_quanti_tray_mpn_100ml": "<1", "fluoride_mg_l": null }, "geometry": { "type": "Point", "coordinates": [ 1006510.0, 182108.0 ] } },
{ "type": "Feature", "properties": { "sample_station_(ss)_location_description": "SS - E/O Mother Gaston Blvd, 2nd SS N/O Livonia Ave, 12\"", "sample_date": "2025-09-30T00:00:00Z", "sample_class": "Compliance", "residual_free_chlorine_mg_l": "0.62", "turbidity_ntu": "0.57", "coliform_quanti_tray_mpn_100ml": "<1", "e_coli_quanti_tray_mpn_100ml": "<1", "fluoride_mg_l": null }, "geometry": { "type": "Point", "coordinates": [ 1010559.0, 181082.0 ] } },
{ "type": "Feature", "properties": { "sample_station_(ss)_location_description": "SS - S/S Foster Ave, 2nd SS E/O E 101st St, 20\"", "sample_date": "2025-09-21T00:00:00Z", "sample_class": "Compliance", "residual_free_chlorine_mg_l": "0.39", "turbidity_ntu": "0.54", "coliform_quanti_tray_mpn_100ml": "<1", "e_coli_quanti_tray_mpn_100ml": "<1", "fluoride_mg_l": null }, "geometry": { "type": "Point", "coordinates": [ 1011381.0, 176277.0 ] } },
{ "type": "Feature", "properties": { "sample_station_(ss)_location_description": "SS - W/S Remsen Ave, 1st SS N/O Ave M, 20\"", "sample_date": "2025-09-27T00:00:00Z", "sample_class": "Compliance", "residual_free_chlorine_mg_l": "0.36", "turbidity_ntu": "0.58", "coliform_quanti_tray_mpn_100ml": "<1", "e_coli_quanti_tray_mpn_100ml": "<1", "fluoride_mg_l": null }, "geometry": { "type": "Point", "coordinates": [ 1012292.0, 170203.0 ] } },
{ "type": "Feature", "properties": { "sample_station_(ss)_location_description": "SS - S/S Pacific St, BTW Franklin & Classon Aves, 48\"", "sample_date": "2025-01-15T00:00:00Z", "sample_class": "Operational", "residual_free_chlorine_mg_l": "0.61", "turbidity_ntu": "0.94", "coliform_quanti_tray_mpn_100ml": "<1", "e_coli_quanti_tray_mpn_100ml": "<1", "fluoride_mg_l": null }, "geometry": { "type": "Point", "coordinates": [ 996612.0, 186417.0 ] } },
{ "type": "Feature", "properties": { "sample_station_(ss)_location_description": "SS - IFO 1030 S/S Park Pl, 2nd SS E/O Brooklyn Ave, 12\"", "sample_date": "2025-09-25T00:00:00Z", "sample_class": "Compliance", "residual_free_chlorine_mg_l": "0.48", "turbidity_ntu": "0.53", "coliform_quanti_tray_mpn_100ml": "<1", "e_coli_quanti_tray_mpn_100ml": "<1", "fluoride_mg_l": null }, "geometry": { "type": "Point", "coordinates": [ 999921.0, 184474.0 ] } },
{ "type": "Feature", "properties": { "sample_station_(ss)_location_description": "SS - E/S Bedford Ave, 2nd SS S/O Montgomery St, 20\"", "sample_date": "2025-09-27T00:00:00Z", "sample_class": "Compliance", "residual_free_chlorine_mg_l": "0.54", "turbidity_ntu": "0.52", "coliform_quanti_tray_mpn_100ml": "<1", "e_coli_quanti_tray_mpn_100ml": "<1", "fluoride_mg_l": null }, "geometry": { "type": "Point", "coordinates": [ 996201.0, 181648.0 ] } },
{ "type": "Feature", "properties": { "sample_station_(ss)_location_description": "SS - S/S Kings Highway, BTW E 35th & E 36th Sts, 60\"", "sample_date": "2025-01-02T00:00:00Z", "sample_class": "Operational", "residual_free_chlorine_mg_l": "0.57", "turbidity_ntu": "0.82", "coliform_quanti_tray_mpn_100ml": "<1", "e_coli_quanti_tray_mpn_100ml": "<1", "fluoride_mg_l": null }, "geometry": { "type": "Point", "coordinates": [ 1000853.0, 165505.0 ] } },
{ "type": "Feature", "properties": { "sample_station_(ss)_location_description": "SS - E/S Flatbush Ave, 2nd SS N/O Ave R, IFO 2185 Flatbush Ave, 16\"", "sample_date": "2025-09-23T00:00:00Z", "sample_class": "Compliance", "residual_free_chlorine_mg_l": "0.52", "turbidity_ntu": "0.53", "coliform_quanti_tray_mpn_100ml": "<1", "e_coli_quanti_tray_mpn_100ml": "<1", "fluoride_mg_l": null }, "geometry": { "type": "Point", "coordinates": [ 1003601.0, 164002.0 ] } },
{ "type": "Feature", "properties": { "sample_station_(ss)_location_description": "SS - W/S Vermont St, BTW Jamaica & Sunnyside Aves, 48\"", "sample_date": "2025-01-02T00:00:00Z", "sample_class": "Operational", "residual_free_chlorine_mg_l": "0.49", "turbidity_ntu": "0.81", "coliform_quanti_tray_mpn_100ml": "<1", "e_coli_quanti_tray_mpn_100ml": "<1", "fluoride_mg_l": null }, "geometry": { "type": "Point", "coordinates": [ 1013103.0, 186926.0 ] } },
{ "type": "Feature", "properties": { "sample_station_(ss)_location_description": "SS - IFO 336 W/S 6th Ave, BTW 3rd and 4th St, 66\"", "sample_date": "2025-01-10T00:00:00Z", "sample_class": "Operational", "residual_free_chlorine_mg_l": "0.56", "turbidity_ntu": "0.86", "coliform_quanti_tray_mpn_100ml": "<1", "e_coli_quanti_tray_mpn_100ml": "<1", "fluoride_mg_l": null }, "geometry": { "type": "Point", "coordinates": [ 989404.0, 183806.0 ] } },
{ "type": "Feature", "properties": { "sample_station_(ss)_location_description": "SS - E/S 4th Ave, 1st SS S/O Sackett St, 20\"", "sample_date": "2025-09-27T00:00:00Z", "sample_class": "Compliance", "residual_free_chlorine_mg_l": "0.44", "turbidity_ntu": "0.58", "coliform_quanti_tray_mpn_100ml": "<1", "e_coli_quanti_tray_mpn_100ml": "<1", "fluoride_mg_l": null }, "geometry": { "type": "Point", "coordinates": [ 989092.0, 186247.0 ] } },
{ "type": "Feature", "properties": { "sample_station_(ss)_location_description": "SS - IFO 426 S/S Sterling Pl, BTW Underhill & Washington Aves, 72\"", "sample_date": "2025-01-06T00:00:00Z", "sample_class": "Operational", "residual_free_chlorine_mg_l": "0.52", "turbidity_ntu": "0.83", "coliform_quanti_tray_mpn_100ml": "<1", "e_coli_quanti_tray_mpn_100ml": "<1", "fluoride_mg_l": null }, "geometry": { "type": "Point", "coordinates": [ 994175.0, 185107.0 ] } },
{ "type": "Feature", "properties": { "sample_station_(ss)_location_description": "SS - IFO 1110 N/S President St, 2nd SS E/O Bedford Ave, 12\"", "sample_date": "2025-09-30T00:00:00Z", "sample_class": "Compliance", "residual_free_chlorine_mg_l": "0.46", "turbidity_ntu": "0.51", "coliform_quanti_tray_mpn_100ml": "<1", "e_coli_quanti_tray_mpn_100ml": "<1", "fluoride_mg_l": null }, "geometry": { "type": "Point", "coordinates": [ 997012.0, 182764.0 ] } },
{ "type": "Feature", "properties": { "sample_station_(ss)_location_description": "SS - W/S W 37th St, 2nd SS n/O Neptune Ave, 12\"", "sample_date": "2025-09-24T00:00:00Z", "sample_class": "Compliance", "residual_free_chlorine_mg_l": "0.47", "turbidity_ntu": "0.47", "coliform_quanti_tray_mpn_100ml": "<1", "e_coli_quanti_tray_mpn_100ml": "<1", "fluoride_mg_l": null }, "geometry": { "type": "Point", "coordinates": [ 983249.0, 150034.0 ] } },
{ "type": "Feature", "properties": { "sample_station_(ss)_location_description": "SS - IFO 1058 N/S Metropolitan Ave, 2nd SS W/O Vandervoort Ave, 20\"", "sample_date": "2025-09-23T00:00:00Z", "sample_class": "Compliance", "residual_free_chlorine_mg_l": "0.34", "turbidity_ntu": "0.44", "coliform_quanti_tray_mpn_100ml": "<1", "e_coli_quanti_tray_mpn_100ml": "<1", "fluoride_mg_l": null }, "geometry": { "type": "Point", "coordinates": [ 1002385.0, 199590.0 ] } },
{ "type": "Feature", "properties": { "sample_station_(ss)_location_description": "SS - IFO 383 W/S Hooper St, BTW S 1st & S 2nd Sts, 72\"", "sample_date": "2025-09-02T00:00:00Z", "sample_class": "Operational", "residual_free_chlorine_mg_l": "0.9", "turbidity_ntu": "0.63", "coliform_quanti_tray_mpn_100ml": "<1", "e_coli_quanti_tray_mpn_100ml": "<1", "fluoride_mg_l": null }, "geometry": { "type": "Point", "coordinates": [ 996850.0, 197261.0 ] } },
{ "type": "Feature", "properties": { "sample_station_(ss)_location_description": "SS - OPP 1035 S/S Clarkson Ave, 1st SS W/O E 93rd St, 12\"", "sample_date": "2025-09-16T00:00:00Z", "sample_class": "Compliance", "residual_free_chlorine_mg_l": "0.52", "turbidity_ntu": "0.54", "coliform_quanti_tray_mpn_100ml": "<1", "e_coli_quanti_tray_mpn_100ml": "<1", "fluoride_mg_l": null }, "geometry": { "type": "Point", "coordinates": [ 1005520.0, 179355.0 ] } },
{ "type": "Feature", "properties": { "sample_station_(ss)_location_description": "SS - IFO 1915 E/S Ocean Ave, 2nd SS N/O Ave O, 20\"", "sample_date": "2025-09-29T00:00:00Z", "sample_class": "Compliance", "residual_free_chlorine_mg_l": "0.58", "turbidity_ntu": "0.57", "coliform_quanti_tray_mpn_100ml": "<1", "e_coli_quanti_tray_mpn_100ml": "<1", "fluoride_mg_l": null }, "geometry": { "type": "Point", "coordinates": [ 996950.0, 163407.0 ] } },
{ "type": "Feature", "properties": { "sample_station_(ss)_location_description": "SS - N/S Farragut Rd, BTW E 81st & E 82nd Sts, 12\"", "sample_date": "2025-09-30T00:00:00Z", "sample_class": "Compliance", "residual_free_chlorine_mg_l": "0.41", "turbidity_ntu": "0.64", "coliform_quanti_tray_mpn_100ml": "<1", "e_coli_quanti_tray_mpn_100ml": "<1", "fluoride_mg_l": null }, "geometry": { "type": "Point", "coordinates": [ 1007600.0, 172230.0 ] } },
{ "type": "Feature", "properties": { "sample_station_(ss)_location_description": "SS - E/S Palmetto St, BTW Bushwick & Evergreen Aves, IFO 80 Palmetto St, 60\"", "sample_date": "2025-01-08T00:00:00Z", "sample_class": "Operational", "residual_free_chlorine_mg_l": "0.74", "turbidity_ntu": "0.86", "coliform_quanti_tray_mpn_100ml": "<1", "e_coli_quanti_tray_mpn_100ml": "<1", "fluoride_mg_l": null }, "geometry": { "type": "Point", "coordinates": [ 1006714.0, 191168.0 ] } },
{ "type": "Feature", "properties": { "sample_station_(ss)_location_description": "SS - IFO 59 E/S Patchen Ave, 1st SS S/O Lexington Ave, 20\"", "sample_date": "2025-09-29T00:00:00Z", "sample_class": "Compliance", "residual_free_chlorine_mg_l": "0.55", "turbidity_ntu": "0.57", "coliform_quanti_tray_mpn_100ml": "<1", "e_coli_quanti_tray_mpn_100ml": "<1", "fluoride_mg_l": null }, "geometry": { "type": "Point", "coordinates": [ 1004372.0, 190749.0 ] } },
{ "type": "Feature", "properties": { "sample_station_(ss)_location_description": "SS - IFO 165 N/S S 1st St, 2nd SS W/O Driggs Ave, 20\"", "sample_date": "2025-09-24T00:00:00Z", "sample_class": "Compliance", "residual_free_chlorine_mg_l": "0.4", "turbidity_ntu": "0.48", "coliform_quanti_tray_mpn_100ml": "<1", "e_coli_quanti_tray_mpn_100ml": "<1", "fluoride_mg_l": null }, "geometry": { "type": "Point", "coordinates": [ 995052.0, 199303.0 ] } },
{ "type": "Feature", "properties": { "sample_station_(ss)_location_description": "SS - IFO 136 S/S Kent St, 2nd SS E/O Franklin St, 20\"", "sample_date": "2025-09-30T00:00:00Z", "sample_class": "Compliance", "residual_free_chlorine_mg_l": "0.61", "turbidity_ntu": "0.97", "coliform_quanti_tray_mpn_100ml": "<1", "e_coli_quanti_tray_mpn_100ml": "<1", "fluoride_mg_l": null }, "geometry": { "type": "Point", "coordinates": [ 996572.0, 205514.0 ] } },
{ "type": "Feature", "properties": { "sample_station_(ss)_location_description": "SS - IFO 579 N/S Macon St, 2nd SS W/O Patchen Ave, 20\"", "sample_date": "2025-09-16T00:00:00Z", "sample_class": "Compliance", "residual_free_chlorine_mg_l": "0.37", "turbidity_ntu": "0.55", "coliform_quanti_tray_mpn_100ml": "<1", "e_coli_quanti_tray_mpn_100ml": "<1", "fluoride_mg_l": null }, "geometry": { "type": "Point", "coordinates": [ 1004177.0, 188340.0 ] } },
{ "type": "Feature", "properties": { "sample_station_(ss)_location_description": "SS - IFO 2323 NE/S 60th St, 2nd SS W/O McDonald Ave, IFO 2323 60th St, 16\"", "sample_date": "2025-09-25T00:00:00Z", "sample_class": "Compliance", "residual_free_chlorine_mg_l": "0.54", "turbidity_ntu": "0.63", "coliform_quanti_tray_mpn_100ml": "<1", "e_coli_quanti_tray_mpn_100ml": "<1", "fluoride_mg_l": null }, "geometry": { "type": "Point", "coordinates": [ 991065.0, 163335.0 ] } },
{ "type": "Feature", "properties": { "sample_station_(ss)_location_description": "SS - E/S W 5th St, 2nd SS S/O Neptune Ave, IFO 2925 W 5th St, 12\"", "sample_date": "2025-09-25T00:00:00Z", "sample_class": "Compliance", "residual_free_chlorine_mg_l": "0.52", "turbidity_ntu": "0.66", "coliform_quanti_tray_mpn_100ml": "<1", "e_coli_quanti_tray_mpn_100ml": "<1", "fluoride_mg_l": null }, "geometry": { "type": "Point", "coordinates": [ 991951.0, 149887.0 ] } },
{ "type": "Feature", "properties": { "sample_station_(ss)_location_description": "SS - W/S 14th Ave, 1st SS N/O 52nd St, 20\"", "sample_date": "2025-09-27T00:00:00Z", "sample_class": "Compliance", "residual_free_chlorine_mg_l": "0.26", "turbidity_ntu": "0.5", "coliform_quanti_tray_mpn_100ml": "<1", "e_coli_quanti_tray_mpn_100ml": "<1", "fluoride_mg_l": null }, "geometry": { "type": "Point", "coordinates": [ 986578.0, 169591.0 ] } },
{ "type": "Feature", "properties": { "sample_station_(ss)_location_description": "SS - N/S 81st St, 1st SS E/O 19th Ave, 12\"", "sample_date": "2025-09-30T00:00:00Z", "sample_class": "Compliance", "residual_free_chlorine_mg_l": "0.7", "turbidity_ntu": "0.56", "coliform_quanti_tray_mpn_100ml": "<1", "e_coli_quanti_tray_mpn_100ml": "<1", "fluoride_mg_l": null }, "geometry": { "type": "Point", "coordinates": [ 985048.0, 161009.0 ] } },
{ "type": "Feature", "properties": { "sample_station_(ss)_location_description": "SS - E/S 5th Ave, BTW 24th & 25th Sts, 66\"", "sample_date": "2025-01-13T00:00:00Z", "sample_class": "Operational", "residual_free_chlorine_mg_l": "0.55", "turbidity_ntu": "0.79", "coliform_quanti_tray_mpn_100ml": "<1", "e_coli_quanti_tray_mpn_100ml": "<1", "fluoride_mg_l": null }, "geometry": { "type": "Point", "coordinates": [ 985555.0, 179528.0 ] } },
{ "type": "Feature", "properties": { "sample_station_(ss)_location_description": "SS - W/S 4th Ave, BTW 28th & 29th Sts, 20\"", "sample_date": "2025-09-22T00:00:00Z", "sample_class": "Compliance", "residual_free_chlorine_mg_l": "0.28", "turbidity_ntu": "0.58", "coliform_quanti_tray_mpn_100ml": "<1", "e_coli_quanti_tray_mpn_100ml": "<1", "fluoride_mg_l": null }, "geometry": { "type": "Point", "coordinates": [ 984246.0, 179280.0 ] } },
{ "type": "Feature", "properties": { "sample_station_(ss)_location_description": "SS - IFO 4011 E/S 7th Ave, 1st SS S/O 40th St, 12\"", "sample_date": "2025-09-30T00:00:00Z", "sample_class": "Compliance", "residual_free_chlorine_mg_l": "0.45", "turbidity_ntu": "0.54", "coliform_quanti_tray_mpn_100ml": "<1", "e_coli_quanti_tray_mpn_100ml": "<1", "fluoride_mg_l": null }, "geometry": { "type": "Point", "coordinates": [ 984191.0, 175300.0 ] } },
{ "type": "Feature", "properties": { "sample_station_(ss)_location_description": "SS - W/S Ridge Blvd, BTW Bay Ridge Ave & 68th St, 48\"", "sample_date": "2025-01-09T00:00:00Z", "sample_class": "Operational", "residual_free_chlorine_mg_l": "0.7", "turbidity_ntu": "0.97", "coliform_quanti_tray_mpn_100ml": "<1", "e_coli_quanti_tray_mpn_100ml": "<1", "fluoride_mg_l": null }, "geometry": { "type": "Point", "coordinates": [ 976339.0, 171400.0 ] } },
{ "type": "Feature", "properties": { "sample_station_(ss)_location_description": "SS - N/S Bay Ridge Ave, 2nd SS W/O 4th Ave, IFO 335 Bay Ridge Ave 12\"", "sample_date": "2025-09-21T00:00:00Z", "sample_class": "Compliance", "residual_free_chlorine_mg_l": "0.7", "turbidity_ntu": "0.54", "coliform_quanti_tray_mpn_100ml": "<1", "e_coli_quanti_tray_mpn_100ml": "<1", "fluoride_mg_l": null }, "geometry": { "type": "Point", "coordinates": [ 977311.0, 170753.0 ] } },
{ "type": "Feature", "properties": { "sample_station_(ss)_location_description": "SS - IFO 1425 E/S Pennsylvania Ave, 2nd SS S/O Schroeders Ave, 20\"", "sample_date": "2025-09-22T00:00:00Z", "sample_class": "Compliance", "residual_free_chlorine_mg_l": "0.48", "turbidity_ntu": "0.78", "coliform_quanti_tray_mpn_100ml": "<1", "e_coli_quanti_tray_mpn_100ml": "<1", "fluoride_mg_l": null }, "geometry": { "type": "Point", "coordinates": [ 1017420.0, 174983.0 ] } },
{ "type": "Feature", "properties": { "sample_station_(ss)_location_description": "SS - Wards Island, DEP Water Pollution Control Plant, BTW 1st & 2nd security gates, OPP traffic circle", "sample_date": "2025-08-07T00:00:00Z", "sample_class": "Operational", "residual_free_chlorine_mg_l": "0.48", "turbidity_ntu": "0.41", "coliform_quanti_tray_mpn_100ml": "<1", "e_coli_quanti_tray_mpn_100ml": "<1", "fluoride_mg_l": null }, "geometry": { "type": "Point", "coordinates": [ 1005336.0, 225499.0 ] } },
{ "type": "Feature", "properties": { "sample_station_(ss)_location_description": "SS - Randalls Island, OPP exit ramp to Qns, next to golf driving range, S/O of Police Launch Repair Shop", "sample_date": "2025-09-03T00:00:00Z", "sample_class": "Operational", "residual_free_chlorine_mg_l": "0.49", "turbidity_ntu": "0.19", "coliform_quanti_tray_mpn_100ml": "<1", "e_coli_quanti_tray_mpn_100ml": "<1", "fluoride_mg_l": null }, "geometry": { "type": "Point", "coordinates": [ 1004896.0, 230380.0 ] } },
{ "type": "Feature", "properties": { "sample_station_(ss)_location_description": "SS - IFO 8 E/S Centre Market Place, 2nd SS N/O Grand St, 12\"", "sample_date": "2025-09-22T00:00:00Z", "sample_class": "Compliance", "residual_free_chlorine_mg_l": "0.28", "turbidity_ntu": "0.54", "coliform_quanti_tray_mpn_100ml": "<1", "e_coli_quanti_tray_mpn_100ml": "<1", "fluoride_mg_l": null }, "geometry": { "type": "Point", "coordinates": [ 984875.0, 201591.0 ] } },
{ "type": "Feature", "properties": { "sample_station_(ss)_location_description": "SS - E/S 1st Ave, 1st SS S/O E 3rd St,  OPP 49 1st Ave, 12\"", "sample_date": "2025-09-24T00:00:00Z", "sample_class": "Compliance", "residual_free_chlorine_mg_l": "0.24", "turbidity_ntu": "0.32", "coliform_quanti_tray_mpn_100ml": "<1", "e_coli_quanti_tray_mpn_100ml": "<1", "fluoride_mg_l": null }, "geometry": { "type": "Point", "coordinates": [ 987725.0, 203176.0 ] } },
{ "type": "Feature", "properties": { "sample_station_(ss)_location_description": "SS - OPP 280 N/S Madison St, 2nd SS W/O Montgomery St, 12\"", "sample_date": "2025-09-30T00:00:00Z", "sample_class": "Compliance", "residual_free_chlorine_mg_l": "0.2", "turbidity_ntu": "0.54", "coliform_quanti_tray_mpn_100ml": "<1", "e_coli_quanti_tray_mpn_100ml": "<1", "fluoride_mg_l": null }, "geometry": { "type": "Point", "coordinates": [ 988016.0, 199056.0 ] } },
{ "type": "Feature", "properties": { "sample_station_(ss)_location_description": "SS - IFO 90 E/S Pitt St, 2nd SS N/O Rivington St, 12\"", "sample_date": "2025-09-23T00:00:00Z", "sample_class": "Compliance", "residual_free_chlorine_mg_l": "0.22", "turbidity_ntu": "0.49", "coliform_quanti_tray_mpn_100ml": "<1", "e_coli_quanti_tray_mpn_100ml": "<1", "fluoride_mg_l": null }, "geometry": { "type": "Point", "coordinates": [ 989223.0, 201145.0 ] } },
{ "type": "Feature", "properties": { "sample_station_(ss)_location_description": "SS - N/S Water St, 2nd SS E/O Catherine Slip, 12\"", "sample_date": "2025-09-25T00:00:00Z", "sample_class": "Compliance", "residual_free_chlorine_mg_l": "0.25", "turbidity_ntu": "0.46", "coliform_quanti_tray_mpn_100ml": "<1", "e_coli_quanti_tray_mpn_100ml": "<1", "fluoride_mg_l": null }, "geometry": { "type": "Point", "coordinates": [ 985554.0, 197941.0 ] } },
{ "type": "Feature", "properties": { "sample_station_(ss)_location_description": "SS - E/S Water St, 1st SS S/O Maiden La (IFO Wall St Plaza), 20\"", "sample_date": "2025-09-16T00:00:00Z", "sample_class": "Compliance", "residual_free_chlorine_mg_l": "0.25", "turbidity_ntu": "0.55", "coliform_quanti_tray_mpn_100ml": "<1", "e_coli_quanti_tray_mpn_100ml": "<1", "fluoride_mg_l": null }, "geometry": { "type": "Point", "coordinates": [ 982568.0, 196479.0 ] } },
{ "type": "Feature", "properties": { "sample_station_(ss)_location_description": "SS - IFO 269 N/S W 140th St, 2nd SS E/O Frederick Douglass Blvd (8th Ave), 12\"", "sample_date": "2025-09-27T00:00:00Z", "sample_class": "Compliance", "residual_free_chlorine_mg_l": "0.37", "turbidity_ntu": "0.23", "coliform_quanti_tray_mpn_100ml": "<1", "e_coli_quanti_tray_mpn_100ml": "<1", "fluoride_mg_l": null }, "geometry": { "type": "Point", "coordinates": [ 999891.0, 237824.0 ] } },
{ "type": "Feature", "properties": { "sample_station_(ss)_location_description": "SS - IFO 230 S/S E 125th St, 2nd SS E/O 3rd Ave, 12\"", "sample_date": "2025-09-26T00:00:00Z", "sample_class": "Compliance", "residual_free_chlorine_mg_l": "0.47", "turbidity_ntu": "0.22", "coliform_quanti_tray_mpn_100ml": "<1", "e_coli_quanti_tray_mpn_100ml": "<1", "fluoride_mg_l": null }, "geometry": { "type": "Point", "coordinates": [ 1002385.0, 231847.0 ] } },
{ "type": "Feature", "properties": { "sample_station_(ss)_location_description": "SS - W/S South End Ave, 2nd SS N/O West Thames St, 20\"", "sample_date": "2025-09-21T00:00:00Z", "sample_class": "Compliance", "residual_free_chlorine_mg_l": "0.21", "turbidity_ntu": "0.47", "coliform_quanti_tray_mpn_100ml": "<1", "e_coli_quanti_tray_mpn_100ml": "<1", "fluoride_mg_l": null }, "geometry": { "type": "Point", "coordinates": [ 979476.0, 197553.0 ] } },
{ "type": "Feature", "properties": { "sample_station_(ss)_location_description": "SS - IFO 370 W/S Greenwich St, 1st SS N/O Franklin St, 20\"", "sample_date": "2025-09-24T00:00:00Z", "sample_class": "Compliance", "residual_free_chlorine_mg_l": "0.29", "turbidity_ntu": "0.61", "coliform_quanti_tray_mpn_100ml": "<1", "e_coli_quanti_tray_mpn_100ml": "<1", "fluoride_mg_l": null }, "geometry": { "type": "Point", "coordinates": [ 981361.0, 201439.0 ] } },
{ "type": "Feature", "properties": { "sample_station_(ss)_location_description": "SS - W/S Amsterdam Ave, BTW W 177th & W 178th Sts, IFO 2374 Amsterdam Ave, 48\"", "sample_date": "2025-01-10T00:00:00Z", "sample_class": "Operational", "residual_free_chlorine_mg_l": "0.54", "turbidity_ntu": "0.77", "coliform_quanti_tray_mpn_100ml": "<1", "e_coli_quanti_tray_mpn_100ml": "<1", "fluoride_mg_l": null }, "geometry": { "type": "Point", "coordinates": [ 1002902.0, 247504.0 ] } },
{ "type": "Feature", "properties": { "sample_station_(ss)_location_description": "SS - E/S Bedford St, 1st SS S/O Grove St, IFO 90 Bedford St, 12\"", "sample_date": "2025-09-27T00:00:00Z", "sample_class": "Compliance", "residual_free_chlorine_mg_l": "0.17", "turbidity_ntu": "0.45", "coliform_quanti_tray_mpn_100ml": "<1", "e_coli_quanti_tray_mpn_100ml": "<1", "fluoride_mg_l": null }, "geometry": { "type": "Point", "coordinates": [ 982777.0, 206084.0 ] } },
{ "type": "Feature", "properties": { "sample_station_(ss)_location_description": "SS - IFO 22 N/S Howard St, BTW Crosby & Lafayette Sts, 12\"", "sample_date": "2025-09-16T00:00:00Z", "sample_class": "Compliance", "residual_free_chlorine_mg_l": "0.33", "turbidity_ntu": "0.59", "coliform_quanti_tray_mpn_100ml": "<1", "e_coli_quanti_tray_mpn_100ml": "<1", "fluoride_mg_l": null }, "geometry": { "type": "Point", "coordinates": [ 984155.0, 201407.0 ] } },
{ "type": "Feature", "properties": { "sample_station_(ss)_location_description": "SS - OPP 329 S/S W 18th St, 2nd SS E/O 9th Ave, 12\"", "sample_date": "2025-09-16T00:00:00Z", "sample_class": "Compliance", "residual_free_chlorine_mg_l": "0.2", "turbidity_ntu": "0.3", "coliform_quanti_tray_mpn_100ml": "<1", "e_coli_quanti_tray_mpn_100ml": "<1", "fluoride_mg_l": null }, "geometry": { "type": "Point", "coordinates": [ 983716.0, 209861.0 ] } },
{ "type": "Feature", "properties": { "sample_station_(ss)_location_description": "SS - N/S E 77th St, 2nd SS W/O 3rd Ave, 12\"", "sample_date": "2025-09-24T00:00:00Z", "sample_class": "Compliance", "residual_free_chlorine_mg_l": "0.32", "turbidity_ntu": "0.67", "coliform_quanti_tray_mpn_100ml": "<1", "e_coli_quanti_tray_mpn_100ml": "<1", "fluoride_mg_l": null }, "geometry": { "type": "Point", "coordinates": [ 995588.0, 221044.0 ] } },
{ "type": "Feature", "properties": { "sample_station_(ss)_location_description": "SS - IFO 427 N/S W 26th St, 2nd SS W/O 9th Ave, 12\"", "sample_date": "2025-09-28T00:00:00Z", "sample_class": "Compliance", "residual_free_chlorine_mg_l": "0.22", "turbidity_ntu": "0.28", "coliform_quanti_tray_mpn_100ml": "<1", "e_coli_quanti_tray_mpn_100ml": "<1", "fluoride_mg_l": null }, "geometry": { "type": "Point", "coordinates": [ 983942.0, 212144.0 ] } },
{ "type": "Feature", "properties": { "sample_station_(ss)_location_description": "SS - IFO 82 S/S Warren St, 2nd SS E/O Greenwich St, 12\"", "sample_date": "2025-09-29T00:00:00Z", "sample_class": "Compliance", "residual_free_chlorine_mg_l": "0.23", "turbidity_ntu": "0.52", "coliform_quanti_tray_mpn_100ml": "<1", "e_coli_quanti_tray_mpn_100ml": "<1", "fluoride_mg_l": null }, "geometry": { "type": "Point", "coordinates": [ 981300.0, 199881.0 ] } },
{ "type": "Feature", "properties": { "sample_station_(ss)_location_description": "SS - IFO 313 N/S W 47th St, 2nd SS W/O 8th Ave, 12\"", "sample_date": "2025-09-24T00:00:00Z", "sample_class": "Compliance", "residual_free_chlorine_mg_l": "0.41", "turbidity_ntu": "0.56", "coliform_quanti_tray_mpn_100ml": "<1", "e_coli_quanti_tray_mpn_100ml": "<1", "fluoride_mg_l": null }, "geometry": { "type": "Point", "coordinates": [ 987340.0, 216552.0 ] } },
{ "type": "Feature", "properties": { "sample_station_(ss)_location_description": "SS - IFO 49 N/S W 96th St, 2nd SS W/O Central Park West, 12\"", "sample_date": "2025-09-27T00:00:00Z", "sample_class": "Compliance", "residual_free_chlorine_mg_l": "0.31", "turbidity_ntu": "0.47", "coliform_quanti_tray_mpn_100ml": "<1", "e_coli_quanti_tray_mpn_100ml": "<1", "fluoride_mg_l": null }, "geometry": { "type": "Point", "coordinates": [ 993434.0, 228077.0 ] } },
{ "type": "Feature", "properties": { "sample_station_(ss)_location_description": "SS - W/S St Nicholas Ave, 1st SS N/O 174th St, IFO 1281 St. Nicholas Ave, 12\"", "sample_date": "2025-09-22T00:00:00Z", "sample_class": "Compliance", "residual_free_chlorine_mg_l": "0.53", "turbidity_ntu": "0.66", "coliform_quanti_tray_mpn_100ml": "<1", "e_coli_quanti_tray_mpn_100ml": "<1", "fluoride_mg_l": null }, "geometry": { "type": "Point", "coordinates": [ 1001666.0, 247137.0 ] } },
{ "type": "Feature", "properties": { "sample_station_(ss)_location_description": "SS - S/S W 150th St, BTW Convent & St Nicholas Aves, IFO 408 W 150th St 30\"", "sample_date": "2025-01-14T00:00:00Z", "sample_class": "Operational", "residual_free_chlorine_mg_l": "0.69", "turbidity_ntu": "0.91", "coliform_quanti_tray_mpn_100ml": "<1", "e_coli_quanti_tray_mpn_100ml": "<1", "fluoride_mg_l": null }, "geometry": { "type": "Point", "coordinates": [ 999894.0, 240792.0 ] } },
{ "type": "Feature", "properties": { "sample_station_(ss)_location_description": "SS - IFO 116 E/S Ave C, 2nd SS N/O E 7th St, 12\"", "sample_date": "2025-09-29T00:00:00Z", "sample_class": "Compliance", "residual_free_chlorine_mg_l": "0.18", "turbidity_ntu": "0.54", "coliform_quanti_tray_mpn_100ml": "<1", "e_coli_quanti_tray_mpn_100ml": "<1", "fluoride_mg_l": null }, "geometry": { "type": "Point", "coordinates": [ 990189.0, 203193.0 ] } },
{ "type": "Feature", "properties": { "sample_station_(ss)_location_description": "SS - E/S 1st Ave, BTW E 29th & E 30th Sts, 48\"", "sample_date": "2025-01-27T00:00:00Z", "sample_class": "Operational", "residual_free_chlorine_mg_l": "0.42", "turbidity_ntu": "0.93", "coliform_quanti_tray_mpn_100ml": "<1", "e_coli_quanti_tray_mpn_100ml": "<1", "fluoride_mg_l": null }, "geometry": { "type": "Point", "coordinates": [ 991111.0, 209292.0 ] } },
{ "type": "Feature", "properties": { "sample_station_(ss)_location_description": "SS - IFO 271 W/S Ave C, 1st SS S/O E 16th St, 20\"", "sample_date": "2025-09-21T00:00:00Z", "sample_class": "Compliance", "residual_free_chlorine_mg_l": "0.26", "turbidity_ntu": "0.68", "coliform_quanti_tray_mpn_100ml": "<1", "e_coli_quanti_tray_mpn_100ml": "<1", "fluoride_mg_l": null }, "geometry": { "type": "Point", "coordinates": [ 991177.0, 205146.0 ] } },
{ "type": "Feature", "properties": { "sample_station_(ss)_location_description": "SS - IFO 14 S/S W 18th St, 2nd SS W/O 5th Ave, 12\"", "sample_date": "2025-09-30T00:00:00Z", "sample_class": "Compliance", "residual_free_chlorine_mg_l": "0.28", "turbidity_ntu": "0.67", "coliform_quanti_tray_mpn_100ml": "<1", "e_coli_quanti_tray_mpn_100ml": "<1", "fluoride_mg_l": null }, "geometry": { "type": "Point", "coordinates": [ 986146.0, 208516.0 ] } },
{ "type": "Feature", "properties": { "sample_station_(ss)_location_description": "SS - S/S E 57th St, 2nd SS E/O 3rd Ave, 12\"", "sample_date": "2025-09-25T00:00:00Z", "sample_class": "Compliance", "residual_free_chlorine_mg_l": "0.19", "turbidity_ntu": "0.53", "coliform_quanti_tray_mpn_100ml": "<1", "e_coli_quanti_tray_mpn_100ml": "<1", "fluoride_mg_l": null }, "geometry": { "type": "Point", "coordinates": [ 993663.0, 215984.0 ] } },
{ "type": "Feature", "properties": { "sample_station_(ss)_location_description": "SS - IFO 138 S/S E 37th St, 2nd SS E/O Lexington Ave, 12\"", "sample_date": "2025-09-26T00:00:00Z", "sample_class": "Compliance", "residual_free_chlorine_mg_l": "0.34", "turbidity_ntu": "0.49", "coliform_quanti_tray_mpn_100ml": "<1", "e_coli_quanti_tray_mpn_100ml": "<1", "fluoride_mg_l": null }, "geometry": { "type": "Point", "coordinates": [ 990374.0, 211810.0 ] } },
{ "type": "Feature", "properties": { "sample_station_(ss)_location_description": "SS - W/S 1st Ave, 1st SS S/O E 25th St, IFO 421 1st Ave, 12\"", "sample_date": "2025-09-22T00:00:00Z", "sample_class": "Compliance", "residual_free_chlorine_mg_l": "0.34", "turbidity_ntu": "0.2", "coliform_quanti_tray_mpn_100ml": "<1", "e_coli_quanti_tray_mpn_100ml": "<1", "fluoride_mg_l": null }, "geometry": { "type": "Point", "coordinates": [ 990365.0, 208138.0 ] } },
{ "type": "Feature", "properties": { "sample_station_(ss)_location_description": "SS - N/S W 62nd St, 2nd SS E/O Amsterdam Ave, 12\"", "sample_date": "2025-09-16T00:00:00Z", "sample_class": "Compliance", "residual_free_chlorine_mg_l": "0.44", "turbidity_ntu": "0.59", "coliform_quanti_tray_mpn_100ml": "<1", "e_coli_quanti_tray_mpn_100ml": "<1", "fluoride_mg_l": null }, "geometry": { "type": "Point", "coordinates": [ 988401.0, 220494.0 ] } },
{ "type": "Feature", "properties": { "sample_station_(ss)_location_description": "SS - E/S 10th Ave/Harlem River Dr. (SS S/O Dyckman St on bike path in park), 30\"", "sample_date": "2025-01-06T00:00:00Z", "sample_class": "Operational", "residual_free_chlorine_mg_l": "0.62", "turbidity_ntu": "0.18", "coliform_quanti_tray_mpn_100ml": "<1", "e_coli_quanti_tray_mpn_100ml": "<1", "fluoride_mg_l": null }, "geometry": { "type": "Point", "coordinates": [ 1005641.0, 252089.0 ] } },
{ "type": "Feature", "properties": { "sample_station_(ss)_location_description": "SS - IFO 200 W/S Nagle Ave, 2nd SS N/O Dyckman St, 12\"", "sample_date": "2025-09-25T00:00:00Z", "sample_class": "Compliance", "residual_free_chlorine_mg_l": "0.28", "turbidity_ntu": "0.21", "coliform_quanti_tray_mpn_100ml": "<1", "e_coli_quanti_tray_mpn_100ml": "<1", "fluoride_mg_l": null }, "geometry": { "type": "Point", "coordinates": [ 1005456.0, 253444.0 ] } },
{ "type": "Feature", "properties": { "sample_station_(ss)_location_description": "SS - IFO 925 W/S West End Ave, 1st SS N/O W 105th St, 12\"", "sample_date": "2025-09-26T00:00:00Z", "sample_class": "Compliance", "residual_free_chlorine_mg_l": "0.33", "turbidity_ntu": "0.49", "coliform_quanti_tray_mpn_100ml": "<1", "e_coli_quanti_tray_mpn_100ml": "<1", "fluoride_mg_l": null }, "geometry": { "type": "Point", "coordinates": [ 992843.0, 231209.0 ] } },
{ "type": "Feature", "properties": { "sample_station_(ss)_location_description": "SS - S/S W 125th St, BTW 7th & 8th Aves (IFO Lane Bryant Store), 48\"", "sample_date": "2025-01-08T00:00:00Z", "sample_class": "Operational", "residual_free_chlorine_mg_l": "0.92", "turbidity_ntu": "0.15", "coliform_quanti_tray_mpn_100ml": "<1", "e_coli_quanti_tray_mpn_100ml": "<1", "fluoride_mg_l": null }, "geometry": { "type": "Point", "coordinates": [ 998315.0, 234102.0 ] } },
{ "type": "Feature", "properties": { "sample_station_(ss)_location_description": "SS - IFO 135 N/S W 112th St, 2nd SS W/O St Nicholas Ave, 12\"", "sample_date": "2025-09-28T00:00:00Z", "sample_class": "Compliance", "residual_free_chlorine_mg_l": "0.47", "turbidity_ntu": "0.26", "coliform_quanti_tray_mpn_100ml": "<1", "e_coli_quanti_tray_mpn_100ml": "<1", "fluoride_mg_l": null }, "geometry": { "type": "Point", "coordinates": [ 997082.0, 230895.0 ] } },
{ "type": "Feature", "properties": { "sample_station_(ss)_location_description": "SS - IFO 115 N/S E 67th St, 2nd SS W/O Lexington Ave, 12\"", "sample_date": "2025-09-24T00:00:00Z", "sample_class": "Compliance", "residual_free_chlorine_mg_l": "0.5", "turbidity_ntu": "0.52", "coliform_quanti_tray_mpn_100ml": "<1", "e_coli_quanti_tray_mpn_100ml": "<1", "fluoride_mg_l": null }, "geometry": { "type": "Point", "coordinates": [ 993886.0, 218935.0 ] } },
{ "type": "Feature", "properties": { "sample_station_(ss)_location_description": "SS - W/S 2nd Ave, BTW E 42nd St & 43rd Sts, IFO 801 2nd Ave, 48\"", "sample_date": "2025-01-03T00:00:00Z", "sample_class": "Operational", "residual_free_chlorine_mg_l": "0.59", "turbidity_ntu": "0.18", "coliform_quanti_tray_mpn_100ml": "<1", "e_coli_quanti_tray_mpn_100ml": "<1", "fluoride_mg_l": null }, "geometry": { "type": "Point", "coordinates": [ 991963.0, 212570.0 ] } },
{ "type": "Feature", "properties": { "sample_station_(ss)_location_description": "SS - IFO 69 W/S St Nicholas Ave, BTW W 113th & W 114th Sts, 48\"", "sample_date": "2025-01-09T00:00:00Z", "sample_class": "Operational", "residual_free_chlorine_mg_l": "0.53", "turbidity_ntu": "0.14", "coliform_quanti_tray_mpn_100ml": "<1", "e_coli_quanti_tray_mpn_100ml": "<1", "fluoride_mg_l": null }, "geometry": { "type": "Point", "coordinates": [ 997356.0, 231253.0 ] } },
{ "type": "Feature", "properties": { "sample_station_(ss)_location_description": "SS - IFO 155 N/S E 85th St, 1st SS E/O Lexington Ave, 12\"", "sample_date": "2025-09-25T00:00:00Z", "sample_class": "Compliance", "residual_free_chlorine_mg_l": "0.35", "turbidity_ntu": "0.61", "coliform_quanti_tray_mpn_100ml": "<1", "e_coli_quanti_tray_mpn_100ml": "<1", "fluoride_mg_l": null }, "geometry": { "type": "Point", "coordinates": [ 996612.0, 222939.0 ] } },
{ "type": "Feature", "properties": { "sample_station_(ss)_location_description": "SS - N/S E 104th St, 2nd SS E/O 3rd Ave, 12\"", "sample_date": "2025-09-28T00:00:00Z", "sample_class": "Compliance", "residual_free_chlorine_mg_l": "0.32", "turbidity_ntu": "0.21", "coliform_quanti_tray_mpn_100ml": "<1", "e_coli_quanti_tray_mpn_100ml": "<1", "fluoride_mg_l": null }, "geometry": { "type": "Point", "coordinates": [ 999690.0, 227009.0 ] } },
{ "type": "Feature", "properties": { "sample_station_(ss)_location_description": "SS - IFO 611 N/S W 181st St, 1st SS W/O St Nicholas Ave, 12\"", "sample_date": "2025-09-23T00:00:00Z", "sample_class": "Compliance", "residual_free_chlorine_mg_l": "0.51", "turbidity_ntu": "0.6", "coliform_quanti_tray_mpn_100ml": "<1", "e_coli_quanti_tray_mpn_100ml": "<1", "fluoride_mg_l": null }, "geometry": { "type": "Point", "coordinates": [ 1002425.0, 248841.0 ] } },
{ "type": "Feature", "properties": { "sample_station_(ss)_location_description": "SS - N/S W 151st St, 2nd SS W/O Amsterdam Ave, IFO 529 151st St, 12\"", "sample_date": "2025-09-23T00:00:00Z", "sample_class": "Compliance", "residual_free_chlorine_mg_l": "0.46", "turbidity_ntu": "0.59", "coliform_quanti_tray_mpn_100ml": "<1", "e_coli_quanti_tray_mpn_100ml": "<1", "fluoride_mg_l": null }, "geometry": { "type": "Point", "coordinates": [ 999120.0, 241564.0 ] } },
{ "type": "Feature", "properties": { "sample_station_(ss)_location_description": "SS - S/S W 97th St, BTW Columbus & Amsterdam Ave, 36\"", "sample_date": "2025-01-03T00:00:00Z", "sample_class": "Operational", "residual_free_chlorine_mg_l": "0.54", "turbidity_ntu": "1.04", "coliform_quanti_tray_mpn_100ml": "<1", "e_coli_quanti_tray_mpn_100ml": "<1", "fluoride_mg_l": null }, "geometry": { "type": "Point", "coordinates": [ 993173.0, 228471.0 ] } },
{ "type": "Feature", "properties": { "sample_station_(ss)_location_description": "SS - S/S W 40th St, BTW Broadway & 7th Ave, 48\"", "sample_date": "2025-01-13T00:00:00Z", "sample_class": "Operational", "residual_free_chlorine_mg_l": "0.59", "turbidity_ntu": "0.94", "coliform_quanti_tray_mpn_100ml": "<1", "e_coli_quanti_tray_mpn_100ml": "<1", "fluoride_mg_l": null }, "geometry": { "type": "Point", "coordinates": [ 987649.0, 214195.0 ] } },
{ "type": "Feature", "properties": { "sample_station_(ss)_location_description": "SS - E/S 6th Ave, BTW W 37th & W 38th Sts, IFO 1016 6th Ave, 20\"", "sample_date": "2025-09-27T00:00:00Z", "sample_class": "Compliance", "residual_free_chlorine_mg_l": "0.3", "turbidity_ntu": "0.53", "coliform_quanti_tray_mpn_100ml": "<1", "e_coli_quanti_tray_mpn_100ml": "<1", "fluoride_mg_l": null }, "geometry": { "type": "Point", "coordinates": [ 988136.0, 213267.0 ] } },
{ "type": "Feature", "properties": { "sample_station_(ss)_location_description": "SS - IFO 133 N/S 128th St, 2nd SS W/O Lenox Ave, 12\"", "sample_date": "2025-09-22T00:00:00Z", "sample_class": "Compliance", "residual_free_chlorine_mg_l": "0.53", "turbidity_ntu": "0.18", "coliform_quanti_tray_mpn_100ml": "<1", "e_coli_quanti_tray_mpn_100ml": "<1", "fluoride_mg_l": null }, "geometry": { "type": "Point", "coordinates": [ 999264.0, 234562.0 ] } },
{ "type": "Feature", "properties": { "sample_station_(ss)_location_description": "SS - IFO 1066 E/S St Nicholas Ave, BTW W 163rd & W 164th Sts, 12\"", "sample_date": "2025-09-22T00:00:00Z", "sample_class": "Compliance", "residual_free_chlorine_mg_l": "0.16", "turbidity_ntu": "0.49", "coliform_quanti_tray_mpn_100ml": "<1", "e_coli_quanti_tray_mpn_100ml": "<1", "fluoride_mg_l": null }, "geometry": { "type": "Point", "coordinates": [ 1000866.0, 244313.0 ] } },
{ "type": "Feature", "properties": { "sample_station_(ss)_location_description": "SS - S/S W 165th St, BTW Edgecombe & Amsterdam Aves, 30\"", "sample_date": "2020-07-14T00:00:00Z", "sample_class": "Operational", "residual_free_chlorine_mg_l": "0.09", "turbidity_ntu": "0.88", "coliform_quanti_tray_mpn_100ml": "<1", "e_coli_quanti_tray_mpn_100ml": "<1", "fluoride_mg_l": null }, "geometry": { "type": "Point", "coordinates": [ 1001663.0, 244320.0 ] } },
{ "type": "Feature", "properties": { "sample_station_(ss)_location_description": "SS - OPP 40 N/S W 53rd St, 2nd SS E/O 6th Ave, IFO MOMA 12\"", "sample_date": "2025-09-30T00:00:00Z", "sample_class": "Compliance", "residual_free_chlorine_mg_l": "0.48", "turbidity_ntu": "0.54", "coliform_quanti_tray_mpn_100ml": "<1", "e_coli_quanti_tray_mpn_100ml": "<1", "fluoride_mg_l": null }, "geometry": { "type": "Point", "coordinates": [ 990391.0, 216650.0 ] } },
{ "type": "Feature", "properties": { "sample_station_(ss)_location_description": "SS - IFO 686 S/S Academy St, 2nd SS W/O Broadway St, 12\"", "sample_date": "2025-09-26T00:00:00Z", "sample_class": "Compliance", "residual_free_chlorine_mg_l": "0.47", "turbidity_ntu": "0.57", "coliform_quanti_tray_mpn_100ml": "<1", "e_coli_quanti_tray_mpn_100ml": "<1", "fluoride_mg_l": null }, "geometry": { "type": "Point", "coordinates": [ 1004822.0, 255197.0 ] } },
{ "type": "Feature", "properties": { "sample_station_(ss)_location_description": "SS - S/S W 93rd St, btw Columbus Ave & Central Park West, 30\"", "sample_date": "2025-01-23T00:00:00Z", "sample_class": "Operational", "residual_free_chlorine_mg_l": "0.56", "turbidity_ntu": "0.88", "coliform_quanti_tray_mpn_100ml": "<1", "e_coli_quanti_tray_mpn_100ml": "<1", "fluoride_mg_l": null }, "geometry": { "type": "Point", "coordinates": [ 993412.0, 227105.0 ] } },
{ "type": "Feature", "properties": { "sample_station_(ss)_location_description": "SS - IFO 565 N/S W 125th St, 1st SS W/O Old Broadway, 20\"", "sample_date": "2025-09-23T00:00:00Z", "sample_class": "Compliance", "residual_free_chlorine_mg_l": "0.47", "turbidity_ntu": "0.13", "coliform_quanti_tray_mpn_100ml": "<1", "e_coli_quanti_tray_mpn_100ml": "<1", "fluoride_mg_l": null }, "geometry": { "type": "Point", "coordinates": [ 995934.0, 236325.0 ] } },
{ "type": "Feature", "properties": { "sample_station_(ss)_location_description": "SS - E/S Central Park West, BTW W 93rd & W 94th Sts, 30\"", "sample_date": "2020-03-04T00:00:00Z", "sample_class": "Operational", "residual_free_chlorine_mg_l": "0.34", "turbidity_ntu": "0.7", "coliform_quanti_tray_mpn_100ml": "<1", "e_coli_quanti_tray_mpn_100ml": "<1", "fluoride_mg_l": null }, "geometry": { "type": "Point", "coordinates": [ 993736.0, 227094.0 ] } },
{ "type": "Feature", "properties": { "sample_station_(ss)_location_description": "SS - IFO 21 E/S Bennett Ave, 2nd SS N/O W 181st St, 20\"", "sample_date": "2025-09-30T00:00:00Z", "sample_class": "Compliance", "residual_free_chlorine_mg_l": "0.55", "turbidity_ntu": "0.56", "coliform_quanti_tray_mpn_100ml": "<1", "e_coli_quanti_tray_mpn_100ml": "<1", "fluoride_mg_l": null }, "geometry": { "type": "Point", "coordinates": [ 1001925.0, 249470.0 ] } },
{ "type": "Feature", "properties": { "sample_station_(ss)_location_description": "SS - S/S W 65th St, BTW Broadway & Central Park West, 36\"", "sample_date": "2023-06-01T00:00:00Z", "sample_class": "Operational", "residual_free_chlorine_mg_l": "0.1", "turbidity_ntu": "0.57", "coliform_quanti_tray_mpn_100ml": "<1", "e_coli_quanti_tray_mpn_100ml": "<1", "fluoride_mg_l": null }, "geometry": { "type": "Point", "coordinates": [ 989646.0, 220635.0 ] } },
{ "type": "Feature", "properties": { "sample_station_(ss)_location_description": "SS - IFO 541 N/S W 207th (Emerson) St, 1st SS E/O Sherman Ave, 12\"", "sample_date": "2025-09-22T00:00:00Z", "sample_class": "Compliance", "residual_free_chlorine_mg_l": "0.4", "turbidity_ntu": "0.19", "coliform_quanti_tray_mpn_100ml": "<1", "e_coli_quanti_tray_mpn_100ml": "<1", "fluoride_mg_l": null }, "geometry": { "type": "Point", "coordinates": [ 1006457.0, 254634.0 ] } },
{ "type": "Feature", "properties": { "sample_station_(ss)_location_description": "SS - IFO 500 N/S E 76th St, 2nd SS E/O York Ave, 12\"", "sample_date": "2025-09-27T00:00:00Z", "sample_class": "Compliance", "residual_free_chlorine_mg_l": "0.35", "turbidity_ntu": "0.2", "coliform_quanti_tray_mpn_100ml": "<1", "e_coli_quanti_tray_mpn_100ml": "<1", "fluoride_mg_l": null }, "geometry": { "type": "Point", "coordinates": [ 997934.0, 219442.0 ] } },
{ "type": "Feature", "properties": { "sample_station_(ss)_location_description": "SS - N/S Washington Square S, 1st SS W/O Washington Square E (OPP 70 Washington Square E), 12\"", "sample_date": "2025-09-29T00:00:00Z", "sample_class": "Compliance", "residual_free_chlorine_mg_l": "0.61", "turbidity_ntu": "0.59", "coliform_quanti_tray_mpn_100ml": "<1", "e_coli_quanti_tray_mpn_100ml": "<1", "fluoride_mg_l": null }, "geometry": { "type": "Point", "coordinates": [ 985154.0, 205130.0 ] } },
{ "type": "Feature", "properties": { "sample_station_(ss)_location_description": "SS - N/S W 25th St, 2nd SS W/O Broadway,  OPP 28 W 25th St 12\"", "sample_date": "2025-09-26T00:00:00Z", "sample_class": "Compliance", "residual_free_chlorine_mg_l": "0.28", "turbidity_ntu": "0.52", "coliform_quanti_tray_mpn_100ml": "<1", "e_coli_quanti_tray_mpn_100ml": "<1", "fluoride_mg_l": null }, "geometry": { "type": "Point", "coordinates": [ 986871.0, 210227.0 ] } },
{ "type": "Feature", "properties": { "sample_station_(ss)_location_description": "SS - N/S W 83rd St, 2nd SS W/O Central Park West, 12\"", "sample_date": "2025-09-21T00:00:00Z", "sample_class": "Compliance", "residual_free_chlorine_mg_l": "0.21", "turbidity_ntu": "0.5", "coliform_quanti_tray_mpn_100ml": "<1", "e_coli_quanti_tray_mpn_100ml": "<1", "fluoride_mg_l": null }, "geometry": { "type": "Point", "coordinates": [ 992124.0, 224820.0 ] } },
{ "type": "Feature", "properties": { "sample_station_(ss)_location_description": "SS - N/S E 85th St, BTW 5th & Madison Aves,  OPP 16 E 85th St, 36\"", "sample_date": "2025-01-03T00:00:00Z", "sample_class": "Operational", "residual_free_chlorine_mg_l": "0.48", "turbidity_ntu": "0.86", "coliform_quanti_tray_mpn_100ml": "<1", "e_coli_quanti_tray_mpn_100ml": "<1", "fluoride_mg_l": null }, "geometry": { "type": "Point", "coordinates": [ 995459.0, 223581.0 ] } },
{ "type": "Feature", "properties": { "sample_station_(ss)_location_description": "SS - S/S E 68th St, BTW 5th & Madison Aves, 36\"", "sample_date": "2018-11-19T00:00:00Z", "sample_class": "Operational", "residual_free_chlorine_mg_l": "0.41", "turbidity_ntu": "0.66", "coliform_quanti_tray_mpn_100ml": "<1", "e_coli_quanti_tray_mpn_100ml": "<1", "fluoride_mg_l": null }, "geometry": { "type": "Point", "coordinates": [ 993046.0, 219645.0 ] } },
{ "type": "Feature", "properties": { "sample_station_(ss)_location_description": "SS - IFO 1212 E/S 6th Ave, BTW W 47th & W 48th Sts, 20\"", "sample_date": "2025-01-06T00:00:00Z", "sample_class": "Operational", "residual_free_chlorine_mg_l": "0.65", "turbidity_ntu": "1.17", "coliform_quanti_tray_mpn_100ml": "<1", "e_coli_quanti_tray_mpn_100ml": "<1", "fluoride_mg_l": null }, "geometry": { "type": "Point", "coordinates": [ 989398.0, 215557.0 ] } },
{ "type": "Feature", "properties": { "sample_station_(ss)_location_description": "SS - IFO 165 N/S E 112th St, 1st SS E/O Lexington Ave, 12\"", "sample_date": "2025-09-30T00:00:00Z", "sample_class": "Compliance", "residual_free_chlorine_mg_l": "0.29", "turbidity_ntu": "0.26", "coliform_quanti_tray_mpn_100ml": "<1", "e_coli_quanti_tray_mpn_100ml": "<1", "fluoride_mg_l": null }, "geometry": { "type": "Point", "coordinates": [ 1000097.0, 229237.0 ] } },
{ "type": "Feature", "properties": { "sample_station_(ss)_location_description": "SS - E/S Broadway, BTW Howard & Grand Sts, 30\"", "sample_date": "2025-01-02T00:00:00Z", "sample_class": "Operational", "residual_free_chlorine_mg_l": "0.21", "turbidity_ntu": "0.81", "coliform_quanti_tray_mpn_100ml": "<1", "e_coli_quanti_tray_mpn_100ml": "<1", "fluoride_mg_l": null }, "geometry": { "type": "Point", "coordinates": [ 983915.0, 201605.0 ] } },
{ "type": "Feature", "properties": { "sample_station_(ss)_location_description": "SS - IFO 87 E/S Bowery, BTW Hester & Canal Sts, 36\"", "sample_date": "2025-01-02T00:00:00Z", "sample_class": "Operational", "residual_free_chlorine_mg_l": "0.42", "turbidity_ntu": "0.85", "coliform_quanti_tray_mpn_100ml": "<1", "e_coli_quanti_tray_mpn_100ml": "<1", "fluoride_mg_l": null }, "geometry": { "type": "Point", "coordinates": [ 985508.0, 200478.0 ] } },
{ "type": "Feature", "properties": { "sample_station_(ss)_location_description": "SS - S/S South St, BTW Rutgers Slip & Jefferson Sts, 30\"", "sample_date": "2019-06-18T00:00:00Z", "sample_class": "Operational", "residual_free_chlorine_mg_l": "0.3", "turbidity_ntu": "0.58", "coliform_quanti_tray_mpn_100ml": "<1", "e_coli_quanti_tray_mpn_100ml": "<1", "fluoride_mg_l": null }, "geometry": { "type": "Point", "coordinates": [ 987453.0, 197979.0 ] } },
{ "type": "Feature", "properties": { "sample_station_(ss)_location_description": "SS - W/S Main St. Roosevelt Island (north of bridge) - 2nd SS N/O FDNY SOC circle", "sample_date": "2025-09-16T00:00:00Z", "sample_class": "Compliance", "residual_free_chlorine_mg_l": "0.15", "turbidity_ntu": "0.47", "coliform_quanti_tray_mpn_100ml": "<1", "e_coli_quanti_tray_mpn_100ml": "<1", "fluoride_mg_l": null }, "geometry": { "type": "Point", "coordinates": [ 999939.0, 219046.0 ] } },
{ "type": "Feature", "properties": { "sample_station_(ss)_location_description": "SS - IFO 3401 W/S Broadway, BTW W 138th & W 139th Sts, 36\"", "sample_date": "2021-12-23T00:00:00Z", "sample_class": "Operational", "residual_free_chlorine_mg_l": "0.4", "turbidity_ntu": "0.12", "coliform_quanti_tray_mpn_100ml": "<1", "e_coli_quanti_tray_mpn_100ml": "<1", "fluoride_mg_l": null }, "geometry": { "type": "Point", "coordinates": [ 997037.0, 238820.0 ] } },
{ "type": "Feature", "properties": { "sample_station_(ss)_location_description": "SS -OPP 532 N/S W 111st St, 2nd SS W/O Amsterdam Ave, 12\"", "sample_date": "2025-09-24T00:00:00Z", "sample_class": "Compliance", "residual_free_chlorine_mg_l": "0.35", "turbidity_ntu": "0.77", "coliform_quanti_tray_mpn_100ml": "<1", "e_coli_quanti_tray_mpn_100ml": "<1", "fluoride_mg_l": null }, "geometry": { "type": "Point", "coordinates": [ 993850.0, 232387.0 ] } },
{ "type": "Feature", "properties": { "sample_station_(ss)_location_description": "SS - IFO 325 N/S E 12th St, 2nd SS E/O 2nd Ave, 12\"", "sample_date": "2025-09-29T00:00:00Z", "sample_class": "Compliance", "residual_free_chlorine_mg_l": "0.15", "turbidity_ntu": "0.56", "coliform_quanti_tray_mpn_100ml": "<1", "e_coli_quanti_tray_mpn_100ml": "<1", "fluoride_mg_l": null }, "geometry": { "type": "Point", "coordinates": [ 988485.0, 205450.0 ] } },
{ "type": "Feature", "properties": { "sample_station_(ss)_location_description": "SS - IFO 121 N/S W 72nd St, 2nd SS W/O Columbus Ave, 12\"", "sample_date": "2025-09-29T00:00:00Z", "sample_class": "Compliance", "residual_free_chlorine_mg_l": "0.52", "turbidity_ntu": "0.68", "coliform_quanti_tray_mpn_100ml": "<1", "e_coli_quanti_tray_mpn_100ml": "<1", "fluoride_mg_l": null }, "geometry": { "type": "Point", "coordinates": [ 989901.0, 222686.0 ] } },
{ "type": "Feature", "properties": { "sample_station_(ss)_location_description": "SS - IFO 309 N/S E 87th St, 2nd SS W/O 1st Ave, 12\"", "sample_date": "2025-09-28T00:00:00Z", "sample_class": "Compliance", "residual_free_chlorine_mg_l": "0.23", "turbidity_ntu": "0.52", "coliform_quanti_tray_mpn_100ml": "<1", "e_coli_quanti_tray_mpn_100ml": "<1", "fluoride_mg_l": null }, "geometry": { "type": "Point", "coordinates": [ 997994.0, 222826.0 ] } },
{ "type": "Feature", "properties": { "sample_station_(ss)_location_description": "SS - E/S Amsterdam Ave, BTW W 179th & W 180th Sts (IFO DEP Pump Station), 36\"", "sample_date": "2025-01-09T00:00:00Z", "sample_class": "Operational", "residual_free_chlorine_mg_l": "0.68", "turbidity_ntu": "0.89", "coliform_quanti_tray_mpn_100ml": "<1", "e_coli_quanti_tray_mpn_100ml": "<1", "fluoride_mg_l": null }, "geometry": { "type": "Point", "coordinates": [ 1003227.0, 247967.0 ] } },
{ "type": "Feature", "properties": { "sample_station_(ss)_location_description": "SS - OPP 238 N/S W 112th St, 2nd SS E/O 8th Ave (Fredrick Douglass), 12\"", "sample_date": "2025-09-23T00:00:00Z", "sample_class": "Compliance", "residual_free_chlorine_mg_l": "0.25", "turbidity_ntu": "0.51", "coliform_quanti_tray_mpn_100ml": "<1", "e_coli_quanti_tray_mpn_100ml": "<1", "fluoride_mg_l": null }, "geometry": { "type": "Point", "coordinates": [ 996500.0, 231218.0 ] } },
{ "type": "Feature", "properties": { "sample_station_(ss)_location_description": "SS - E/S Amsterdam Ave, BTW W 61st & W 62nd Sts, 48\"", "sample_date": "2024-12-11T00:00:00Z", "sample_class": "Operational", "residual_free_chlorine_mg_l": "0.59", "turbidity_ntu": "0.19", "coliform_quanti_tray_mpn_100ml": "<1", "e_coli_quanti_tray_mpn_100ml": "<1", "fluoride_mg_l": null }, "geometry": { "type": "Point", "coordinates": [ 988030.0, 220500.0 ] } },
{ "type": "Feature", "properties": { "sample_station_(ss)_location_description": "SS - S/S W 62nd St, BTW Columbus Ave & Broadway, 48\"", "sample_date": "2018-09-06T00:00:00Z", "sample_class": "Operational", "residual_free_chlorine_mg_l": "0.43", "turbidity_ntu": "0.71", "coliform_quanti_tray_mpn_100ml": "<1", "e_coli_quanti_tray_mpn_100ml": "<1", "fluoride_mg_l": null }, "geometry": { "type": "Point", "coordinates": [ 989043.0, 220395.0 ] } },
{ "type": "Feature", "properties": { "sample_station_(ss)_location_description": "SS - W/S Park Ave, 1st SS S/O E 95th St, 12\"", "sample_date": "2025-09-29T00:00:00Z", "sample_class": "Compliance", "residual_free_chlorine_mg_l": "0.22", "turbidity_ntu": "0.59", "coliform_quanti_tray_mpn_100ml": "<1", "e_coli_quanti_tray_mpn_100ml": "<1", "fluoride_mg_l": null }, "geometry": { "type": "Point", "coordinates": [ 997170.0, 225580.0 ] } },
{ "type": "Feature", "properties": { "sample_station_(ss)_location_description": "SS - IFO 229 N/S E 49th St, 2nd SS W/O 2nd Ave, 12\"", "sample_date": "2025-09-28T00:00:00Z", "sample_class": "Compliance", "residual_free_chlorine_mg_l": "0.1", "turbidity_ntu": "0.49", "coliform_quanti_tray_mpn_100ml": "<1", "e_coli_quanti_tray_mpn_100ml": "<1", "fluoride_mg_l": null }, "geometry": { "type": "Point", "coordinates": [ 992565.0, 214253.0 ] } },
{ "type": "Feature", "properties": { "sample_station_(ss)_location_description": "SS - IFO 321 N/S E 71st St, 2nd SS W/O 1st Ave, 12\"", "sample_date": "2025-09-21T00:00:00Z", "sample_class": "Compliance", "residual_free_chlorine_mg_l": "0.39", "turbidity_ntu": "0.54", "coliform_quanti_tray_mpn_100ml": "<1", "e_coli_quanti_tray_mpn_100ml": "<1", "fluoride_mg_l": null }, "geometry": { "type": "Point", "coordinates": [ 995942.0, 218935.0 ] } },
{ "type": "Feature", "properties": { "sample_station_(ss)_location_description": "SS - W/S Broadway, BTW W 76th & W 77th Sts, 36\"", "sample_date": "2025-01-02T00:00:00Z", "sample_class": "Operational", "residual_free_chlorine_mg_l": "0.39", "turbidity_ntu": "0.96", "coliform_quanti_tray_mpn_100ml": "<1", "e_coli_quanti_tray_mpn_100ml": "<1", "fluoride_mg_l": null }, "geometry": { "type": "Point", "coordinates": [ 989480.0, 224221.0 ] } },
{ "type": "Feature", "properties": { "sample_station_(ss)_location_description": "SS - IFO 601 W/S West End Ave, 1st SS N/O W 89th St, 12\"", "sample_date": "2025-09-02T00:00:00Z", "sample_class": "Compliance", "residual_free_chlorine_mg_l": "0.29", "turbidity_ntu": "0.62", "coliform_quanti_tray_mpn_100ml": "<1", "e_coli_quanti_tray_mpn_100ml": "<1", "fluoride_mg_l": "0.7" }, "geometry": { "type": "Point", "coordinates": [ 990776.0, 227477.0 ] } },
{ "type": "Feature", "properties": { "sample_station_(ss)_location_description": "Shaft 26 of New Croton Aqueduct, 179th St Pumping Station.", "sample_date": "2025-09-30T00:00:00Z", "sample_class": "Operational", "residual_free_chlorine_mg_l": "0.52", "turbidity_ntu": "0.19", "coliform_quanti_tray_mpn_100ml": "<1", "e_coli_quanti_tray_mpn_100ml": "<1", "fluoride_mg_l": null }, "geometry": { "type": "Point", "coordinates": [ 1003134.0, 247853.0 ] } },
{ "type": "Feature", "properties": { "sample_station_(ss)_location_description": "SS - Rikers Island, traffic island OPP James A. Thomas Ctr, 14-14 Hazen St", "sample_date": "2025-09-03T00:00:00Z", "sample_class": "Operational", "residual_free_chlorine_mg_l": "0.8", "turbidity_ntu": "0.63", "coliform_quanti_tray_mpn_100ml": "<1", "e_coli_quanti_tray_mpn_100ml": "<1", "fluoride_mg_l": null }, "geometry": { "type": "Point", "coordinates": [ 1015316.0, 229741.0 ] } },
{ "type": "Feature", "properties": { "sample_station_(ss)_location_description": "SS - N/S 27th Ave, 1st SS E/O 2nd St, IFO 2-07 27th Ave, 12\"", "sample_date": "2025-09-22T00:00:00Z", "sample_class": "Compliance", "residual_free_chlorine_mg_l": "0.35", "turbidity_ntu": "0.55", "coliform_quanti_tray_mpn_100ml": "<1", "e_coli_quanti_tray_mpn_100ml": "<1", "fluoride_mg_l": null }, "geometry": { "type": "Point", "coordinates": [ 1002251.0, 221752.0 ] } },
{ "type": "Feature", "properties": { "sample_station_(ss)_location_description": "SS - S/S 19th Ave, BTW 41st & Steinway Sts, IFO 40-14 19th Ave, 60\"", "sample_date": "2025-09-30T00:00:00Z", "sample_class": "Operational", "residual_free_chlorine_mg_l": "0.92", "turbidity_ntu": "0.68", "coliform_quanti_tray_mpn_100ml": "<1", "e_coli_quanti_tray_mpn_100ml": "<1", "fluoride_mg_l": null }, "geometry": { "type": "Point", "coordinates": [ 1012206.0, 222705.0 ] } },
{ "type": "Feature", "properties": { "sample_station_(ss)_location_description": "SS - IFO 22-26 W/S Steinway St, 2nd SS S/O Ditmars Blvd, 12\"", "sample_date": "2025-09-16T00:00:00Z", "sample_class": "Compliance", "residual_free_chlorine_mg_l": "0.85", "turbidity_ntu": "0.61", "coliform_quanti_tray_mpn_100ml": "<1", "e_coli_quanti_tray_mpn_100ml": "<1", "fluoride_mg_l": null }, "geometry": { "type": "Point", "coordinates": [ 1010037.0, 220644.0 ] } },
{ "type": "Feature", "properties": { "sample_station_(ss)_location_description": "SS - IFO 12 - 23 SE/S Jackson Ave, BTW 48th & 49th Aves, 72\"", "sample_date": "2025-01-24T00:00:00Z", "sample_class": "Operational", "residual_free_chlorine_mg_l": "0.75", "turbidity_ntu": "0.94", "coliform_quanti_tray_mpn_100ml": "<1", "e_coli_quanti_tray_mpn_100ml": "<1", "fluoride_mg_l": null }, "geometry": { "type": "Point", "coordinates": [ 998105.0, 210271.0 ] } },
{ "type": "Feature", "properties": { "sample_station_(ss)_location_description": "SS - N/S 41st Ave, 2nd SS W/O 21st St, 12\"", "sample_date": "2025-09-16T00:00:00Z", "sample_class": "Compliance", "residual_free_chlorine_mg_l": "0.84", "turbidity_ntu": "0.54", "coliform_quanti_tray_mpn_100ml": "<1", "e_coli_quanti_tray_mpn_100ml": "<1", "fluoride_mg_l": null }, "geometry": { "type": "Point", "coordinates": [ 1000003.0, 214134.0 ] } },
{ "type": "Feature", "properties": { "sample_station_(ss)_location_description": "SS - OPP 33-02 N/S 48th Ave, 1st SS E/O 33rd St, 12\"", "sample_date": "2025-09-25T00:00:00Z", "sample_class": "Compliance", "residual_free_chlorine_mg_l": "0.7", "turbidity_ntu": "0.52", "coliform_quanti_tray_mpn_100ml": "<1", "e_coli_quanti_tray_mpn_100ml": "<1", "fluoride_mg_l": null }, "geometry": { "type": "Point", "coordinates": [ 1003047.0, 209194.0 ] } },
{ "type": "Feature", "properties": { "sample_station_(ss)_location_description": "SS - W/S 61st (Bush) St, 1st SS S/O 47th Ave, 12\"", "sample_date": "2025-09-25T00:00:00Z", "sample_class": "Compliance", "residual_free_chlorine_mg_l": "0.19", "turbidity_ntu": "0.52", "coliform_quanti_tray_mpn_100ml": "<1", "e_coli_quanti_tray_mpn_100ml": "<1", "fluoride_mg_l": null }, "geometry": { "type": "Point", "coordinates": [ 1011000.0, 208696.0 ] } },
{ "type": "Feature", "properties": { "sample_station_(ss)_location_description": "SS - E/S 89th St, BTW Northern Blvd & 32nd Ave, 72\"", "sample_date": "2025-01-06T00:00:00Z", "sample_class": "Operational", "residual_free_chlorine_mg_l": "0.71", "turbidity_ntu": "1.04", "coliform_quanti_tray_mpn_100ml": "<1", "e_coli_quanti_tray_mpn_100ml": "<1", "fluoride_mg_l": null }, "geometry": { "type": "Point", "coordinates": [ 1017800.0, 215038.0 ] } },
{ "type": "Feature", "properties": { "sample_station_(ss)_location_description": "SS - IFO 30-12 W/S 94th St, 1st SS S/O 30th Ave, 12\"", "sample_date": "2025-09-30T00:00:00Z", "sample_class": "Compliance", "residual_free_chlorine_mg_l": "0.89", "turbidity_ntu": "0.56", "coliform_quanti_tray_mpn_100ml": "<1", "e_coli_quanti_tray_mpn_100ml": "<1", "fluoride_mg_l": null }, "geometry": { "type": "Point", "coordinates": [ 1018876.0, 216530.0 ] } },
{ "type": "Feature", "properties": { "sample_station_(ss)_location_description": "SS - N/S Northern Blvd, 1st SS W/O 78th St, 12\"", "sample_date": "2025-09-24T00:00:00Z", "sample_class": "Compliance", "residual_free_chlorine_mg_l": "0.75", "turbidity_ntu": "0.63", "coliform_quanti_tray_mpn_100ml": "<1", "e_coli_quanti_tray_mpn_100ml": "<1", "fluoride_mg_l": null }, "geometry": { "type": "Point", "coordinates": [ 1014894.0, 214445.0 ] } },
{ "type": "Feature", "properties": { "sample_station_(ss)_location_description": "SS - E/S 62nd St, BTW 37th Ave & Broadway, 48\"", "sample_date": "2025-01-10T00:00:00Z", "sample_class": "Operational", "residual_free_chlorine_mg_l": "0.68", "turbidity_ntu": "0.87", "coliform_quanti_tray_mpn_100ml": "<1", "e_coli_quanti_tray_mpn_100ml": "<1", "fluoride_mg_l": null }, "geometry": { "type": "Point", "coordinates": [ 1011829.0, 212286.0 ] } },
{ "type": "Feature", "properties": { "sample_station_(ss)_location_description": "SS - IFO 4205 E/S 77th St, 1st SS S/O Woodside Ave, 12\"", "sample_date": "2025-09-23T00:00:00Z", "sample_class": "Compliance", "residual_free_chlorine_mg_l": "0.81", "turbidity_ntu": "0.59", "coliform_quanti_tray_mpn_100ml": "<1", "e_coli_quanti_tray_mpn_100ml": "<1", "fluoride_mg_l": null }, "geometry": { "type": "Point", "coordinates": [ 1015318.0, 210104.0 ] } },
{ "type": "Feature", "properties": { "sample_station_(ss)_location_description": "SS - W/S 94th St, 2nd SS S/O 41st Rd , Case St, 12\"", "sample_date": "2025-09-23T00:00:00Z", "sample_class": "Compliance", "residual_free_chlorine_mg_l": "0.74", "turbidity_ntu": "0.54", "coliform_quanti_tray_mpn_100ml": "<1", "e_coli_quanti_tray_mpn_100ml": "<1", "fluoride_mg_l": null }, "geometry": { "type": "Point", "coordinates": [ 1019803.0, 210877.0 ] } },
{ "type": "Feature", "properties": { "sample_station_(ss)_location_description": "SS - IFO 86-31 W/S 57th Ave, 2nd SS S/O Seabury Ave, 12\"", "sample_date": "2025-09-29T00:00:00Z", "sample_class": "Compliance", "residual_free_chlorine_mg_l": "0.7", "turbidity_ntu": "0.67", "coliform_quanti_tray_mpn_100ml": "<1", "e_coli_quanti_tray_mpn_100ml": "<1", "fluoride_mg_l": null }, "geometry": { "type": "Point", "coordinates": [ 1018708.0, 206370.0 ] } },
{ "type": "Feature", "properties": { "sample_station_(ss)_location_description": "SS - IFO 94-03 S/S Alstyne Ave, BTW Junction Blvd & 94th St, 48\"", "sample_date": "2025-01-10T00:00:00Z", "sample_class": "Operational", "residual_free_chlorine_mg_l": "0.68", "turbidity_ntu": "0.93", "coliform_quanti_tray_mpn_100ml": "<1", "e_coli_quanti_tray_mpn_100ml": "<1", "fluoride_mg_l": null }, "geometry": { "type": "Point", "coordinates": [ 1020261.0, 209842.0 ] } },
{ "type": "Feature", "properties": { "sample_station_(ss)_location_description": "SS - OPP 110-08 W/S Colonial Ave, 2nd SS S/O Horace Harding Expwy, 12\"", "sample_date": "2025-09-21T00:00:00Z", "sample_class": "Compliance", "residual_free_chlorine_mg_l": "0.68", "turbidity_ntu": "0.63", "coliform_quanti_tray_mpn_100ml": "<1", "e_coli_quanti_tray_mpn_100ml": "<1", "fluoride_mg_l": null }, "geometry": { "type": "Point", "coordinates": [ 1026226.0, 207866.0 ] } },
{ "type": "Feature", "properties": { "sample_station_(ss)_location_description": "SS - SW/S LIE (service Rd), 1st SS E/O 71st St, 12\"", "sample_date": "2025-09-26T00:00:00Z", "sample_class": "Compliance", "residual_free_chlorine_mg_l": "0.48", "turbidity_ntu": "0.47", "coliform_quanti_tray_mpn_100ml": "<1", "e_coli_quanti_tray_mpn_100ml": "<1", "fluoride_mg_l": null }, "geometry": { "type": "Point", "coordinates": [ 1014728.0, 203714.0 ] } },
{ "type": "Feature", "properties": { "sample_station_(ss)_location_description": "SS - S/S Cypress Ave, BTW Dekalb Ave & Stockholm St, 60\"", "sample_date": "2020-08-27T00:00:00Z", "sample_class": "Operational", "residual_free_chlorine_mg_l": "0.76", "turbidity_ntu": "0.61", "coliform_quanti_tray_mpn_100ml": "<1", "e_coli_quanti_tray_mpn_100ml": "<1", "fluoride_mg_l": null }, "geometry": { "type": "Point", "coordinates": [ 1007301.0, 196633.0 ] } },
{ "type": "Feature", "properties": { "sample_station_(ss)_location_description": "SS - W/S Menahan St, 1st SS N/O Onderdonk Ave, 12\"", "sample_date": "2025-09-21T00:00:00Z", "sample_class": "Compliance", "residual_free_chlorine_mg_l": "0.26", "turbidity_ntu": "0.56", "coliform_quanti_tray_mpn_100ml": "<1", "e_coli_quanti_tray_mpn_100ml": "<1", "fluoride_mg_l": null }, "geometry": { "type": "Point", "coordinates": [ 1009308.0, 196373.0 ] } },
{ "type": "Feature", "properties": { "sample_station_(ss)_location_description": "SS - OPP 18-20 W/S Decatur St, 2nd SS S/O Forest Ave, 12\"", "sample_date": "2025-09-30T00:00:00Z", "sample_class": "Compliance", "residual_free_chlorine_mg_l": "0.47", "turbidity_ntu": "0.5", "coliform_quanti_tray_mpn_100ml": "<1", "e_coli_quanti_tray_mpn_100ml": "<1", "fluoride_mg_l": null }, "geometry": { "type": "Point", "coordinates": [ 1012510.0, 193596.0 ] } },
{ "type": "Feature", "properties": { "sample_station_(ss)_location_description": "SS - IFO 98-05 N/S 63rd Rd, 1st SS E/O 98th St, 12\"", "sample_date": "2025-09-25T00:00:00Z", "sample_class": "Compliance", "residual_free_chlorine_mg_l": "0.84", "turbidity_ntu": "0.79", "coliform_quanti_tray_mpn_100ml": "<1", "e_coli_quanti_tray_mpn_100ml": "<1", "fluoride_mg_l": null }, "geometry": { "type": "Point", "coordinates": [ 1023300.0, 205981.0 ] } },
{ "type": "Feature", "properties": { "sample_station_(ss)_location_description": "SS - IFO 93-29 N/S Queens Blvd, BTW 62nd Dr & 62nd Ave, 72\"", "sample_date": "2025-01-14T00:00:00Z", "sample_class": "Operational", "residual_free_chlorine_mg_l": "0.57", "turbidity_ntu": "0.89", "coliform_quanti_tray_mpn_100ml": "<1", "e_coli_quanti_tray_mpn_100ml": "<1", "fluoride_mg_l": null }, "geometry": { "type": "Point", "coordinates": [ 1021543.0, 205810.0 ] } },
{ "type": "Feature", "properties": { "sample_station_(ss)_location_description": "SS - IFO 106-15 N/S Queens Blvd (service Rd), 2nd SS E/O Yellowstone Blvd, 20\"", "sample_date": "2025-09-29T00:00:00Z", "sample_class": "Compliance", "residual_free_chlorine_mg_l": "0.5", "turbidity_ntu": "0.59", "coliform_quanti_tray_mpn_100ml": "<1", "e_coli_quanti_tray_mpn_100ml": "<1", "fluoride_mg_l": null }, "geometry": { "type": "Point", "coordinates": [ 1026792.0, 202666.0 ] } },
{ "type": "Feature", "properties": { "sample_station_(ss)_location_description": "SS - OPP 104-41 SW/S Ditmars Blvd, BTW 24th Rd & 25th Ave, 12\"", "sample_date": "2025-09-26T00:00:00Z", "sample_class": "Compliance", "residual_free_chlorine_mg_l": "0.64", "turbidity_ntu": "0.51", "coliform_quanti_tray_mpn_100ml": "<1", "e_coli_quanti_tray_mpn_100ml": "<1", "fluoride_mg_l": null }, "geometry": { "type": "Point", "coordinates": [ 1021435.0, 218787.0 ] } },
{ "type": "Feature", "properties": { "sample_station_(ss)_location_description": "SS - IFO 67-02 W/S Bell Blvd, 1st SS S/O 67th Ave, 12\"", "sample_date": "2025-09-21T00:00:00Z", "sample_class": "Compliance", "residual_free_chlorine_mg_l": "0.49", "turbidity_ntu": "0.6", "coliform_quanti_tray_mpn_100ml": "<1", "e_coli_quanti_tray_mpn_100ml": "<1", "fluoride_mg_l": null }, "geometry": { "type": "Point", "coordinates": [ 1050755.0, 210470.0 ] } },
{ "type": "Feature", "properties": { "sample_station_(ss)_location_description": "SS - W/S Fresh Meadow La, Corner N/O Booth Memorial Ave, 20\"", "sample_date": "2025-01-08T00:00:00Z", "sample_class": "Operational", "residual_free_chlorine_mg_l": "0.44", "turbidity_ntu": "0.8", "coliform_quanti_tray_mpn_100ml": "<1", "e_coli_quanti_tray_mpn_100ml": "<1", "fluoride_mg_l": null }, "geometry": { "type": "Point", "coordinates": [ 1040557.0, 209716.0 ] } },
{ "type": "Feature", "properties": { "sample_station_(ss)_location_description": "SS - IFO 170-05 N/S 45th Ave, 1st SS E/O 170th St, 12\"", "sample_date": "2025-09-27T00:00:00Z", "sample_class": "Compliance", "residual_free_chlorine_mg_l": "0.64", "turbidity_ntu": "0.58", "coliform_quanti_tray_mpn_100ml": "<1", "e_coli_quanti_tray_mpn_100ml": "<1", "fluoride_mg_l": null }, "geometry": { "type": "Point", "coordinates": [ 1040549.0, 214712.0 ] } },
{ "type": "Feature", "properties": { "sample_station_(ss)_location_description": "SS - S/S Metropolitan Ave, 1st SS E/O 80th St, 48\"", "sample_date": "2025-01-13T00:00:00Z", "sample_class": "Operational", "residual_free_chlorine_mg_l": "0.6", "turbidity_ntu": "1.14", "coliform_quanti_tray_mpn_100ml": "<1", "e_coli_quanti_tray_mpn_100ml": "<1", "fluoride_mg_l": null }, "geometry": { "type": "Point", "coordinates": [ 1019954.0, 199151.0 ] } },
{ "type": "Feature", "properties": { "sample_station_(ss)_location_description": "SS - IFO 68-78 W/S 76th St, 1st N/O 69th Rd, 12\"", "sample_date": "2025-09-29T00:00:00Z", "sample_class": "Compliance", "residual_free_chlorine_mg_l": "0.52", "turbidity_ntu": "0.65", "coliform_quanti_tray_mpn_100ml": "<1", "e_coli_quanti_tray_mpn_100ml": "<1", "fluoride_mg_l": null }, "geometry": { "type": "Point", "coordinates": [ 1018772.0, 197537.0 ] } },
{ "type": "Feature", "properties": { "sample_station_(ss)_location_description": "SS - S/S 48th Ave, BTW 42nd & 43rd Sts, 72\"", "sample_date": "2025-01-09T00:00:00Z", "sample_class": "Operational", "residual_free_chlorine_mg_l": "0.81", "turbidity_ntu": "0.8", "coliform_quanti_tray_mpn_100ml": "<1", "e_coli_quanti_tray_mpn_100ml": "<1", "fluoride_mg_l": null }, "geometry": { "type": "Point", "coordinates": [ 1005648.0, 208750.0 ] } },
{ "type": "Feature", "properties": { "sample_station_(ss)_location_description": "SS - IFO 41-18 W/S 39th St, 2nd SS S/O Skillman Ave, 12\"", "sample_date": "2025-09-23T00:00:00Z", "sample_class": "Compliance", "residual_free_chlorine_mg_l": "0.62", "turbidity_ntu": "0.52", "coliform_quanti_tray_mpn_100ml": "<1", "e_coli_quanti_tray_mpn_100ml": "<1", "fluoride_mg_l": null }, "geometry": { "type": "Point", "coordinates": [ 1004860.0, 211464.0 ] } },
{ "type": "Feature", "properties": { "sample_station_(ss)_location_description": "SS - OPP 64-65 W/S 210th St, N/O 67th Ave, 48\"", "sample_date": "2025-01-06T00:00:00Z", "sample_class": "Operational", "residual_free_chlorine_mg_l": "0.53", "turbidity_ntu": "0.84", "coliform_quanti_tray_mpn_100ml": "<1", "e_coli_quanti_tray_mpn_100ml": "<1", "fluoride_mg_l": null }, "geometry": { "type": "Point", "coordinates": [ 1049282.0, 209900.0 ] } },
{ "type": "Feature", "properties": { "sample_station_(ss)_location_description": "SS - IFO 64-50A W/S 188th St, 2nd SS S/O 64th Ave, 20\"", "sample_date": "2025-09-30T00:00:00Z", "sample_class": "Compliance", "residual_free_chlorine_mg_l": "0.35", "turbidity_ntu": "0.64", "coliform_quanti_tray_mpn_100ml": "<1", "e_coli_quanti_tray_mpn_100ml": "<1", "fluoride_mg_l": null }, "geometry": { "type": "Point", "coordinates": [ 1043933.0, 207580.0 ] } },
{ "type": "Feature", "properties": { "sample_station_(ss)_location_description": "SS - IFO 82-28 W/S Parsons Blvd, BTW Goethals Ave & Village Rd", "sample_date": "2025-09-26T00:00:00Z", "sample_class": "Compliance", "residual_free_chlorine_mg_l": "0.51", "turbidity_ntu": "0.52", "coliform_quanti_tray_mpn_100ml": "<1", "e_coli_quanti_tray_mpn_100ml": "<1", "fluoride_mg_l": null }, "geometry": { "type": "Point", "coordinates": [ 1037347.0, 200782.0 ] } },
{ "type": "Feature", "properties": { "sample_station_(ss)_location_description": "SS - IFO 80-56 W/S 193rd St, 1st SS N/O 81st Ave, 12\"", "sample_date": "2025-09-23T00:00:00Z", "sample_class": "Compliance", "residual_free_chlorine_mg_l": "0.59", "turbidity_ntu": "0.59", "coliform_quanti_tray_mpn_100ml": "<1", "e_coli_quanti_tray_mpn_100ml": "<1", "fluoride_mg_l": null }, "geometry": { "type": "Point", "coordinates": [ 1046079.0, 204823.0 ] } },
{ "type": "Feature", "properties": { "sample_station_(ss)_location_description": "SS - S/S Park Lane S, 1st SS W/O 102nd St, 20\"", "sample_date": "2025-09-25T00:00:00Z", "sample_class": "Compliance", "residual_free_chlorine_mg_l": "0.68", "turbidity_ntu": "0.68", "coliform_quanti_tray_mpn_100ml": "<1", "e_coli_quanti_tray_mpn_100ml": "<1", "fluoride_mg_l": null }, "geometry": { "type": "Point", "coordinates": [ 1026611.0, 193874.0 ] } },
{ "type": "Feature", "properties": { "sample_station_(ss)_location_description": "SS - W/S 88th St, 2nd SS S/O 149th Ave, 12\"", "sample_date": "2025-09-29T00:00:00Z", "sample_class": "Compliance", "residual_free_chlorine_mg_l": "0.69", "turbidity_ntu": "0.64", "coliform_quanti_tray_mpn_100ml": "<1", "e_coli_quanti_tray_mpn_100ml": "<1", "fluoride_mg_l": null }, "geometry": { "type": "Point", "coordinates": [ 1026601.0, 183111.0 ] } },
{ "type": "Feature", "properties": { "sample_station_(ss)_location_description": "SS - IFO 87-48 W/S 78th St, 1st SS N/O 88th Ave, 12\"", "sample_date": "2025-09-28T00:00:00Z", "sample_class": "Compliance", "residual_free_chlorine_mg_l": "0.72", "turbidity_ntu": "0.6", "coliform_quanti_tray_mpn_100ml": "<1", "e_coli_quanti_tray_mpn_100ml": "<1", "fluoride_mg_l": null }, "geometry": { "type": "Point", "coordinates": [ 1022120.0, 190652.0 ] } },
{ "type": "Feature", "properties": { "sample_station_(ss)_location_description": "SS - W/S 125th St, 1st SS S/O 15th Ave, 20\"", "sample_date": "2025-09-27T00:00:00Z", "sample_class": "Compliance", "residual_free_chlorine_mg_l": "0.34", "turbidity_ntu": "0.5", "coliform_quanti_tray_mpn_100ml": "<1", "e_coli_quanti_tray_mpn_100ml": "<1", "fluoride_mg_l": null }, "geometry": { "type": "Point", "coordinates": [ 1027699.0, 225142.0 ] } },
{ "type": "Feature", "properties": { "sample_station_(ss)_location_description": "SS - E/S Union St, BTW Northern Blvd & 35th Ave, 72\"", "sample_date": "2025-01-24T00:00:00Z", "sample_class": "Operational", "residual_free_chlorine_mg_l": "0.74", "turbidity_ntu": "0.84", "coliform_quanti_tray_mpn_100ml": "<1", "e_coli_quanti_tray_mpn_100ml": "<1", "fluoride_mg_l": null }, "geometry": { "type": "Point", "coordinates": [ 1031944.0, 218059.0 ] } },
{ "type": "Feature", "properties": { "sample_station_(ss)_location_description": "SS - E/S Whitestone Expy (service Rd), 2nd SS S/O Downing St, 12\"", "sample_date": "2025-09-22T00:00:00Z", "sample_class": "Compliance", "residual_free_chlorine_mg_l": "0.78", "turbidity_ntu": "0.51", "coliform_quanti_tray_mpn_100ml": "<1", "e_coli_quanti_tray_mpn_100ml": "<1", "fluoride_mg_l": null }, "geometry": { "type": "Point", "coordinates": [ 1029519.0, 219268.0 ] } },
{ "type": "Feature", "properties": { "sample_station_(ss)_location_description": "SS - N/S 20th Ave, 2nd SS W/O Whitestone Expy, 12\"", "sample_date": "2025-09-21T00:00:00Z", "sample_class": "Compliance", "residual_free_chlorine_mg_l": "0.4", "turbidity_ntu": "0.47", "coliform_quanti_tray_mpn_100ml": "<1", "e_coli_quanti_tray_mpn_100ml": "<1", "fluoride_mg_l": null }, "geometry": { "type": "Point", "coordinates": [ 1031507.0, 224135.0 ] } },
{ "type": "Feature", "properties": { "sample_station_(ss)_location_description": "SS - N/S 39th Ave, BTW 215th Pl & 216th St, IFO 215-37 39th Ave 24\"", "sample_date": "2022-12-19T00:00:00Z", "sample_class": "Operational", "residual_free_chlorine_mg_l": "0.52", "turbidity_ntu": "0.82", "coliform_quanti_tray_mpn_100ml": "<1", "e_coli_quanti_tray_mpn_100ml": "<1", "fluoride_mg_l": null }, "geometry": { "type": "Point", "coordinates": [ 1048519.0, 218452.0 ] } },
{ "type": "Feature", "properties": { "sample_station_(ss)_location_description": "SS - N/S 26th Ave, BTW 210th Pl & 211st St (IFO Sony Theatres), 12\"", "sample_date": "2025-09-23T00:00:00Z", "sample_class": "Compliance", "residual_free_chlorine_mg_l": "0.31", "turbidity_ntu": "0.52", "coliform_quanti_tray_mpn_100ml": "<1", "e_coli_quanti_tray_mpn_100ml": "<1", "fluoride_mg_l": null }, "geometry": { "type": "Point", "coordinates": [ 1045509.0, 222777.0 ] } },
{ "type": "Feature", "properties": { "sample_station_(ss)_location_description": "SS - IFO 20-44 W/S 21st St, 2nd SS N/O 21st Ave, 20\"", "sample_date": "2025-09-27T00:00:00Z", "sample_class": "Compliance", "residual_free_chlorine_mg_l": "0.74", "turbidity_ntu": "0.56", "coliform_quanti_tray_mpn_100ml": "<1", "e_coli_quanti_tray_mpn_100ml": "<1", "fluoride_mg_l": null }, "geometry": { "type": "Point", "coordinates": [ 1008141.0, 224609.0 ] } },
{ "type": "Feature", "properties": { "sample_station_(ss)_location_description": "SS - IFO 50-33 N/S Broadway, 2nd SS E/O 49th St, 12\"", "sample_date": "2025-09-30T00:00:00Z", "sample_class": "Compliance", "residual_free_chlorine_mg_l": "0.7", "turbidity_ntu": "0.59", "coliform_quanti_tray_mpn_100ml": "<1", "e_coli_quanti_tray_mpn_100ml": "<1", "fluoride_mg_l": null }, "geometry": { "type": "Point", "coordinates": [ 1009146.0, 214314.0 ] } },
{ "type": "Feature", "properties": { "sample_station_(ss)_location_description": "SS - IFO 21-55 N/S 34th Ave, 1st SS W/O 24th St, 12\"", "sample_date": "2025-09-28T00:00:00Z", "sample_class": "Compliance", "residual_free_chlorine_mg_l": "0.11", "turbidity_ntu": "0.51", "coliform_quanti_tray_mpn_100ml": "<1", "e_coli_quanti_tray_mpn_100ml": "<1", "fluoride_mg_l": null }, "geometry": { "type": "Point", "coordinates": [ 1002964.0, 216964.0 ] } },
{ "type": "Feature", "properties": { "sample_station_(ss)_location_description": "SS - IFO 223-03 N/S Manor Rd, 2nd SS W/O 229th St, 12\"", "sample_date": "2025-09-24T00:00:00Z", "sample_class": "Compliance", "residual_free_chlorine_mg_l": "0.21", "turbidity_ntu": "0.54", "coliform_quanti_tray_mpn_100ml": "<1", "e_coli_quanti_tray_mpn_100ml": "<1", "fluoride_mg_l": null }, "geometry": { "type": "Point", "coordinates": [ 1055329.0, 206333.0 ] } },
{ "type": "Feature", "properties": { "sample_station_(ss)_location_description": "SS - N/S 17th Ave, 1st SS E/O 201st St, 12\"", "sample_date": "2025-09-26T00:00:00Z", "sample_class": "Compliance", "residual_free_chlorine_mg_l": "0.07", "turbidity_ntu": "0.47", "coliform_quanti_tray_mpn_100ml": "<1", "e_coli_quanti_tray_mpn_100ml": "<1", "fluoride_mg_l": null }, "geometry": { "type": "Point", "coordinates": [ 1041759.0, 224449.0 ] } },
{ "type": "Feature", "properties": { "sample_station_(ss)_location_description": "SS - N/S Jewel Ave, BTW 172nd & 173rd Sts, 60\"", "sample_date": "2025-01-03T00:00:00Z", "sample_class": "Operational", "residual_free_chlorine_mg_l": "0.46", "turbidity_ntu": "0.83", "coliform_quanti_tray_mpn_100ml": "<1", "e_coli_quanti_tray_mpn_100ml": "<1", "fluoride_mg_l": null }, "geometry": { "type": "Point", "coordinates": [ 1040470.0, 205827.0 ] } },
{ "type": "Feature", "properties": { "sample_station_(ss)_location_description": "SS - IFO 67-02 W/S Parsons Blvd, 2nd SS N/O Jewel Ave, 12\"", "sample_date": "2025-09-21T00:00:00Z", "sample_class": "Compliance", "residual_free_chlorine_mg_l": "0.61", "turbidity_ntu": "0.57", "coliform_quanti_tray_mpn_100ml": "<1", "e_coli_quanti_tray_mpn_100ml": "<1", "fluoride_mg_l": null }, "geometry": { "type": "Point", "coordinates": [ 1036698.0, 206954.0 ] } },
{ "type": "Feature", "properties": { "sample_station_(ss)_location_description": "SS - W/S Selfridge St, 1st SS N/O Olcott St, 12\"", "sample_date": "2025-09-22T00:00:00Z", "sample_class": "Compliance", "residual_free_chlorine_mg_l": "0.49", "turbidity_ntu": "0.53", "coliform_quanti_tray_mpn_100ml": "<1", "e_coli_quanti_tray_mpn_100ml": "<1", "fluoride_mg_l": null }, "geometry": { "type": "Point", "coordinates": [ 1023963.0, 199221.0 ] } },
{ "type": "Feature", "properties": { "sample_station_(ss)_location_description": "SS - W/S Douglaston Pkwy, BTW 67th & 68th Aves, 48\"", "sample_date": "2024-12-10T00:00:00Z", "sample_class": "Operational", "residual_free_chlorine_mg_l": "0.73", "turbidity_ntu": "0.90", "coliform_quanti_tray_mpn_100ml": "<1", "e_coli_quanti_tray_mpn_100ml": "<1", "fluoride_mg_l": null }, "geometry": { "type": "Point", "coordinates": [ 1056313.0, 213038.0 ] } },
{ "type": "Feature", "properties": { "sample_station_(ss)_location_description": "SS - IFO 253-38 S/S 61st Ave, 1st SS W/O 255th St, 20\"", "sample_date": "2025-09-22T00:00:00Z", "sample_class": "Compliance", "residual_free_chlorine_mg_l": "0.52", "turbidity_ntu": "0.5", "coliform_quanti_tray_mpn_100ml": "<1", "e_coli_quanti_tray_mpn_100ml": "<1", "fluoride_mg_l": null }, "geometry": { "type": "Point", "coordinates": [ 1060423.0, 215516.0 ] } },
{ "type": "Feature", "properties": { "sample_station_(ss)_location_description": "SS - E/S Beach 58th St, 2nd SS N/O Beach Channel Dr, 12\"", "sample_date": "2025-09-28T00:00:00Z", "sample_class": "Compliance", "residual_free_chlorine_mg_l": "0.33", "turbidity_ntu": "0.56", "coliform_quanti_tray_mpn_100ml": "<1", "e_coli_quanti_tray_mpn_100ml": "<1", "fluoride_mg_l": null }, "geometry": { "type": "Point", "coordinates": [ 1043088.0, 156447.0 ] } },
{ "type": "Feature", "properties": { "sample_station_(ss)_location_description": "SS - IFO 107-02 W/S 109th St, 1st SS S/O 107th Ave, 12\"", "sample_date": "2025-09-22T00:00:00Z", "sample_class": "Compliance", "residual_free_chlorine_mg_l": "0.49", "turbidity_ntu": "0.55", "coliform_quanti_tray_mpn_100ml": "<1", "e_coli_quanti_tray_mpn_100ml": "<1", "fluoride_mg_l": null }, "geometry": { "type": "Point", "coordinates": [ 1030884.0, 187685.0 ] } },
{ "type": "Feature", "properties": { "sample_station_(ss)_location_description": "SS - E/S Cross Bay Blvd, BTW 156th Ave & Belt Pkwy, 48\"", "sample_date": "2025-01-15T00:00:00Z", "sample_class": "Operational", "residual_free_chlorine_mg_l": "0.66", "turbidity_ntu": "1.18", "coliform_quanti_tray_mpn_100ml": "<1", "e_coli_quanti_tray_mpn_100ml": "<1", "fluoride_mg_l": null }, "geometry": { "type": "Point", "coordinates": [ 1028340.0, 181542.0 ] } },
{ "type": "Feature", "properties": { "sample_station_(ss)_location_description": "SS - N/S 161st Ave, 2nd SS W/O 83rd St, 12\"", "sample_date": "2025-09-25T00:00:00Z", "sample_class": "Compliance", "residual_free_chlorine_mg_l": "0.51", "turbidity_ntu": "0.56", "coliform_quanti_tray_mpn_100ml": "<1", "e_coli_quanti_tray_mpn_100ml": "<1", "fluoride_mg_l": null }, "geometry": { "type": "Point", "coordinates": [ 1026111.0, 177745.0 ] } },
{ "type": "Feature", "properties": { "sample_station_(ss)_location_description": "SS - N/S Sutter Ave, 1st SS E/O 91st St,  IFO 91-01 Sutter Ave, 12\"", "sample_date": "2025-09-27T00:00:00Z", "sample_class": "Compliance", "residual_free_chlorine_mg_l": "0.44", "turbidity_ntu": "0.49", "coliform_quanti_tray_mpn_100ml": "<1", "e_coli_quanti_tray_mpn_100ml": "<1", "fluoride_mg_l": null }, "geometry": { "type": "Point", "coordinates": [ 1026984.0, 185810.0 ] } },
{ "type": "Feature", "properties": { "sample_station_(ss)_location_description": "SS - IFO 691 S/S Empire Ave, BTW Virginia St & Harris St, 12\" (branch from 48\" into regulator)", "sample_date": "2025-01-13T00:00:00Z", "sample_class": "Operational", "residual_free_chlorine_mg_l": "0.47", "turbidity_ntu": "0.99", "coliform_quanti_tray_mpn_100ml": "<1", "e_coli_quanti_tray_mpn_100ml": "<1", "fluoride_mg_l": null }, "geometry": { "type": "Point", "coordinates": [ 1055532.0, 160561.0 ] } },
{ "type": "Feature", "properties": { "sample_station_(ss)_location_description": "SS - IFO 20-23 S/S Seagirt Blvd, 2nd SS W/O Beach 20th St, 12\"", "sample_date": "2025-09-24T00:00:00Z", "sample_class": "Compliance", "residual_free_chlorine_mg_l": "0.12", "turbidity_ntu": "0.57", "coliform_quanti_tray_mpn_100ml": "<1", "e_coli_quanti_tray_mpn_100ml": "<1", "fluoride_mg_l": null }, "geometry": { "type": "Point", "coordinates": [ 1052304.0, 156146.0 ] } },
{ "type": "Feature", "properties": { "sample_station_(ss)_location_description": "SS - S/S Beach Channel Dr, 2nd SS E/O Beach 126th St, 12\"", "sample_date": "2025-09-16T00:00:00Z", "sample_class": "Compliance", "residual_free_chlorine_mg_l": "0.05", "turbidity_ntu": "1.33", "coliform_quanti_tray_mpn_100ml": "<1", "e_coli_quanti_tray_mpn_100ml": "<1", "fluoride_mg_l": null }, "geometry": { "type": "Point", "coordinates": [ 1026511.0, 151266.0 ] } },
{ "type": "Feature", "properties": { "sample_station_(ss)_location_description": "SS - S/S Astoria Blvd, 1st SS W/O 110th St, 12\"", "sample_date": "2025-09-29T00:00:00Z", "sample_class": "Compliance", "residual_free_chlorine_mg_l": "0.33", "turbidity_ntu": "0.49", "coliform_quanti_tray_mpn_100ml": "<1", "e_coli_quanti_tray_mpn_100ml": "<1", "fluoride_mg_l": null }, "geometry": { "type": "Point", "coordinates": [ 1022904.0, 216238.0 ] } },
{ "type": "Feature", "properties": { "sample_station_(ss)_location_description": "SS - IFO 150-03 N/S Northern Blvd, 1st SS E/O 150th St, 12\"", "sample_date": "2025-09-27T00:00:00Z", "sample_class": "Compliance", "residual_free_chlorine_mg_l": "0.79", "turbidity_ntu": "0.56", "coliform_quanti_tray_mpn_100ml": "<1", "e_coli_quanti_tray_mpn_100ml": "<1", "fluoride_mg_l": null }, "geometry": { "type": "Point", "coordinates": [ 1035671.0, 218150.0 ] } },
{ "type": "Feature", "properties": { "sample_station_(ss)_location_description": "SS - IFO 63-01 NW/S Eliot Ave, BTW 63rd & 64th Sts, 12\"", "sample_date": "2025-09-28T00:00:00Z", "sample_class": "Compliance", "residual_free_chlorine_mg_l": "0.53", "turbidity_ntu": "0.94", "coliform_quanti_tray_mpn_100ml": "<1", "e_coli_quanti_tray_mpn_100ml": "<1", "fluoride_mg_l": null }, "geometry": { "type": "Point", "coordinates": [ 1012186.0, 200020.0 ] } },
{ "type": "Feature", "properties": { "sample_station_(ss)_location_description": "SS - IFO 118-40 S/S Metropolitan Ave, 2nd SS E/O 118th St IFO 118-18", "sample_date": "2025-09-30T00:00:00Z", "sample_class": "Compliance", "residual_free_chlorine_mg_l": "0.6", "turbidity_ntu": "0.59", "coliform_quanti_tray_mpn_100ml": "<1", "e_coli_quanti_tray_mpn_100ml": "<1", "fluoride_mg_l": null }, "geometry": { "type": "Point", "coordinates": [ 1030452.0, 196724.0 ] } },
{ "type": "Feature", "properties": { "sample_station_(ss)_location_description": "SS - IFO 147-19 N/S 7th Ave, 2nd SS W/O 149th St, 12\"", "sample_date": "2025-09-16T00:00:00Z", "sample_class": "Compliance", "residual_free_chlorine_mg_l": "0.33", "turbidity_ntu": "0.56", "coliform_quanti_tray_mpn_100ml": "<1", "e_coli_quanti_tray_mpn_100ml": "<1", "fluoride_mg_l": null }, "geometry": { "type": "Point", "coordinates": [ 1033893.0, 228531.0 ] } },
{ "type": "Feature", "properties": { "sample_station_(ss)_location_description": "SS - IFO 20-10 W/S Cross Bay Blvd, BTW W 20th & W22nd Rd, 36\"", "sample_date": "2025-01-24T00:00:00Z", "sample_class": "Operational", "residual_free_chlorine_mg_l": "0.55", "turbidity_ntu": "0.93", "coliform_quanti_tray_mpn_100ml": "<1", "e_coli_quanti_tray_mpn_100ml": "<1", "fluoride_mg_l": null }, "geometry": { "type": "Point", "coordinates": [ 1033971.0, 157361.0 ] } },
{ "type": "Feature", "properties": { "sample_station_(ss)_location_description": "SS - E/S Beach 105th St, 2nd SS N/O Shore Front Pkwy, 12\"", "sample_date": "2025-09-24T00:00:00Z", "sample_class": "Compliance", "residual_free_chlorine_mg_l": "0.25", "turbidity_ntu": "0.61", "coliform_quanti_tray_mpn_100ml": "<1", "e_coli_quanti_tray_mpn_100ml": "<1", "fluoride_mg_l": null }, "geometry": { "type": "Point", "coordinates": [ 1032730.0, 151392.0 ] } },
{ "type": "Feature", "properties": { "sample_station_(ss)_location_description": "SS - N/S Rockaway Point Blvd, 2nd SS W/O Beach 199th St, 20\" (end of divided h'way)", "sample_date": "2025-09-16T00:00:00Z", "sample_class": "Compliance", "residual_free_chlorine_mg_l": "0.8", "turbidity_ntu": "0.48", "coliform_quanti_tray_mpn_100ml": "<1", "e_coli_quanti_tray_mpn_100ml": "<1", "fluoride_mg_l": null }, "geometry": { "type": "Point", "coordinates": [ 1009613.0, 143617.0 ] } },
{ "type": "Feature", "properties": { "sample_station_(ss)_location_description": "SS - IFO 80 - 29 E/S Little Neck Pkwy, 2nd SS N/O 81st Ave, 20\"", "sample_date": "2025-09-26T00:00:00Z", "sample_class": "Compliance", "residual_free_chlorine_mg_l": "0.07", "turbidity_ntu": "0.36", "coliform_quanti_tray_mpn_100ml": "<1", "e_coli_quanti_tray_mpn_100ml": "<1", "fluoride_mg_l": null }, "geometry": { "type": "Point", "coordinates": [ 1062706.0, 209940.0 ] } },
{ "type": "Feature", "properties": { "sample_station_(ss)_location_description": "SS - IFO 246-35 N/S Van Zandt Ave, 1st SS W/O 248th St, 12\"", "sample_date": "2025-09-24T00:00:00Z", "sample_class": "Compliance", "residual_free_chlorine_mg_l": "0.24", "turbidity_ntu": "0.46", "coliform_quanti_tray_mpn_100ml": "<1", "e_coli_quanti_tray_mpn_100ml": "<1", "fluoride_mg_l": null }, "geometry": { "type": "Point", "coordinates": [ 1057118.0, 217216.0 ] } },
{ "type": "Feature", "properties": { "sample_station_(ss)_location_description": "SS - W/S Rockaway Blvd, BTW S Conduit Ave & 157th St, 48\"", "sample_date": "2025-01-15T00:00:00Z", "sample_class": "Operational", "residual_free_chlorine_mg_l": "0.63", "turbidity_ntu": "0.88", "coliform_quanti_tray_mpn_100ml": "<1", "e_coli_quanti_tray_mpn_100ml": "<1", "fluoride_mg_l": null }, "geometry": { "type": "Point", "coordinates": [ 1045300.0, 182156.0 ] } },
{ "type": "Feature", "properties": { "sample_station_(ss)_location_description": "SS - IFO 160-05 N/S Cross Island Pkwy (service Rd), BTW 160th & 161st Sts, 20\"", "sample_date": "2025-01-02T00:00:00Z", "sample_class": "Operational", "residual_free_chlorine_mg_l": "0.43", "turbidity_ntu": "0.86", "coliform_quanti_tray_mpn_100ml": "<1", "e_coli_quanti_tray_mpn_100ml": "<1", "fluoride_mg_l": null }, "geometry": { "type": "Point", "coordinates": [ 1039015.0, 225892.0 ] } },
{ "type": "Feature", "properties": { "sample_station_(ss)_location_description": "SS - S/S Jewel Ave, BTW Main St & 141st Sts, 72\"", "sample_date": "2025-01-14T00:00:00Z", "sample_class": "Operational", "residual_free_chlorine_mg_l": "0.85", "turbidity_ntu": "0.96", "coliform_quanti_tray_mpn_100ml": "<1", "e_coli_quanti_tray_mpn_100ml": "<1", "fluoride_mg_l": null }, "geometry": { "type": "Point", "coordinates": [ 1033124.0, 205328.0 ] } },
{ "type": "Feature", "properties": { "sample_station_(ss)_location_description": "SS - N/S Hylan Blvd, 2nd SS W/O Edgewater St, 12\"", "sample_date": "2025-09-27T00:00:00Z", "sample_class": "Compliance", "residual_free_chlorine_mg_l": "0.12", "turbidity_ntu": "0.41", "coliform_quanti_tray_mpn_100ml": "<1", "e_coli_quanti_tray_mpn_100ml": "<1", "fluoride_mg_l": null }, "geometry": { "type": "Point", "coordinates": [ 966574.0, 163485.0 ] } },
{ "type": "Feature", "properties": { "sample_station_(ss)_location_description": "SS - IFO 93 N/S Austin Place, BTW Victory Blvd & Ward Ave, 84\"", "sample_date": "2025-09-30T00:00:00Z", "sample_class": "Operational", "residual_free_chlorine_mg_l": "0.72", "turbidity_ntu": "0.55", "coliform_quanti_tray_mpn_100ml": "<1", "e_coli_quanti_tray_mpn_100ml": "<1", "fluoride_mg_l": null }, "geometry": { "type": "Point", "coordinates": [ 960455.0, 169298.0 ] } },
{ "type": "Feature", "properties": { "sample_station_(ss)_location_description": "SS - IFO 937 N/S Victory Blvd, 2nd SS E/O Highland Ave, 20\"", "sample_date": "2025-09-28T00:00:00Z", "sample_class": "Compliance", "residual_free_chlorine_mg_l": "0.59", "turbidity_ntu": "0.55", "coliform_quanti_tray_mpn_100ml": "<1", "e_coli_quanti_tray_mpn_100ml": "<1", "fluoride_mg_l": null }, "geometry": { "type": "Point", "coordinates": [ 957294.0, 165843.0 ] } },
{ "type": "Feature", "properties": { "sample_station_(ss)_location_description": "SS - W/S Clove Rd, 1st S/O of Genesee St, SI, 72\" (formerly site 00023)", "sample_date": "2025-09-30T00:00:00Z", "sample_class": "Operational", "residual_free_chlorine_mg_l": "0.79", "turbidity_ntu": "0.64", "coliform_quanti_tray_mpn_100ml": "<1", "e_coli_quanti_tray_mpn_100ml": "<1", "fluoride_mg_l": null }, "geometry": { "type": "Point", "coordinates": [ 955759.0, 163383.0 ] } },
{ "type": "Feature", "properties": { "sample_station_(ss)_location_description": "SS - N/S Victory Blvd, BTW Pike St & W/O Westervelt Ave, IFO 199 Victory Blvd, 20\"", "sample_date": "2025-01-06T00:00:00Z", "sample_class": "Operational", "residual_free_chlorine_mg_l": "0.84", "turbidity_ntu": "0.85", "coliform_quanti_tray_mpn_100ml": "<1", "e_coli_quanti_tray_mpn_100ml": "<1", "fluoride_mg_l": null }, "geometry": { "type": "Point", "coordinates": [ 961300.0, 171090.0 ] } },
{ "type": "Feature", "properties": { "sample_station_(ss)_location_description": "SS - E/S York Ave, 1st SS N/O Pauw St, 8\"", "sample_date": "2025-09-21T00:00:00Z", "sample_class": "Compliance", "residual_free_chlorine_mg_l": "0.61", "turbidity_ntu": "0.62", "coliform_quanti_tray_mpn_100ml": "<1", "e_coli_quanti_tray_mpn_100ml": "<1", "fluoride_mg_l": null }, "geometry": { "type": "Point", "coordinates": [ 959871.0, 172693.0 ] } },
{ "type": "Feature", "properties": { "sample_station_(ss)_location_description": "SS - E/S Woodhull Ave, 1st SS S/O Albourne Ave, 8\"", "sample_date": "2025-09-29T00:00:00Z", "sample_class": "Compliance", "residual_free_chlorine_mg_l": "0.17", "turbidity_ntu": "0.43", "coliform_quanti_tray_mpn_100ml": "<1", "e_coli_quanti_tray_mpn_100ml": "<1", "fluoride_mg_l": null }, "geometry": { "type": "Point", "coordinates": [ 929606.0, 132752.0 ] } },
{ "type": "Feature", "properties": { "sample_station_(ss)_location_description": "SS - IFO 512 W/S Arlene St,1st SS N/O Dawson Ct, 12\"", "sample_date": "2025-09-29T00:00:00Z", "sample_class": "Compliance", "residual_free_chlorine_mg_l": "0.35", "turbidity_ntu": "0.54", "coliform_quanti_tray_mpn_100ml": "<1", "e_coli_quanti_tray_mpn_100ml": "<1", "fluoride_mg_l": null }, "geometry": { "type": "Point", "coordinates": [ 938156.0, 159775.0 ] } },
{ "type": "Feature", "properties": { "sample_station_(ss)_location_description": "SS - IFO 163 E/S Tysens La, 2nd SS N/O Coverly St, 12\"", "sample_date": "2025-09-23T00:00:00Z", "sample_class": "Compliance", "residual_free_chlorine_mg_l": "0.49", "turbidity_ntu": "0.51", "coliform_quanti_tray_mpn_100ml": "<1", "e_coli_quanti_tray_mpn_100ml": "<1", "fluoride_mg_l": null }, "geometry": { "type": "Point", "coordinates": [ 948843.0, 147129.0 ] } },
{ "type": "Feature", "properties": { "sample_station_(ss)_location_description": "SS - IFO 1759 NW/S Hylan Blvd, BTW Seaview & Liberty Aves, 48\"", "sample_date": "2025-01-24T00:00:00Z", "sample_class": "Operational", "residual_free_chlorine_mg_l": "0.69", "turbidity_ntu": "1.13", "coliform_quanti_tray_mpn_100ml": "<1", "e_coli_quanti_tray_mpn_100ml": "<1", "fluoride_mg_l": null }, "geometry": { "type": "Point", "coordinates": [ 958541.0, 152868.0 ] } },
{ "type": "Feature", "properties": { "sample_station_(ss)_location_description": "SS - IFO 650 S/S Tysens La, 2nd SS E/O Falcon Ave, 12\"", "sample_date": "2025-09-21T00:00:00Z", "sample_class": "Compliance", "residual_free_chlorine_mg_l": "0.36", "turbidity_ntu": "0.48", "coliform_quanti_tray_mpn_100ml": "<1", "e_coli_quanti_tray_mpn_100ml": "<1", "fluoride_mg_l": null }, "geometry": { "type": "Point", "coordinates": [ 952718.0, 144073.0 ] } },
{ "type": "Feature", "properties": { "sample_station_(ss)_location_description": "SS - N/S Clarke Ave, 2nd SS W/O Amber St, 8\"", "sample_date": "2025-09-26T00:00:00Z", "sample_class": "Compliance", "residual_free_chlorine_mg_l": "0.35", "turbidity_ntu": "0.55", "coliform_quanti_tray_mpn_100ml": "<1", "e_coli_quanti_tray_mpn_100ml": "<1", "fluoride_mg_l": null }, "geometry": { "type": "Point", "coordinates": [ 945963.0, 145822.0 ] } },
{ "type": "Feature", "properties": { "sample_station_(ss)_location_description": "SS - W/S Clove Rd, 1st SS S/O Tyler Ave (also 1st S/O Broadway), 12\"", "sample_date": "2025-09-22T00:00:00Z", "sample_class": "Compliance", "residual_free_chlorine_mg_l": "0.37", "turbidity_ntu": "0.5", "coliform_quanti_tray_mpn_100ml": "<1", "e_coli_quanti_tray_mpn_100ml": "<1", "fluoride_mg_l": null }, "geometry": { "type": "Point", "coordinates": [ 952915.0, 166107.0 ] } },
{ "type": "Feature", "properties": { "sample_station_(ss)_location_description": "SS - IFO 119 E/S Justin Ave, BTW Hooper & O'Gorman Aves, 12\"", "sample_date": "2025-09-24T00:00:00Z", "sample_class": "Compliance", "residual_free_chlorine_mg_l": "0.2", "turbidity_ntu": "0.48", "coliform_quanti_tray_mpn_100ml": "<1", "e_coli_quanti_tray_mpn_100ml": "<1", "fluoride_mg_l": null }, "geometry": { "type": "Point", "coordinates": [ 946956.0, 141680.0 ] } },
{ "type": "Feature", "properties": { "sample_station_(ss)_location_description": "SS - W/S Huguenot Ave, 1st SS S/O Sinclair Ave, 12\"", "sample_date": "2025-09-25T00:00:00Z", "sample_class": "Compliance", "residual_free_chlorine_mg_l": "0.06", "turbidity_ntu": "0.46", "coliform_quanti_tray_mpn_100ml": "<1", "e_coli_quanti_tray_mpn_100ml": "<1", "fluoride_mg_l": null }, "geometry": { "type": "Point", "coordinates": [ 929600.0, 136603.0 ] } },
{ "type": "Feature", "properties": { "sample_station_(ss)_location_description": "SS - IFO 67 N/S Hill St, 2nd SS W/O Tompkins Ave, 12\"", "sample_date": "2025-09-30T00:00:00Z", "sample_class": "Compliance", "residual_free_chlorine_mg_l": "0.18", "turbidity_ntu": "0.51", "coliform_quanti_tray_mpn_100ml": "<1", "e_coli_quanti_tray_mpn_100ml": "<1", "fluoride_mg_l": null }, "geometry": { "type": "Point", "coordinates": [ 961818.0, 165626.0 ] } },
{ "type": "Feature", "properties": { "sample_station_(ss)_location_description": "SS - N/S Vanderbilt Ave, BTW Bay St & Tompkins Ave, 66\"", "sample_date": "2017-05-04T00:00:00Z", "sample_class": "Operational", "residual_free_chlorine_mg_l": "0.16", "turbidity_ntu": "0.76", "coliform_quanti_tray_mpn_100ml": "<1", "e_coli_quanti_tray_mpn_100ml": "<1", "fluoride_mg_l": null }, "geometry": { "type": "Point", "coordinates": [ 963592.0, 165738.0 ] } },
{ "type": "Feature", "properties": { "sample_station_(ss)_location_description": "SS - N/S Sobel Ct, 1st SS E/O Bowen St, 12\"", "sample_date": "2025-09-26T00:00:00Z", "sample_class": "Compliance", "residual_free_chlorine_mg_l": "0.56", "turbidity_ntu": "0.5", "coliform_quanti_tray_mpn_100ml": "<1", "e_coli_quanti_tray_mpn_100ml": "<1", "fluoride_mg_l": null }, "geometry": { "type": "Point", "coordinates": [ 961126.0, 162906.0 ] } },
{ "type": "Feature", "properties": { "sample_station_(ss)_location_description": "SS - W/S Clove Rd, Corner of S/O Richmond Terrace, 24\"", "sample_date": "2025-01-09T00:00:00Z", "sample_class": "Operational", "residual_free_chlorine_mg_l": "0.55", "turbidity_ntu": "1.04", "coliform_quanti_tray_mpn_100ml": "<1", "e_coli_quanti_tray_mpn_100ml": "<1", "fluoride_mg_l": null }, "geometry": { "type": "Point", "coordinates": [ 949042.0, 171355.0 ] } },
{ "type": "Feature", "properties": { "sample_station_(ss)_location_description": "SS - IFO 218 W/S Nicholas Ave, 1st SS S/O Charles Ave, 12\"", "sample_date": "2025-09-28T00:00:00Z", "sample_class": "Compliance", "residual_free_chlorine_mg_l": "0.27", "turbidity_ntu": "0.48", "coliform_quanti_tray_mpn_100ml": "<1", "e_coli_quanti_tray_mpn_100ml": "<1", "fluoride_mg_l": null }, "geometry": { "type": "Point", "coordinates": [ 945148.0, 170575.0 ] } },
{ "type": "Feature", "properties": { "sample_station_(ss)_location_description": "SS - N/S Goethals Rd N, BTW Domain & Cooke Sts, 12\"", "sample_date": "2025-09-29T00:00:00Z", "sample_class": "Compliance", "residual_free_chlorine_mg_l": "0.6", "turbidity_ntu": "0.61", "coliform_quanti_tray_mpn_100ml": "<1", "e_coli_quanti_tray_mpn_100ml": "<1", "fluoride_mg_l": null }, "geometry": { "type": "Point", "coordinates": [ 940112.0, 164049.0 ] } },
{ "type": "Feature", "properties": { "sample_station_(ss)_location_description": "SS - OPP 133 W/S Giffords La, 1st SS N/O Dewey Ave, 12\"", "sample_date": "2025-09-27T00:00:00Z", "sample_class": "Compliance", "residual_free_chlorine_mg_l": "0.34", "turbidity_ntu": "0.43", "coliform_quanti_tray_mpn_100ml": "<1", "e_coli_quanti_tray_mpn_100ml": "<1", "fluoride_mg_l": null }, "geometry": { "type": "Point", "coordinates": [ 942056.0, 141349.0 ] } },
{ "type": "Feature", "properties": { "sample_station_(ss)_location_description": "SS - OPP 526 N/S Travis Ave, 1st SS E/O Merrymount St, 12\"", "sample_date": "2025-09-22T00:00:00Z", "sample_class": "Compliance", "residual_free_chlorine_mg_l": "0.64", "turbidity_ntu": "0.59", "coliform_quanti_tray_mpn_100ml": "<1", "e_coli_quanti_tray_mpn_100ml": "<1", "fluoride_mg_l": null }, "geometry": { "type": "Point", "coordinates": [ 940364.0, 154531.0 ] } },
{ "type": "Feature", "properties": { "sample_station_(ss)_location_description": "SS - IFO 43 N/S Dongan Hills Ave, 2nd SS N/O Jefferson St, 12\"", "sample_date": "2025-09-25T00:00:00Z", "sample_class": "Compliance", "residual_free_chlorine_mg_l": "0.41", "turbidity_ntu": "0.59", "coliform_quanti_tray_mpn_100ml": "<1", "e_coli_quanti_tray_mpn_100ml": "<1", "fluoride_mg_l": null }, "geometry": { "type": "Point", "coordinates": [ 956309.0, 153545.0 ] } },
{ "type": "Feature", "properties": { "sample_station_(ss)_location_description": "SS - E/S Targee St, S/O Baltic Ave, IFO 935 Targee St, 48\"", "sample_date": "2025-01-03T00:00:00Z", "sample_class": "Operational", "residual_free_chlorine_mg_l": "0.75", "turbidity_ntu": "0.92", "coliform_quanti_tray_mpn_100ml": "<1", "e_coli_quanti_tray_mpn_100ml": "<1", "fluoride_mg_l": null }, "geometry": { "type": "Point", "coordinates": [ 959018.0, 160070.0 ] } },
{ "type": "Feature", "properties": { "sample_station_(ss)_location_description": "SS - IFO 130 W/S Lamport Blvd, 2nd SS S/O Kramer St, 8\"", "sample_date": "2025-09-16T00:00:00Z", "sample_class": "Compliance", "residual_free_chlorine_mg_l": "0.45", "turbidity_ntu": "0.49", "coliform_quanti_tray_mpn_100ml": "<1", "e_coli_quanti_tray_mpn_100ml": "<1", "fluoride_mg_l": null }, "geometry": { "type": "Point", "coordinates": [ 962638.0, 156213.0 ] } },
{ "type": "Feature", "properties": { "sample_station_(ss)_location_description": "SS - W/S Seguine Ave, 1st SS S/O Kingsland St, 12\"", "sample_date": "2025-09-30T00:00:00Z", "sample_class": "Compliance", "residual_free_chlorine_mg_l": "0.07", "turbidity_ntu": "0.43", "coliform_quanti_tray_mpn_100ml": "<1", "e_coli_quanti_tray_mpn_100ml": "<1", "fluoride_mg_l": null }, "geometry": { "type": "Point", "coordinates": [ 929492.0, 127613.0 ] } },
{ "type": "Feature", "properties": { "sample_station_(ss)_location_description": "SS - N/S Hylan Blvd, opposite Holten Ave, 24\"", "sample_date": "2025-01-10T00:00:00Z", "sample_class": "Operational", "residual_free_chlorine_mg_l": "0.57", "turbidity_ntu": "0.8", "coliform_quanti_tray_mpn_100ml": "<1", "e_coli_quanti_tray_mpn_100ml": "<1", "fluoride_mg_l": null }, "geometry": { "type": "Point", "coordinates": [ 930020.0, 128865.0 ] } },
{ "type": "Feature", "properties": { "sample_station_(ss)_location_description": "SS - IFO 855 E/S Bloomingdale Rd, BTW Wirt & Candon Aves, 20\"", "sample_date": "2025-01-13T00:00:00Z", "sample_class": "Operational", "residual_free_chlorine_mg_l": "0.18", "turbidity_ntu": "0.68", "coliform_quanti_tray_mpn_100ml": "<1", "e_coli_quanti_tray_mpn_100ml": "<1", "fluoride_mg_l": null }, "geometry": { "type": "Point", "coordinates": [ 923133.0, 138620.0 ] } },
{ "type": "Feature", "properties": { "sample_station_(ss)_location_description": "SS - E/S Richmond Ave, 1st SS S/O Vedder Ave, 20\"", "sample_date": "2025-01-14T00:00:00Z", "sample_class": "Operational", "residual_free_chlorine_mg_l": "0.72", "turbidity_ntu": "0.93", "coliform_quanti_tray_mpn_100ml": "<1", "e_coli_quanti_tray_mpn_100ml": "<1", "fluoride_mg_l": null }, "geometry": { "type": "Point", "coordinates": [ 942510.0, 165902.0 ] } },
{ "type": "Feature", "properties": { "sample_station_(ss)_location_description": "SS - IFO 328 S/S Henderson Ave, BTW Westbury & Brentwood Aves, 20\"", "sample_date": "2025-01-02T00:00:00Z", "sample_class": "Operational", "residual_free_chlorine_mg_l": "0.42", "turbidity_ntu": "0.89", "coliform_quanti_tray_mpn_100ml": "<1", "e_coli_quanti_tray_mpn_100ml": "<1", "fluoride_mg_l": null }, "geometry": { "type": "Point", "coordinates": [ 955493.0, 172174.0 ] } },
{ "type": "Feature", "properties": { "sample_station_(ss)_location_description": "SS - W/S Richmond Ave, BTW Genesee & Scranton Aves, 48\"", "sample_date": "2025-01-08T00:00:00Z", "sample_class": "Operational", "residual_free_chlorine_mg_l": "0.39", "turbidity_ntu": "0.72", "coliform_quanti_tray_mpn_100ml": "<1", "e_coli_quanti_tray_mpn_100ml": "<1", "fluoride_mg_l": null }, "geometry": { "type": "Point", "coordinates": [ 937502.0, 140778.0 ] } },
{ "type": "Feature", "properties": { "sample_station_(ss)_location_description": "SS - IFO 264 W/S Lockman Ave, 2nd SS S/O Brabant St, 12\"", "sample_date": "2025-09-24T00:00:00Z", "sample_class": "Compliance", "residual_free_chlorine_mg_l": "0.53", "turbidity_ntu": "0.52", "coliform_quanti_tray_mpn_100ml": "<1", "e_coli_quanti_tray_mpn_100ml": "<1", "fluoride_mg_l": null }, "geometry": { "type": "Point", "coordinates": [ 939334.0, 169106.0 ] } },
{ "type": "Feature", "properties": { "sample_station_(ss)_location_description": "SS - IFO 3262 W/S Richmond Ave, 1st SS N/O Gurley Ave, 12\"", "sample_date": "2025-09-22T00:00:00Z", "sample_class": "Compliance", "residual_free_chlorine_mg_l": "0.5", "turbidity_ntu": "0.57", "coliform_quanti_tray_mpn_100ml": "<1", "e_coli_quanti_tray_mpn_100ml": "<1", "fluoride_mg_l": null }, "geometry": { "type": "Point", "coordinates": [ 937093.0, 143243.0 ] } },
{ "type": "Feature", "properties": { "sample_station_(ss)_location_description": "SS - IFO 578 E/S Drumgoole Rd East, 2nd SS N/O Arden Ave, 12\"", "sample_date": "2025-09-16T00:00:00Z", "sample_class": "Compliance", "residual_free_chlorine_mg_l": "0.28", "turbidity_ntu": "0.67", "coliform_quanti_tray_mpn_100ml": "<1", "e_coli_quanti_tray_mpn_100ml": "<1", "fluoride_mg_l": null }, "geometry": { "type": "Point", "coordinates": [ 934244.0, 138616.0 ] } },
{ "type": "Feature", "properties": { "sample_station_(ss)_location_description": "SS - IFO 4299 NW/S Hylan Blvd, BTW W\"ester & Thornycroft Aves, 48\"", "sample_date": "2025-01-02T00:00:00Z", "sample_class": "Operational", "residual_free_chlorine_mg_l": "0.55", "turbidity_ntu": "0.85", "coliform_quanti_tray_mpn_100ml": "<1", "e_coli_quanti_tray_mpn_100ml": "<1", "fluoride_mg_l": null }, "geometry": { "type": "Point", "coordinates": [ 941916.0, 134558.0 ] } },
{ "type": "Feature", "properties": { "sample_station_(ss)_location_description": "SS - IFO 139 NE/S W\"ester Ave, 2nd SS N/O Hylan Blvd, 8\"", "sample_date": "2025-09-23T00:00:00Z", "sample_class": "Compliance", "residual_free_chlorine_mg_l": "0.6", "turbidity_ntu": "0.45", "coliform_quanti_tray_mpn_100ml": "<1", "e_coli_quanti_tray_mpn_100ml": "<1", "fluoride_mg_l": null }, "geometry": { "type": "Point", "coordinates": [ 941317.0, 134810.0 ] } },
{ "type": "Feature", "properties": { "sample_station_(ss)_location_description": "SS - IFO 408 W/S Woodrow Rd, BTW Arden Ave & Almond St, 20\"", "sample_date": "2025-01-24T00:00:00Z", "sample_class": "Operational", "residual_free_chlorine_mg_l": "0.48", "turbidity_ntu": "0.78", "coliform_quanti_tray_mpn_100ml": "<1", "e_coli_quanti_tray_mpn_100ml": "<1", "fluoride_mg_l": null }, "geometry": { "type": "Point", "coordinates": [ 932029.0, 139673.0 ] } },
{ "type": "Feature", "properties": { "sample_station_(ss)_location_description": "SS - N/S Hylan Blvd, 1st SS E/O Page Ave, 20\"", "sample_date": "2025-01-15T00:00:00Z", "sample_class": "Operational", "residual_free_chlorine_mg_l": "0.67", "turbidity_ntu": "1", "coliform_quanti_tray_mpn_100ml": "<1", "e_coli_quanti_tray_mpn_100ml": "<1", "fluoride_mg_l": null }, "geometry": { "type": "Point", "coordinates": [ 920455.0, 124432.0 ] } },
{ "type": "Feature", "properties": { "sample_station_(ss)_location_description": "SS - IFO 510 W/S Main St, 2nd SS S/O Hylan Blvd, 12\"", "sample_date": "2025-09-28T00:00:00Z", "sample_class": "Compliance", "residual_free_chlorine_mg_l": "0.23", "turbidity_ntu": "0.46", "coliform_quanti_tray_mpn_100ml": "<1", "e_coli_quanti_tray_mpn_100ml": "<1", "fluoride_mg_l": null }, "geometry": { "type": "Point", "coordinates": [ 916207.0, 122378.0 ] } },
{ "type": "Feature", "properties": { "sample_station_(ss)_location_description": "SS - IFO 255 N/S Westwood Ave, 1st SS W/O Franklin Pl, 12\"", "sample_date": "2025-09-27T00:00:00Z", "sample_class": "Compliance", "residual_free_chlorine_mg_l": "0.61", "turbidity_ntu": "0.57", "coliform_quanti_tray_mpn_100ml": "<1", "e_coli_quanti_tray_mpn_100ml": "<1", "fluoride_mg_l": null }, "geometry": { "type": "Point", "coordinates": [ 951160.0, 160296.0 ] } },
{ "type": "Feature", "properties": { "sample_station_(ss)_location_description": "SS - IFO 1085-15 N/S Castleton Ave, 2nd SS W/O Broadway, 12\"", "sample_date": "2025-09-30T00:00:00Z", "sample_class": "Compliance", "residual_free_chlorine_mg_l": "0.74", "turbidity_ntu": "0.6", "coliform_quanti_tray_mpn_100ml": "<1", "e_coli_quanti_tray_mpn_100ml": "<1", "fluoride_mg_l": null }, "geometry": { "type": "Point", "coordinates": [ 951286.0, 170459.0 ] } },
{ "type": "Feature", "properties": { "sample_station_(ss)_location_description": "SS - IFO 989 N/S Forest Ave, 2nd SS W/O Clove Rd, 12\"", "sample_date": "2025-09-16T00:00:00Z", "sample_class": "Compliance", "residual_free_chlorine_mg_l": "0.83", "turbidity_ntu": "0.57", "coliform_quanti_tray_mpn_100ml": "<1", "e_coli_quanti_tray_mpn_100ml": "<1", "fluoride_mg_l": null }, "geometry": { "type": "Point", "coordinates": [ 950229.0, 167908.0 ] } },
{ "type": "Feature", "properties": { "sample_station_(ss)_location_description": "SS - N/S Victory Blvd, 1st SS E/O Royal Oak Rd, 16\"", "sample_date": "2025-01-03T00:00:00Z", "sample_class": "Operational", "residual_free_chlorine_mg_l": "0.8", "turbidity_ntu": "1.04", "coliform_quanti_tray_mpn_100ml": "<1", "e_coli_quanti_tray_mpn_100ml": "<1", "fluoride_mg_l": null }, "geometry": { "type": "Point", "coordinates": [ 952850.0, 162957.0 ] } },
{ "type": "Feature", "properties": { "sample_station_(ss)_location_description": "SS - IFO 1824 S/S Victory Blvd, BTW Raymond Ave & Lester St, 12\"", "sample_date": "2025-09-23T00:00:00Z", "sample_class": "Compliance", "residual_free_chlorine_mg_l": "0.75", "turbidity_ntu": "0.51", "coliform_quanti_tray_mpn_100ml": "<1", "e_coli_quanti_tray_mpn_100ml": "<1", "fluoride_mg_l": null }, "geometry": { "type": "Point", "coordinates": [ 949781.0, 162605.0 ] } },
{ "type": "Feature", "properties": { "sample_station_(ss)_location_description": "SS - IFO 160-20 S/S 85th Ave, BTW 160th & 161st Sts", "sample_date": "2025-09-24T00:00:00Z", "sample_class": "Compliance", "residual_free_chlorine_mg_l": "0.59", "turbidity_ntu": "0.49", "coliform_quanti_tray_mpn_100ml": "<1", "e_coli_quanti_tray_mpn_100ml": "<1", "fluoride_mg_l": null }, "geometry": { "type": "Point", "coordinates": [ 1038620.0, 198864.0 ] } },
{ "type": "Feature", "properties": { "sample_station_(ss)_location_description": "SS - N/S Hillside Ave & BTW 213 Pl & 214 St, 16\"", "sample_date": "2024-02-08T00:00:00Z", "sample_class": "Operational", "residual_free_chlorine_mg_l": "0.2", "turbidity_ntu": "0.78", "coliform_quanti_tray_mpn_100ml": "<1", "e_coli_quanti_tray_mpn_100ml": "<1", "fluoride_mg_l": null }, "geometry": { "type": "Point", "coordinates": [ 1052705.0, 203691.0 ] } },
{ "type": "Feature", "properties": { "sample_station_(ss)_location_description": "SS - OPP 139-50 N/S 85th Dr, 2nd SS E/O 139th St", "sample_date": "2025-09-29T00:00:00Z", "sample_class": "Compliance", "residual_free_chlorine_mg_l": "0.71", "turbidity_ntu": "0.51", "coliform_quanti_tray_mpn_100ml": "<1", "e_coli_quanti_tray_mpn_100ml": "<1", "fluoride_mg_l": null }, "geometry": { "type": "Point", "coordinates": [ 1035350.0, 197598.0 ] } },
{ "type": "Feature", "properties": { "sample_station_(ss)_location_description": "SS - N/S Baisley Blvd, W/O Smith St", "sample_date": "2023-08-01T00:00:00Z", "sample_class": "Compliance", "residual_free_chlorine_mg_l": "0.06", "turbidity_ntu": "0.53", "coliform_quanti_tray_mpn_100ml": "<1", "e_coli_quanti_tray_mpn_100ml": "<1", "fluoride_mg_l": null }, "geometry": { "type": "Point", "coordinates": [ 1045511.0, 186628.0 ] } },
{ "type": "Feature", "properties": { "sample_station_(ss)_location_description": "SS - IFO 87-60 W/S Chevy Chase St, 2nd S/O Henley Rd", "sample_date": "2023-08-16T00:00:00Z", "sample_class": "Compliance", "residual_free_chlorine_mg_l": "0.06", "turbidity_ntu": "0.63", "coliform_quanti_tray_mpn_100ml": "<1", "e_coli_quanti_tray_mpn_100ml": "<1", "fluoride_mg_l": null }, "geometry": { "type": "Point", "coordinates": [ 1046472.0, 200528.0 ] } },
{ "type": "Feature", "properties": { "sample_station_(ss)_location_description": "SS - IFO 160-10 S/S 89th Ave, 2nd E/O Parsons Blvd", "sample_date": "2025-09-22T00:00:00Z", "sample_class": "Compliance", "residual_free_chlorine_mg_l": "0.42", "turbidity_ntu": "0.5", "coliform_quanti_tray_mpn_100ml": "<1", "e_coli_quanti_tray_mpn_100ml": "<1", "fluoride_mg_l": null }, "geometry": { "type": "Point", "coordinates": [ 1039534.0, 196579.0 ] } },
{ "type": "Feature", "properties": { "sample_station_(ss)_location_description": "SS - IFO 111-46 W/S Farmers Blvd, 1st SS N/O Keeseville Ave", "sample_date": "2023-07-30T00:00:00Z", "sample_class": "Compliance", "residual_free_chlorine_mg_l": "0.26", "turbidity_ntu": "0.66", "coliform_quanti_tray_mpn_100ml": "<1", "e_coli_quanti_tray_mpn_100ml": "<1", "fluoride_mg_l": null }, "geometry": { "type": "Point", "coordinates": [ 1049525.0, 194731.0 ] } },
{ "type": "Feature", "properties": { "sample_station_(ss)_location_description": "SS - IFO 90-20 W/S Francis Lewis Blvd, 1st SS S/O 90th Ave", "sample_date": "2025-09-26T00:00:00Z", "sample_class": "Compliance", "residual_free_chlorine_mg_l": "0.61", "turbidity_ntu": "0.76", "coliform_quanti_tray_mpn_100ml": "<1", "e_coli_quanti_tray_mpn_100ml": "<1", "fluoride_mg_l": null }, "geometry": { "type": "Point", "coordinates": [ 1051654.0, 200734.0 ] } },
{ "type": "Feature", "properties": { "sample_station_(ss)_location_description": "SS - IFO 93-40 E/S 217th St, S/O 94th Ave (IFO - Queens Village Library)", "sample_date": "2023-07-26T00:00:00Z", "sample_class": "Compliance", "residual_free_chlorine_mg_l": "0.32", "turbidity_ntu": "1.18", "coliform_quanti_tray_mpn_100ml": "<1", "e_coli_quanti_tray_mpn_100ml": "<1", "fluoride_mg_l": null }, "geometry": { "type": "Point", "coordinates": [ 1056499.0, 201702.0 ] } },
{ "type": "Feature", "properties": { "sample_station_(ss)_location_description": "SS - N/S Linden Blvd, 1st SS W/O 230th St", "sample_date": "2025-09-26T00:00:00Z", "sample_class": "Compliance", "residual_free_chlorine_mg_l": "0.05", "turbidity_ntu": "0.4", "coliform_quanti_tray_mpn_100ml": "<1", "e_coli_quanti_tray_mpn_100ml": "<1", "fluoride_mg_l": null }, "geometry": { "type": "Point", "coordinates": [ 1058674.0, 191704.0 ] } },
{ "type": "Feature", "properties": { "sample_station_(ss)_location_description": "SS - S/S Merrick Blvd, BTW 222nd St & 223rd St, IFO 222-18 Merrick Blvd", "sample_date": "2025-09-25T00:00:00Z", "sample_class": "Compliance", "residual_free_chlorine_mg_l": "0.3", "turbidity_ntu": "0.52", "coliform_quanti_tray_mpn_100ml": "<1", "e_coli_quanti_tray_mpn_100ml": "<1", "fluoride_mg_l": null }, "geometry": { "type": "Point", "coordinates": [ 1054559.0, 186410.0 ] } },
{ "type": "Feature", "properties": { "sample_station_(ss)_location_description": "SS - IFO E/S 222nd St, 2nd S/O 91st Rd", "sample_date": "2025-09-27T00:00:00Z", "sample_class": "Compliance", "residual_free_chlorine_mg_l": "0.07", "turbidity_ntu": "0.44", "coliform_quanti_tray_mpn_100ml": "<1", "e_coli_quanti_tray_mpn_100ml": "<1", "fluoride_mg_l": null }, "geometry": { "type": "Point", "coordinates": [ 1057716.0, 204264.0 ] } },
{ "type": "Feature", "properties": { "sample_station_(ss)_location_description": "SS - OPP 110-52 E/S 207th St, 1st N/O 111th Ave", "sample_date": "2025-09-28T00:00:00Z", "sample_class": "Compliance", "residual_free_chlorine_mg_l": "0.29", "turbidity_ntu": "0.54", "coliform_quanti_tray_mpn_100ml": "<1", "e_coli_quanti_tray_mpn_100ml": "<1", "fluoride_mg_l": null }, "geometry": { "type": "Point", "coordinates": [ 1053711.0, 196581.0 ] } },
{ "type": "Feature", "properties": { "sample_station_(ss)_location_description": "SS - OPP 120-11 W/S 237th St, 1st SS S/O 120th Ave", "sample_date": "2025-09-16T00:00:00Z", "sample_class": "Compliance", "residual_free_chlorine_mg_l": "0.06", "turbidity_ntu": "0.43", "coliform_quanti_tray_mpn_100ml": "<1", "e_coli_quanti_tray_mpn_100ml": "<1", "fluoride_mg_l": null }, "geometry": { "type": "Point", "coordinates": [ 1059645.0, 189067.0 ] } },
{ "type": "Feature", "properties": { "sample_station_(ss)_location_description": "SS - N/S 90th Ave, BTW 179th & 180th Sts", "sample_date": "2023-07-31T00:00:00Z", "sample_class": "Compliance", "residual_free_chlorine_mg_l": "0.16", "turbidity_ntu": "0.58", "coliform_quanti_tray_mpn_100ml": "<1", "e_coli_quanti_tray_mpn_100ml": "<1", "fluoride_mg_l": null }, "geometry": { "type": "Point", "coordinates": [ 1044675.0, 198391.0 ] } },
{ "type": "Feature", "properties": { "sample_station_(ss)_location_description": "SS - OPP 110-38 E/S Springfield Blvd, 1st S/O 110th Rd", "sample_date": "2025-09-21T00:00:00Z", "sample_class": "Compliance", "residual_free_chlorine_mg_l": "0.18", "turbidity_ntu": "0.58", "coliform_quanti_tray_mpn_100ml": "<1", "e_coli_quanti_tray_mpn_100ml": "<1", "fluoride_mg_l": null }, "geometry": { "type": "Point", "coordinates": [ 1056660.0, 197103.0 ] } },
{ "type": "Feature", "properties": { "sample_station_(ss)_location_description": "SS - IFO 85-31 E/S 120th St, 2nd SS N/O Hillside Ave", "sample_date": "2025-09-24T00:00:00Z", "sample_class": "Compliance", "residual_free_chlorine_mg_l": "0.55", "turbidity_ntu": "0.52", "coliform_quanti_tray_mpn_100ml": "<1", "e_coli_quanti_tray_mpn_100ml": "<1", "fluoride_mg_l": null }, "geometry": { "type": "Point", "coordinates": [ 1031161.0, 195158.0 ] } },
{ "type": "Feature", "properties": { "sample_station_(ss)_location_description": "SS - N/S Hillside Ave, BTW 189th & 190th Sts", "sample_date": "2023-08-23T00:00:00Z", "sample_class": "Compliance", "residual_free_chlorine_mg_l": "0.06", "turbidity_ntu": "0.72", "coliform_quanti_tray_mpn_100ml": "<1", "e_coli_quanti_tray_mpn_100ml": "<1", "fluoride_mg_l": null }, "geometry": { "type": "Point", "coordinates": [ 1047324.0, 200078.0 ] } },
{ "type": "Feature", "properties": { "sample_station_(ss)_location_description": "SS - IFO 88-18 W/S Hollis Court Blvd, 2nd SS S/O Hillside Ave", "sample_date": "2025-09-23T00:00:00Z", "sample_class": "Compliance", "residual_free_chlorine_mg_l": "0.42", "turbidity_ntu": "0.46", "coliform_quanti_tray_mpn_100ml": "<1", "e_coli_quanti_tray_mpn_100ml": "<1", "fluoride_mg_l": null }, "geometry": { "type": "Point", "coordinates": [ 1052428.0, 202866.0 ] } },
{ "type": "Feature", "properties": { "sample_station_(ss)_location_description": "SS - W/S Springfield Blvd, 2nd SS S/O 116th Ave", "sample_date": "2025-09-29T00:00:00Z", "sample_class": "Compliance", "residual_free_chlorine_mg_l": "0.26", "turbidity_ntu": "0.6", "coliform_quanti_tray_mpn_100ml": "<1", "e_coli_quanti_tray_mpn_100ml": "<1", "fluoride_mg_l": null }, "geometry": { "type": "Point", "coordinates": [ 1055425.0, 193468.0 ] } },
{ "type": "Feature", "properties": { "sample_station_(ss)_location_description": "SS -N/S Linden Blvd, 1st SS E/O 191st St (IFO Queens Library)", "sample_date": "2023-07-31T00:00:00Z", "sample_class": "Compliance", "residual_free_chlorine_mg_l": "0.07", "turbidity_ntu": "0.59", "coliform_quanti_tray_mpn_100ml": "<1", "e_coli_quanti_tray_mpn_100ml": "<1", "fluoride_mg_l": null }, "geometry": { "type": "Point", "coordinates": [ 1050830.0, 191629.0 ] } },
{ "type": "Feature", "properties": { "sample_station_(ss)_location_description": "SS - OPP 109-36 E/S 160th St, 2nd SS N/O 110th Ave", "sample_date": "2025-09-30T00:00:00Z", "sample_class": "Compliance", "residual_free_chlorine_mg_l": "0.38", "turbidity_ntu": "0.56", "coliform_quanti_tray_mpn_100ml": "<1", "e_coli_quanti_tray_mpn_100ml": "<1", "fluoride_mg_l": null }, "geometry": { "type": "Point", "coordinates": [ 1042080.0, 191964.0 ] } },
{ "type": "Feature", "properties": { "sample_station_(ss)_location_description": "SS - S/S South Conduit Ave, 1st SS E/O 221st St", "sample_date": "2025-09-22T00:00:00Z", "sample_class": "Compliance", "residual_free_chlorine_mg_l": "0.27", "turbidity_ntu": "0.59", "coliform_quanti_tray_mpn_100ml": "<1", "e_coli_quanti_tray_mpn_100ml": "<1", "fluoride_mg_l": null }, "geometry": { "type": "Point", "coordinates": [ 1051749.0, 181801.0 ] } },
{ "type": "Feature", "properties": { "sample_station_(ss)_location_description": "SS - IFO 127-11 E/S Farmers Blvd (Keyspan), 2nd SS N/O Merrick Blvd", "sample_date": "2023-08-23T00:00:00Z", "sample_class": "Compliance", "residual_free_chlorine_mg_l": "0.14", "turbidity_ntu": "0.71", "coliform_quanti_tray_mpn_100ml": "<1", "e_coli_quanti_tray_mpn_100ml": "<1", "fluoride_mg_l": null }, "geometry": { "type": "Point", "coordinates": [ 1050498.0, 187418.0 ] } },
{ "type": "Feature", "properties": { "sample_station_(ss)_location_description": "SS - OPP 127-18 N/S Foch Blvd, 1st SS W/O 128th St", "sample_date": "2025-09-28T00:00:00Z", "sample_class": "Compliance", "residual_free_chlorine_mg_l": "0.39", "turbidity_ntu": "0.53", "coliform_quanti_tray_mpn_100ml": "<1", "e_coli_quanti_tray_mpn_100ml": "<1", "fluoride_mg_l": null }, "geometry": { "type": "Point", "coordinates": [ 1036997.0, 185580.0 ] } },
{ "type": "Feature", "properties": { "sample_station_(ss)_location_description": "SS - OPP 109-11 W/S 127th St, 2nd SS S/O 109th Ave", "sample_date": "2025-09-16T00:00:00Z", "sample_class": "Compliance", "residual_free_chlorine_mg_l": "0.54", "turbidity_ntu": "0.54", "coliform_quanti_tray_mpn_100ml": "<1", "e_coli_quanti_tray_mpn_100ml": "<1", "fluoride_mg_l": null }, "geometry": { "type": "Point", "coordinates": [ 1035573.0, 188405.0 ] } }
]
}
